0 2.15385e-16 -5.84156e-07 -0.00010076 -0.00135176 -0.000118515 0.216424 0.0640407
0 2.15385e-16 0.0010034 0.00011534 0.000597212 0.000158711 0.216243 0.0634268
0 2.15385e-16 0.00151671 0.000272532 -0.000524868 -0.000129394 0.217439 0.0630791
0 2.15385e-16 -0.0025254 -0.000479123 -5.49777e-05 -7.24243e-05 0.216644 0.0628638
0 2.15385e-16 0.00258564 0.000389545 -0.00183297 -0.000213241 0.217047 0.0641512
0 2.15385e-16 -0.00238198 -0.000444063 0.0034488 0.000572116 0.217508 0.0628604
0 2.15385e-16 0.000262082 1.71974e-06 -0.000251899 8.3689e-05 0.216784 0.0635779
0 2.15385e-16 0.00256874 0.000419731 -0.00053256 -8.96821e-05 0.216743 0.0632459
0 2.15385e-16 -0.00210282 -0.000359892 0.00254043 0.000449987 0.21778 0.0628435
0 2.15385e-16 -0.000695208 -3.36319e-05 0.00309428 0.000473602 0.215761 0.0642278
0 2.15385e-16 0.00134945 0.00010717 -0.000326713 -0.000138857 0.217172 0.0633785
0 2.15385e-16 -0.00307923 -0.000618338 0.00280824 0.000612246 0.217429 0.0635091
0 2.15385e-16 -0.00120476 -0.000234629 0.00031631 0.00012579 0.217702 0.0632181
0 2.15385e-16 -0.000317476 8.37522e-05 -0.00026721 -8.18041e-05 0.215811 0.0634108
0 2.15385e-16 -0.000156086 -4.95979e-05 -0.000656265 -3.72496e-05 0.216687 0.0633014
0 2.15385e-16 -0.00060599 -7.50275e-05 -0.00102365 -0.000172731 0.217461 0.063854
0 2.15385e-16 0.0022333 0.000299724 0.00231527 0.000363785 0.218502 0.0635965
0 2.15385e-16 0.000606608 0.000206371 0.00121163 0.000183666 0.215608 0.0633931
0 2.15385e-16 0.00203265 0.00029496 0.000492826 0.000119118 0.216959 0.0640476
0 2.15385e-16 -0.000415056 -0.000121841 0.00302998 0.000491207 0.217228 0.0629564
0 2.15385e-16 -0.000460983 -8.77582e-06 -0.000809609 -6.16718e-05 0.217196 0.0638276
0 2.15385e-16 -0.00192214 -0.000310692 4.19609e-05 -5.00459e-05 0.21807 0.063272
0 2.15385e-16 0.000465449 1.98443e-05 0.00272199 0.000435854 0.217503 0.0642338
0 2.15385e-16 -0.00177068 -0.000282567 0.00318856 0.000660553 0.217215 0.0635338
0 2.15385e-16 0.000763893 3.18572e-05 -0.00142513 -0.000242762 0.21722 0.0636136
0 2.15385e-16 -0.000532073 -8.29326e-05 -0.000462818 2.84487e-05 0.217779 0.0626357
0 2.15385e-16 -0.00121538 -0.000234998 -0.00122749 -0.00010503 0.218127 0.0629903
0 2.15385e-16 -0.000532351 -0.000132559 -0.00406344 -0.000654824 0.21809 0.0640543
0 2.15385e-16 0.000331468 2.92541e-05 0.000723288 6.84434e-06 0.216793 0.0632108
0 2.15385e-16 0.0022381 0.000398095 -0.00521377 -0.000821791 0.21817 0.0635662
0 2.15385e-16 0.000268589 3.21463e-05 -0.000215095 5.32447e-05 0.217042 0.0634217
0 2.15385e-16 0.00173672 0.000293523 -0.00251393 -0.000400344 0.21627 0.063093
0 2.15385e-16 -0.00241562 -0.000432011 0.00101536 0.000142145 0.217831 0.0632012
0 2.15385e-16 -0.00297633 -0.000573437 0.0027108 0.00030973 0.216972 0.0629211
0 2.15385e-16 -0.0015388 -0.000377224 0.000611205 0.000123512 0.216785 0.063022
0 2.15385e-16 -0.000937773 -1.04499e-05 -0.00105356 -9.51909e-05 0.216217 0.0640321
0 2.15385e-16 0.0037728 0.000487553 5.95374e-06 -8.35425e-05 0.21783 0.0625701
0 2.15385e-16 0.00229674 0.000455548 0.000869438 0.000213173 0.216592 0.062558
0 2.15385e-16 0.00278342 0.000428849 0.000376617 0.000144834 0.216976 0.0633554
0 2.15385e-16 -0.0021668 -0.000365893 -0.00202615 -0.000382704 0.218056 0.0632946
0 2.15385e-16 -0.000342397 7.00745e-06 -0.00081674 -0.000201514 0.217012 0.0631063
0 2.15385e-16 -0.00243823 -0.00031023 -0.00104995 -4.37959e-05 0.216423 0.0641155
0 2.15385e-16 0.000746425 0.000271395 0.000918813 0.000152428 0.21649 0.0626751
0 2.15385e-16 -0.000695699 -0.000123888 0.00145598 0.000436593 0.217126 0.0632452
0 2.15385e-16 0.00292933 0.000656673 -0.0012676 -0.000171594 0.217184 0.0634439
0 2.15385e-16 0.00210356 0.000375642 0.00013999 5.2389e-05 0.215648 0.0637944
0 2.15385e-16 -0.00252645 -0.000472711 0.00239525 0.000393961 0.21761 0.0630643
0 2.15385e-16 9.83446e-06 -4.66135e-05 0.000548072 0.000118273 0.217288 0.0629943
0 2.15385e-16 0.000515419 0.000103527 0.000922285 8.56234e-06 0.215989 0.0633543
0 2.15385e-16 -0.00273386 -0.000338823 -0.00176131 -0.000297942 0.216935 0.0638862
0 2.15385e-16 0.00151029 0.000304721 -0.000214696 -8.54263e-05 0.216186 0.0629024
0 2.15385e-16 5.79184e-06 1.23148e-05 0.000558113 -3.88041e-05 0.216329 0.062788
0 2.15385e-16 -0.000218646 -6.93258e-05 -0.00475454 -0.000809011 0.218609 0.0643414
0 2.15385e-16 0.00280807 0.000559882 0.00192065 0.000360136 0.217086 0.06331
0 2.15385e-16 -0.00344352 -0.000604622 0.001288 0.000180511 0.21792 0.063514
0 2.15385e-16 -0.00150963 -0.000276314 -0.00166629 -0.000379501 0.218612 0.0633758
0 2.15385e-16 -0.00470289 -0.000743595 0.00100564 0.000155853 0.215884 0.0632352
0 2.15385e-16 0.00359459 0.00056679 0.000471908 0.000169098 0.217143 0.0638142
0 2.15385e-16 0.000909698 0.000251814 -0.00248997 -0.000368138 0.217176 0.0643684
0 2.15385e-16 -0.000385668 -0.000102363 0.00305594 0.000377107 0.216327 0.0633623
0 2.15385e-16 -0.00159923 -0.000310214 -0.00349701 -0.000519616 0.218299 0.063667
0 2.15385e-16 -0.000897033 -0.000148256 -0.00331681 -0.000561347 0.218082 0.0638852
0 2.15385e-16 0.00356889 0.000717892 0.00117716 0.000164291 0.217068 0.0642093
0 2.15385e-16 -0.00214388 -0.000391041 -0.000847579 -0.000228175 0.216945 0.0642921
0 2.15385e-16 0.00128075 0.000194378 0.00357798 0.000498271 0.217961 0.0634206
0 2.15385e-16 0.0017364 0.000237409 0.000156823 7.95259e-05 0.217056 0.0636589
0 2.15385e-16 0.00047315 7.18286e-05 8.89312e-05 0.000227075 0.215488 0.0634415
0 2.15385e-16 -0.00121027 -0.000209931 -0.00024311 -0.000122396 0.216729 0.0639365
0 2.15385e-16 0.000792842 0.000241154 -0.00156169 -0.000230731 0.217991 0.0633784
0 2.15385e-16 -3.0688e-05 1.82749e-05 0.00131672 0.000255226 0.216671 0.0627773
0 2.15385e-16 0.000324798 1.11835e-05 -0.00139647 -0.000186901 0.217184 0.0634898
0 2.15385e-16 0.000918571 0.000192352 0.00210858 0.000404975 0.216993 0.0631813
0 2.15385e-16 -0.000777761 -0.000228617 -0.00270305 -0.000499787 0.217239 0.0635132
0 2.15385e-16 0.000860519 0.000248414 -0.00138623 -0.000228435 0.216355 0.0633209
0 2.15385e-16 -0.001692 -0.00030607 -0.000655295 -0.000139114 0.217603 0.0631493
0 2.15385e-16 0.000993335 0.00015493 0.000296325 1.5293e-05 0.216245 0.0629862
0 2.15385e-16 -0.00369004 -0.000750918 -0.00315935 -0.000594288 0.218141 0.0633066
0 2.15385e-16 0.00149618 0.0002895 0.000374116 3.75066e-05 0.215549 0.0636051
0 2.15385e-16 -0.00345248 -0.000649056 -0.00239356 -0.000371604 0.216641 0.0641106
0 2.15385e-16 -0.00303336 -0.000437983 -0.000135317 8.13064e-05 0.218224 0.0637746
0 2.15385e-16 0.00211365 0.000429179 0.000172767 -7.51231e-05 0.216341 0.0635168
0 2.15385e-16 -0.00137984 -0.000309144 -0.000298825 2.84783e-05 0.216296 0.0636897
0 2.15385e-16 0.00169261 0.000206801 -0.002764 -0.000333978 0.21795 0.0633913
0 2.15385e-16 0.00228854 0.000398355 -0.000879289 -0.00011783 0.216454 0.0636125
0 2.15385e-16 -0.000512934 -4.89647e-05 -8.96415e-05 6.30592e-05 0.217737 0.0624739
0 2.15385e-16 -0.000361208 -0.00020867 -0.00190889 -0.000225287 0.217483 0.0626898
0 2.15385e-16 -0.00062791 -9.8919e-05 -0.0040163 -0.000650782 0.217656 0.0636286
0 2.15385e-16 0.0023052 0.000444721 -0.00422441 -0.00074345 0.218455 0.0635846
0 2.15385e-16 0.00359364 0.000688422 0.00333969 0.000604308 0.217336 0.0634368
0 2.15385e-16 0.00149806 0.000316235 0.00152078 0.000361299 0.216435 0.0624877
0 2.15385e-16 -0.000560063 -0.000237045 -0.000991719 -0.000214214 0.216321 0.0628939
0 2.15385e-16 -0.000974113 -0.000350806 -0.00335289 -0.000544977 0.218302 0.0633177
0 2.15385e-16 -0.0032347 -0.000560145 0.00142469 0.000288358 0.217498 0.0635268
0 2.15385e-16 -0.000778487 -0.00016475 0.00207101 0.000358385 0.216153 0.0625819
0 2.15385e-16 0.000225715 -0.000155799 7.22095e-05 -1.69316e-05 0.216948 0.0628991
0 2.15385e-16 -0.00351473 -0.000622159 -0.000294839 -9.66115e-05 0.218834 0.0635215
0 2.15385e-16 -0.00430278 -0.000738572 -0.00227673 -0.000428659 0.217423 0.0635379
0 2.15385e-16 0.00270421 0.000463702 -0.00402164 -0.000626394 0.218179 0.0635951
0 2.15385e-16 -0.00170591 -0.000269797 -0.000871302 -0.00015049 0.217722 0.0634711
0 2.15385e-16 0.00103665 0.00021085 -0.000628175 -0.000117335 0.215943 0.0630842
0 2.15385e-16 0.00275795 0.000451271 -0.00147974 -0.000205263 0.216788 0.0630725
0 2.15385e-16 -0.00111053 -0.000212831 0.00349596 0.000433103 0.217856 0.0634924
0 2.15385e-16 -0.00354851 -0.00065562 0.000494334 0.000185068 0.21813 0.0635861
0 2.15385e-16 0.00061495 0.00015554 0.00151482 0.000338675 0.217391 0.063476
0 2.15385e-16 0.000532933 3.43721e-05 -0.00191315 -0.000160784 0.216735 0.0638848
0 2.15385e-16 -0.00392216 -0.000692646 -0.00202857 -0.000441347 0.218852 0.063607
0 2.15385e-16 4.86873e-05 -5.73051e-05 -0.00139453 -0.000182014 0.217299 0.0635343
0 2.15385e-16 -0.00116219 -0.000165414 0.000762125 3.64419e-05 0.216106 0.0635511
0 2.15385e-16 -0.00272034 -0.000559773 -0.000718656 -0.000119498 0.21843 0.0635094
0 2.15385e-16 6.3423e-05 -2.40698e-05 -1.00584e-05 -0.000100723 0.217145 0.0635996
0 2.15385e-16 0.00135962 0.00035921 -0.000364561 -0.000200492 0.21717 0.0625793
0 2.15385e-16 0.000572707 0.000286356 -0.00328086 -0.000547125 0.218158 0.0633325
0 2.15385e-16 0.000530709 5.27914e-05 -0.00201623 -0.000331052 0.217394 0.0634778
0 2.15385e-16 -0.000585349 -0.000140192 -0.000649158 3.78739e-05 0.217173 0.0633089
0 2.15385e-16 -0.00225784 -0.000373485 0.00175546 0.000400952 0.216704 0.0636442
0 2.15385e-16 -0.000848989 -0.000222222 0.00147739 0.000283238 0.21747 0.0638534
0 2.15385e-16 5.1612e-06 -4.5676e-05 -0.000858362 -0.000211011 0.217289 0.0631499
0 2.15385e-16 -0.00162223 -0.000245879 0.00160306 0.000385097 0.216698 0.0633739
0 2.15385e-16 -0.00350318 -0.000732514 0.00217501 0.000474611 0.217444 0.0628682
0 2.15385e-16 -0.00208553 -0.00043395 0.000212354 0.000145838 0.21623 0.0640292
0 2.15385e-16 0.000445985 8.48726e-06 0.00123289 0.00019535 0.216076 0.0630505
0 2.15385e-16 0.0010002 0.00021506 0.000873837 0.000186966 0.215707 0.0629363
0 2.15385e-16 -0.00131563 -0.000184974 -0.00270154 -0.00048572 0.217808 0.0635057
0 2.15385e-16 -0.000231605 1.83593e-06 -0.00277803 -0.000316412 0.218128 0.063969
0 2.15385e-16 -0.00216855 -0.00041517 -0.00105518 -0.000238716 0.217056 0.0633117
0 2.15385e-16 0.000527746 7.10795e-05 0.00254053 0.000360768 0.215754 0.0639378
0 2.15385e-16 0.00151093 0.000202315 0.00330601 0.000509752 0.217314 0.0639398
0 2.15385e-16 0.000862437 0.000192916 -0.00249159 -0.000421002 0.217999 0.0634094
0 2.15385e-16 -0.00159307 -0.000353945 0.000613228 3.66729e-05 0.217784 0.063514
0 2.15385e-16 -0.00077722 -6.55849e-05 0.00335464 0.00058842 0.217579 0.0631689
0 2.15385e-16 0.00022937 -8.05521e-05 -0.000730044 1.28666e-05 0.216332 0.0639464
0 2.15385e-16 -0.000512105 -9.53594e-05 -0.0013497 -0.000295646 0.217553 0.0627308
0 2.15385e-16 0.000877499 0.000204667 -0.000114571 2.65953e-06 0.216157 0.0635409
0 2.15385e-16 -0.00025001 -8.56434e-05 0.00110856 0.000122043 0.216272 0.06299
0 2.15385e-16 -0.000886413 -3.13569e-05 0.00105348 0.000240921 0.215947 0.0630579
0 2.15385e-16 0.00245225 0.000516112 0.00394704 0.000550251 0.218228 0.0632129
0 2.15385e-16 0.000884024 7.6934e-05 -0.00251459 -0.000340108 0.215655 0.0635973
0 2.15385e-16 0.00123233 0.000300048 -0.000563721 -0.000146055 0.216965 0.0635128
0 2.15385e-16 0.00338755 0.000661872 0.00428434 0.000840634 0.217063 0.0630824
0 2.15385e-16 -0.000113386 -4.20597e-05 -0.00106654 -0.000183086 0.216242 0.0637707
0 2.15385e-16 -0.0014751 -0.000353985 -0.00333687 -0.000535769 0.21973 0.0637239
0 2.15385e-16 0.000197362 4.99346e-05 0.00227526 0.000229178 0.218154 0.0633001
0 2.15385e-16 0.000247465 9.99742e-05 0.00343678 0.000659546 0.216125 0.0635923
0 2.15385e-16 0.00146446 9.1405e-05 -0.00334745 -0.000575827 0.217638 0.0630246
0 2.15385e-16 -0.00152505 -0.000207152 -0.000528318 -3.17695e-05 0.21591 0.0638593
0 2.15385e-16 0.00174733 0.000348717 -0.00490501 -0.000742826 0.217032 0.0641642
0 2.15385e-16 0.000721027 7.47806e-05 -0.00242079 -0.000308179 0.21817 0.0636928
0 2.15385e-16 -0.00239194 -0.000510138 0.00112121 0.000220316 0.21634 0.0637386
0 2.15385e-16 -2.40346e-05 -4.87913e-05 0.00139288 0.000168192 0.216092 0.0636274
0 2.15385e-16 -0.00078044 -9.76051e-05 0.000349347 -1.09477e-05 0.216995 0.0627269
0 2.15385e-16 0.00054662 2.19321e-05 0.00249791 0.000396284 0.217056 0.0636427
0 2.15385e-16 -0.00177645 -0.000348257 0.00406473 0.000702042 0.216312 0.062769
0 2.15385e-16 -0.000514324 -0.000101181 -0.000839035 -6.68127e-05 0.216416 0.0631326
0 2.15385e-16 -0.00245939 -0.000449948 -0.000664448 -5.94333e-05 0.217784 0.0640073
0 2.15385e-16 -0.000187836 7.02072e-05 -0.00155083 -0.000318955 0.217102 0.0633683
0 2.15385e-16 0.00219135 0.000285222 0.00011467 -2.42774e-05 0.216548 0.06419
0 2.15385e-16 0.00141206 0.000263178 -0.000556875 3.0008e-05 0.217696 0.0632209
0 2.15385e-16 0.000533861 -0.000129777 0.00168018 0.000228696 0.217176 0.0635724
0 2.15385e-16 7.19578e-05 -3.09252e-06 -0.00102451 -2.23947e-05 0.216496 0.0636778
0 2.15385e-16 0.00144805 0.000273473 0.000780468 0.000122051 0.217589 0.062658
0 2.15385e-16 -0.00131524 -0.000112259 0.00134797 0.000107884 0.218188 0.0627245
0 2.15385e-16 0.00231812 0.000407425 -0.000738731 -0.000147696 0.21761 0.0626909
0 2.15385e-16 0.00169192 0.000280086 -0.00040828 -0.000153456 0.215722 0.0628091
0 2.15385e-16 -0.00182305 -0.000328256 -0.00190095 -0.000268687 0.218006 0.0637385
0 2.15385e-16 -0.00133315 -0.00018417 0.000533615 -6.70899e-06 0.216165 0.0637283
0 2.15385e-16 -0.00274676 -0.000489722 0.00171431 0.000373232 0.218101 0.0628146
0 2.15385e-16 -0.000897573 -5.21177e-05 0.000960213 9.59645e-05 0.216159 0.0638796
0 2.15385e-16 0.00458451 0.000704654 -0.00115335 -0.000287985 0.21758 0.0634119
0 2.15385e-16 0.00250532 0.000469424 0.00107052 3.13538e-05 0.215985 0.063433
0 2.15385e-16 8.99941e-05 0.000115354 -0.00279572 -0.000366442 0.216549 0.0636572
0 2.15385e-16 0.00366363 0.000584408 4.1075e-05 -0.000109967 0.217039 0.0638412
0 2.15385e-16 0.00107271 0.000183041 -0.000724199 -0.000113972 0.216642 0.0630894
0 2.15385e-16 -0.000832914 -0.000186925 0.00191773 0.000290114 0.217438 0.0631626
0 2.15385e-16 -0.00458627 -0.000735989 -0.00203652 -0.000417774 0.218174 0.0635669
0 2.15385e-16 -0.00191036 -0.000352966 0.000372032 9.93343e-05 0.216583 0.0638911
0 2.15385e-16 0.000251432 2.44667e-06 -0.0014792 -0.000150372 0.21647 0.0633431
0 2.15385e-16 -0.00024356 -9.44812e-05 0.000214494 6.54324e-05 0.216044 0.0630622
0 2.15385e-16 -6.37525e-05 4.23294e-06 0.00217882 0.000214882 0.217226 0.0632644
0 2.15385e-16 -0.000862524 -9.15864e-05 -0.000925376 -0.000109878 0.217298 0.0635613
0 2.15385e-16 -0.00232585 -0.000366091 -0.000179545 -2.35889e-05 0.217239 0.0635136
0 2.15385e-16 0.00148642 0.000262081 -0.00294724 -0.000439473 0.218321 0.0633407
0 2.15385e-16 -0.000858079 -8.2137e-05 -0.000700319 -0.000132038 0.216469 0.0634068
0 2.15385e-16 0.00410997 0.000761544 -0.000108347 2.37515e-05 0.216154 0.0628497
0 2.15385e-16 -0.000921337 -0.000178078 0.00185042 0.000325222 0.216282 0.0632264
0 2.15385e-16 0.00229998 0.000323384 0.00057459 0.000103933 0.218122 0.0630614
0 2.15385e-16 -0.00203601 -0.000400696 -0.000227695 3.30354e-05 0.217117 0.0638231
0 2.15385e-16 -0.000150156 -2.19866e-05 0.000323455 0.000178575 0.215902 0.0630389
0 2.15385e-16 -0.000669284 -5.79817e-05 0.00030967 -3.91375e-05 0.217078 0.0632755
0 2.15385e-16 -0.00123845 -0.000214174 0.00119332 0.000128189 0.217557 0.0637075
0 2.15385e-16 -0.00333638 -0.000604942 -0.000850354 -0.000201518 0.216997 0.0638483
0 2.15385e-16 0.0031782 0.000593964 -0.00231011 -0.000449909 0.217089 0.0634464
0 2.15385e-16 -0.000727032 -0.000168205 -0.00151037 -0.000288798 0.217738 0.0632816
0 2.15385e-16 0.00227535 0.000379249 -0.0019216 -0.000521311 0.216506 0.0636052
0 2.15385e-16 0.00211601 0.000254764 0.00161913 0.000215103 0.217387 0.0627843
0 2.15385e-16 -0.000826276 -0.000170406 0.00341057 0.00053986 0.21837 0.0627653
0 2.15385e-16 -0.000855211 -0.000235449 -0.00134367 -0.000190405 0.216647 0.0628002
0 2.15385e-16 -0.000809425 -7.53104e-05 -0.00191269 -0.000323044 0.217029 0.0639138
0 2.15385e-16 -0.00147019 -0.000189583 -0.000600285 -7.18456e-05 0.217144 0.0637374
0 2.15385e-16 0.00222021 0.000390337 0.000144844 9.36917e-05 0.215071 0.0637972
0 2.15385e-16 0.00143457 0.000236122 0.00138496 0.000194884 0.216517 0.0632902
0 2.15385e-16 0.00162487 0.000296611 -0.000546066 1.73801e-05 0.217117 0.0629127
0 2.15385e-16 0.000248372 2.43566e-05 0.00256284 0.000413356 0.217329 0.0631905
0 2.15385e-16 0.000703989 0.000151102 0.00285957 0.000433684 0.21755 0.0635462
0 2.15385e-16 -0.000739554 7.3756e-05 0.00261109 0.00051102 0.217632 0.0638204
0 2.15385e-16 -0.00145662 -0.000349148 0.000657222 3.22256e-05 0.216873 0.0633195
0 2.15385e-16 0.00137697 0.000182676 0.000913565 0.000145331 0.216222 0.0634351
0 2.15385e-16 -9.6761e-05 6.68569e-05 -0.00306622 -0.000618584 0.21807 0.0631714
0 2.15385e-16 0.00258503 0.000398234 -0.000277865 -5.81471e-05 0.216184 0.0633221
0 2.15385e-16 0.000300304 6.79959e-05 0.000756642 0.000119227 0.215786 0.0632331
0 2.15385e-16 0.00106498 0.000245432 -0.00197587 -0.000367836 0.216543 0.0636299
0 2.15385e-16 -0.000266774 4.66198e-05 -0.00234873 -0.000326042 0.216838 0.0642071
0 2.15385e-16 0.000210722 1.93215e-05 0.000485492 5.87743e-05 0.215185 0.0634333
0 2.15385e-16 0.00217311 0.000417466 0.00186472 0.000366444 0.216658 0.0629067
0 2.15385e-16 0.000216709 -1.38257e-05 0.000469539 5.47163e-05 0.216145 0.0633134
0 2.15385e-16 -0.000878702 -0.000145361 -0.000847547 -3.70788e-05 0.217106 0.0632602
0 2.15385e-16 -0.00328452 -0.000719286 0.000508481 2.65549e-07 0.217995 0.0630168
0 2.15385e-16 0.000189317 5.73642e-05 -0.0022999 -0.000351709 0.217254 0.0635627
0 2.15385e-16 -0.00152755 -0.000247021 -0.00260769 -0.000417626 0.219392 0.0630359
0 2.15385e-16 0.00215147 0.00040525 0.00150012 0.000234474 0.216163 0.064465
0 2.15385e-16 -0.00112305 -0.000206361 0.00320014 0.0005506 0.216648 0.0628991
0 2.15385e-16 0.000548896 1.49192e-05 -0.00150886 -0.000225354 0.21803 0.0635221
0 2.15385e-16 0.000112782 6.08479e-05 0.000127909 -3.46338e-05 0.214922 0.0631381
0 2.15385e-16 0.000958529 0.00010711 -6.58562e-05 1.71976e-05 0.21649 0.0632447
0 2.15385e-16 0.000442188 0.000105098 -0.00108573 -0.000180789 0.216792 0.0634114
0 2.15385e-16 -0.00128205 -0.000109313 0.00154208 0.000205033 0.215968 0.0632804
0 2.15385e-16 -0.00243681 -0.000506923 -0.00272087 -0.00047627 0.217672 0.0641042
0 2.15385e-16 0.000627178 0.000175298 -0.000385076 -3.70216e-05 0.215879 0.0634747
0 2.15385e-16 -0.000196751 -6.56517e-05 0.00202513 0.000367772 0.216744 0.0630865
0 2.15385e-16 0.00133975 0.000118861 -0.00157749 -0.000254823 0.217525 0.0631379
0 2.15385e-16 -0.00155982 -0.000269072 0.00195228 0.000431345 0.21749 0.0634409
0 2.15385e-16 0.00117538 0.000181981 -0.00194727 -0.000198514 0.217659 0.0637471
0 2.15385e-16 0.00153173 0.000262414 0.000626455 0.000192859 0.216565 0.063823
0 2.15385e-16 -0.00241637 -0.000240672 0.00284783 0.000590421 0.216483 0.0629974
0 2.15385e-16 -0.000130132 -4.07766e-05 -0.00337931 -0.000395245 0.218091 0.0637278
0 2.15385e-16 -0.000244126 9.33785e-05 -0.000844446 -0.000142217 0.216764 0.0633766
0 2.15385e-16 -1.38347e-05 -0.000127539 0.00153853 8.09285e-05 0.216475 0.0635699
0 2.15385e-16 0.00133387 0.000380616 0.00401991 0.000587032 0.216784 0.0634853
0 2.15385e-16 0.0027159 0.000485572 0.000195013 -1.51751e-07 0.216592 0.0629858
0 2.15385e-16 -0.00104853 -0.000254578 -0.0024813 -0.000493326 0.217286 0.0631355
0 2.15385e-16 0.00188482 0.00029307 -0.00129232 -0.000240882 0.21675 0.0635465
0 2.15385e-16 0.00088668 5.27845e-05 -0.000454212 -0.000150739 0.215482 0.0628661
0 2.15385e-16 0.00213677 0.000463898 3.42172e-05 0.000106593 0.21644 0.0637362
0 2.15385e-16 -0.00168916 -0.000220839 -0.00172715 -0.000235081 0.216659 0.0643246
0 2.15385e-16 -0.00198289 -0.000427713 0.000938503 0.000170346 0.217349 0.0632211
0 2.15385e-16 -0.001519 -0.000317374 0.00120107 0.000372342 0.217301 0.0631022
0 2.15385e-16 -0.00207958 -0.000380183 -0.00240451 -0.000515621 0.217779 0.0641907
0 2.15385e-16 0.000647032 0.000170857 -0.000217097 -0.00020693 0.21535 0.063556
0 2.15385e-16 -0.00389542 -0.000669288 -0.000872438 -9.75553e-05 0.217162 0.0635522
0 2.15385e-16 0.000312529 4.80947e-05 -0.00155654 -0.000246677 0.217563 0.0629516
0 2.15385e-16 0.000236274 7.1143e-05 -0.000119304 -8.64873e-05 0.21653 0.0634279
0 2.15385e-16 0.00143212 0.00010152 0.00206371 0.000316355 0.216683 0.0638514
0 2.15385e-16 -0.00050081 -0.00011226 -0.000890315 -0.000205827 0.216118 0.0626595
0 2.15385e-16 0.00322949 0.000569642 -0.000163588 -4.54663e-05 0.217575 0.0633599
0 2.15385e-16 0.0014157 8.82472e-05 -0.00182481 -0.000255818 0.216685 0.0632713
0 2.15385e-16 0.00122203 0.000230842 0.00294964 0.000410012 0.216514 0.0637684
0 2.15385e-16 -0.00192556 -0.000334368 0.00316966 0.00052461 0.216933 0.0631672
0 2.15385e-16 -0.00135941 -0.000175292 -0.00161909 -0.000209082 0.218245 0.0631969
0 2.15385e-16 8.93007e-06 -9.2668e-05 0.00398988 0.000715881 0.217898 0.0635723
0 2.15385e-16 0.000232806 0.000170068 -0.00181518 -0.000189189 0.217472 0.0636329
0 2.15385e-16 0.00144487 0.00027927 0.00122722 0.000277667 0.216614 0.0631922
0 2.15385e-16 0.00223113 0.000534886 -0.000158258 6.06633e-05 0.216659 0.0629567
0 2.15385e-16 0.00198333 0.000457933 -0.000544222 -8.04444e-06 0.21686 0.063889
0 2.15385e-16 0.00271802 0.000448867 0.000547788 -6.91237e-06 0.216331 0.0630635
0 2.15385e-16 -0.00230697 -0.00036624 0.000498883 0.000112202 0.216555 0.0634803
0 2.15385e-16 0.00177249 0.000157923 -0.00235053 -0.000322639 0.217488 0.0637354
0 2.15385e-16 -0.00339282 -0.00062325 0.00285473 0.000551739 0.216827 0.0640837
0 2.15385e-16 -0.000128411 -0.000143687 -0.00141305 -0.000373123 0.217195 0.0634739
0 2.15385e-16 0.000418288 2.13511e-05 0.000442335 4.15069e-05 0.215299 0.0631693
0 2.15385e-16 -0.00225007 -0.000442581 -0.000862269 -0.000166882 0.216925 0.0636429
0 2.15385e-16 -0.00206067 -0.000325393 0.00283731 0.000380724 0.217318 0.0635769
0 2.15385e-16 -0.000287061 -2.29283e-05 -0.00120664 -0.000262382 0.216325 0.0635142
0 2.15385e-16 -0.00114867 -0.00014417 -0.00136909 -0.000100935 0.216307 0.0632548
0 2.15385e-16 -0.00132401 -0.000188876 0.00221316 0.000413563 0.215802 0.0635717
0 2.15385e-16 -5.14868e-06 -7.51122e-05 0.000634901 5.64019e-05 0.216469 0.0631133
0 2.15385e-16 -0.000366577 3.57893e-05 0.00279109 0.000457599 0.217697 0.0634814
0 2.15385e-16 -0.000574676 -6.85056e-05 -0.00125396 -0.00011081 0.217301 0.0635144
0 2.15385e-16 -0.00301395 -0.000493225 0.00235005 0.000359748 0.217528 0.0635173
0 2.15385e-16 -0.00150293 -0.000314312 -0.001492 -0.000129675 0.217918 0.0630416
0 2.15385e-16 -0.00246345 -0.000404662 0.000415245 -2.55319e-05 0.218398 0.0629127
0 2.15385e-16 -0.000500313 -7.3718e-05 0.00029766 -3.50633e-05 0.215996 0.0630953
0 2.15385e-16 0.00212836 0.000361483 -0.00117929 -6.63125e-05 0.216028 0.0632028
0 2.15385e-16 2.81611e-05 -1.74005e-05 0.00128719 0.000159467 0.216319 0.0629376
0 2.15385e-16 0.000704913 0.000137233 -0.00143815 -0.000231608 0.21712 0.0635803
0 2.15385e-16 -0.000775351 -0.000122916 -0.000534104 -0.000150609 0.217153 0.0632412
0 2.15385e-16 -0.000580352 -0.000265897 0.000169625 5.05529e-05 0.216509 0.0631874
0 2.15385e-16 0.000301532 3.9661e-05 0.00196286 0.000242062 0.216848 0.0634587
0 2.15385e-16 -0.0016515 -0.000340844 0.00276245 0.000532151 0.21704 0.0625015
0 2.15385e-16 0.000758 0.000222714 0.00256684 0.000443834 0.216684 0.063486
0 2.15385e-16 0.000230045 5.44021e-05 0.00165097 0.000228999 0.215929 0.0635646
0 2.15385e-16 -0.00143611 -0.000269645 0.000958654 6.61047e-05 0.216421 0.0638021
0 2.15385e-16 -0.00112778 -0.000150719 0.000856549 0.000144694 0.21727 0.0636375
0 2.15385e-16 0.00101701 0.000294345 0.0021018 0.000181919 0.21655 0.0634601
0 2.15385e-16 -0.00210556 -0.000296399 -7.99306e-05 -0.000185049 0.217544 0.063829
0 2.15385e-16 -0.000999911 -0.00021582 -0.000549804 -0.000108334 0.217713 0.0634264
0 2.15385e-16 0.000283806 -0.00015468 0.000392343 -1.02664e-05 0.216911 0.0628938
0 2.15385e-16 0.00168945 2.99606e-05 0.000944117 0.000185407 0.215627 0.0636428
0 2.15385e-16 0.000245273 -2.5307e-05 0.0015966 0.000255665 0.217342 0.0633339
0 2.15385e-16 -0.00516213 -0.000973761 0.00149624 0.000257753 0.218183 0.0636367
0 2.15385e-16 0.00155843 0.000153912 -0.000489107 -2.65717e-05 0.216269 0.0637803
0 2.15385e-16 0.000767618 0.000133963 -0.00106997 -0.000193296 0.216279 0.0635654
0 2.15385e-16 -0.00365899 -0.000740229 6.28371e-05 3.41171e-05 0.218502 0.0637859
0 2.15385e-16 0.000352512 6.98026e-05 -0.00166017 -0.000345616 0.217215 0.0634552
0 2.15385e-16 0.00339625 0.000541436 -0.00181095 -0.000365982 0.216592 0.0638361
0 2.15385e-16 0.00195918 0.000259765 -0.00109931 -0.000184575 0.217213 0.063498
0 2.15385e-16 0.00111572 0.000156787 0.000338778 0.000119096 0.216951 0.0631915
0 2.15385e-16 0.00195424 0.000376099 -0.000537752 -5.86462e-05 0.216011 0.0640776
0 2.15385e-16 -0.00341082 -0.00051768 0.00323839 0.000535178 0.21661 0.0635449
0 2.15385e-16 -2.5488e-05 -8.11168e-05 -0.00158049 -0.000376665 0.214624 0.0644425
0 2.15385e-16 0.00116306 0.000278887 -0.00202547 -0.000368634 0.217538 0.0628558
0 2.15385e-16 0.000578765 3.6786e-05 0.00066166 8.99419e-05 0.216517 0.0637717
0 2.15385e-16 -0.00505467 -0.000889536 0.00213729 0.000437172 0.218248 0.0635049
0 2.15385e-16 -0.000239639 -9.33263e-05 0.00199354 0.00025433 0.21712 0.0636857
0 2.15385e-16 -0.00341125 -0.000662155 0.000344239 -1.6557e-05 0.217216 0.0638221
0 2.15385e-16 0.000148771 0.000139767 -0.000850262 -0.000165344 0.217814 0.0629718
0 2.15385e-16 0.00436068 0.000570749 0.000644642 0.000122014 0.21691 0.0637352
0 2.15385e-16 -0.000140304 -1.60426e-05 -0.00373683 -0.000551031 0.217877 0.0645347
0 2.15385e-16 0.00297268 0.000640994 0.00110569 0.000311157 0.217189 0.0633485
0 2.15385e-16 0.00173322 0.000304068 -0.00187927 -0.000281596 0.217905 0.0630071
0 2.15385e-16 0.00206989 0.000312069 -0.00201432 -0.000603776 0.217532 0.0630921
0 2.15385e-16 -0.00149201 -0.000352838 0.00262108 0.000627105 0.216735 0.0636472
0 2.15385e-16 -0.00267148 -0.000432604 0.00294571 0.000513792 0.21738 0.0631991
0 2.15385e-16 -0.00258453 -0.000390164 0.0014292 0.000267761 0.217815 0.0638193
0 2.15385e-16 0.000967275 0.000174324 0.00101967 0.000277 0.21537 0.0643701
0 2.15385e-16 0.00198071 0.000361021 -0.00204385 -0.00033894 0.216077 0.062945
0 2.15385e-16 -0.00325041 -0.000573485 0.00328383 0.0004615 0.216262 0.062893
0 2.15385e-16 -0.000235501 -3.13884e-06 -0.00128707 -0.000141391 0.217115 0.0626551
0 2.15385e-16 0.00238382 0.00041426 0.00011399 -4.43467e-05 0.216971 0.0631052
0 2.15385e-16 -0.000127523 -7.53512e-05 -0.00136272 -0.000105503 0.215938 0.0634326
0 2.15385e-16 -0.00266144 -0.000467074 0.00453202 0.000642267 0.21642 0.0638003
0 2.15385e-16 6.04715e-05 5.11244e-05 -0.000149409 -0.00010725 0.216342 0.0628961
0 2.15385e-16 0.000914556 0.000238703 -0.000564284 -0.000149132 0.215675 0.0626713
0 2.15385e-16 -0.00079229 -5.11267e-05 -0.00269689 -0.000232803 0.217207 0.0637485
0 2.15385e-16 0.000275895 6.58105e-06 0.00303587 0.000337871 0.216351 0.0628247
0 2.15385e-16 0.00246162 0.000419275 -0.000734462 -0.000129203 0.217411 0.0628914
0 2.15385e-16 -0.00100718 -0.000232471 0.000489055 8.14842e-05 0.217718 0.0631113
0 2.15385e-16 -0.00310553 -0.000440928 0.00151526 0.000281989 0.216412 0.0634162
0 2.15385e-16 -0.00112397 -0.000207411 0.00244468 0.000454585 0.217483 0.0632418
0 2.15385e-16 -0.000312476 -5.4031e-05 0.000549375 0.000116456 0.21697 0.0631472
0 2.15385e-16 0.000552172 -9.70927e-05 0.00270581 0.000459944 0.216146 0.0632006
0 2.15385e-16 -0.00231682 -0.00031049 -0.00186564 -0.000163346 0.217737 0.0637176
0 2.15385e-16 -0.00306527 -0.000671173 -0.0023608 -0.000520826 0.218672 0.063109
0 2.15385e-16 -0.00332796 -0.000566936 -0.00021124 7.93005e-05 0.217388 0.063088
0 2.15385e-16 -0.00225507 -0.000426755 0.000566738 0.000148121 0.217121 0.0630463
0 2.15385e-16 -0.000527557 -0.000159581 -0.00248436 -0.000418357 0.217863 0.0639181
0 2.15385e-16 0.00345763 0.000664441 8.23952e-06 2.42699e-05 0.216369 0.064264
0 2.15385e-16 0.00261684 0.000469707 -0.00171273 -0.000233476 0.217506 0.0635995
0 2.15385e-16 -0.00090848 -0.000126152 -0.000960325 -0.000194515 0.216542 0.0634646
0 2.15385e-16 -3.9317e-06 -7.9579e-05 0.000501128 3.81243e-05 0.216674 0.062782
0 2.15385e-16 0.00036094 7.74736e-05 0.001511 0.000422002 0.215739 0.0635758
0 2.15385e-16 0.00134782 0.000168657 -0.000284822 -0.000107553 0.217107 0.0634694
0 2.15385e-16 -0.00338018 -0.000506005 0.000276572 -5.0522e-05 0.217267 0.0638774
0 2.15385e-16 -0.00216589 -0.000391056 -0.00023722 2.31473e-05 0.216654 0.0636075
0 2.15385e-16 0.00179963 0.000328198 -0.00190569 -0.000292447 0.216916 0.0631341
0 2.15385e-16 0.00135792 0.000154698 -0.000188531 -4.12635e-05 0.215535 0.0636903
0 2.15385e-16 0.000665192 0.00022028 -8.50303e-05 -3.9035e-05 0.215976 0.0635495
0 2.15385e-16 0.00351925 0.00058507 0.00121989 0.000117645 0.217842 0.0631493
0 2.15385e-16 -0.00108887 -8.78129e-05 -0.00183013 -0.000272813 0.216665 0.06421
0 2.15385e-16 -0.000273982 -0.000101224 -0.000706929 -0.000131052 0.216944 0.0634303
0 2.15385e-16 -0.00135108 -0.000322424 -0.00569246 -0.00105747 0.21804 0.0634142
0 2.15385e-16 0.000554676 -8.39466e-05 0.00102901 0.000124254 0.216113 0.0643349
0 2.15385e-16 -0.00136574 -9.38387e-05 0.000173317 -2.03651e-05 0.217167 0.0638013
0 2.15385e-16 0.000104866 -9.11023e-05 -0.000102837 -4.57001e-05 0.215557 0.0637724
0 2.15385e-16 -0.000116223 1.19135e-05 -0.00105018 -8.85917e-05 0.217303 0.0633716
0 2.15385e-16 0.000646438 0.000194814 -0.00271377 -0.000465496 0.218994 0.0638805
0 2.15385e-16 -0.000904958 -0.000266956 0.000706298 0.00022868 0.217971 0.0630023
0 2.15385e-16 0.000210633 4.87136e-05 0.00263585 0.000391419 0.217447 0.0631322
0 2.15385e-16 -0.000178961 -9.4512e-05 -0.00334043 -0.000526796 0.218135 0.0640099
0 2.15385e-16 -0.000316585 -0.000161632 -0.00252119 -0.000401725 0.217894 0.0633612
0 2.15385e-16 0.00197198 0.000493974 -0.00474879 -0.000738116 0.217637 0.0631023
0 2.15385e-16 -1.34777e-05 -0.000101347 7.43204e-05 -6.66665e-05 0.215683 0.062738
0 2.15385e-16 -0.000109474 2.83709e-06 0.00116639 0.000209738 0.217862 0.0624589
0 2.15385e-16 -0.00133584 -0.000270635 -0.00136315 -0.000209215 0.216365 0.0632817
0 2.15385e-16 -7.92656e-05 -5.86415e-05 -0.00266417 -0.000440449 0.217421 0.0633596
0 2.15385e-16 1.7154e-05 -2.13263e-05 -0.00227525 -0.000351129 0.215698 0.0634964
0 2.15385e-16 -0.001043 -0.000321097 -0.00134884 -0.000153698 0.217267 0.0637703
0 2.15385e-16 -0.0005863 -0.000139701 -0.000913205 -0.00013667 0.216765 0.0637231
0 2.15385e-16 -0.00313141 -0.000456466 0.00143844 0.000260994 0.215822 0.0640848
0 2.15385e-16 -0.000621671 -9.28776e-05 -0.00259321 -0.000396283 0.218256 0.0627966
0 2.15385e-16 -0.000671786 -0.000152504 -0.000747065 -5.38073e-05 0.217438 0.0633704
0 2.15385e-16 0.00104028 0.000127758 0.00129429 9.95405e-05 0.217876 0.0630759
0 2.15385e-16 -0.0013939 -0.000104765 -0.00229767 -0.000512288 0.218138 0.0636872
0 2.15385e-16 0.00244696 0.000370099 -0.00147596 -0.000257374 0.217418 0.0628686
0 2.15385e-16 -0.0044323 -0.000682481 0.000302629 -3.86779e-05 0.216212 0.0639513
0 2.15385e-16 0.00277067 0.00053183 -0.00113944 -0.00024176 0.216784 0.0635874
0 2.15385e-16 0.00191873 0.000414033 0.000614284 0.000159743 0.216099 0.0632631
0 2.15385e-16 -0.00129435 -0.000320138 -0.00271703 -0.00045021 0.217379 0.0634903
0 2.15385e-16 9.63242e-05 -2.5114e-05 -0.001099 -4.82754e-05 0.217292 0.0634728
0 2.15385e-16 0.000137594 5.13515e-05 -0.00111815 -0.000150261 0.215509 0.0635305
0 2.15385e-16 0.0026656 0.000629388 -0.0016392 -0.000285367 0.21742 0.0641253
0 2.15385e-16 0.00340979 0.00055626 0.0039837 0.00069742 0.217343 0.0634127
0 2.15385e-16 0.00158327 0.00047383 0.00116472 0.000226737 0.217332 0.0630016
0 2.15385e-16 0.000469609 8.51673e-05 -0.000369985 -1.63499e-05 0.216669 0.0637959
0 2.15385e-16 0.00271177 0.000536648 -0.00169369 -0.000195634 0.217254 0.0631646
0 2.15385e-16 -0.000889549 -0.000150596 0.00141914 0.000268666 0.21613 0.0630293
0 2.15385e-16 0.00122047 0.000206144 -0.000181685 -5.89141e-05 0.217026 0.0633709
0 2.15385e-16 -0.000996742 -0.000184632 0.00106705 0.000201115 0.216131 0.0630551
0 2.15385e-16 0.000652624 9.97902e-05 0.00141887 0.000184375 0.216537 0.0639385
0 2.15385e-16 -0.00159181 -0.000257125 0.00176061 0.000379241 0.217028 0.0629803
0 2.15385e-16 0.000330051 0.000136786 -0.000232594 -2.0884e-05 0.217002 0.0624405
0 2.15385e-16 0.00206562 0.000443882 8.73357e-05 -1.91574e-05 0.215559 0.0639103
0 2.15385e-16 -0.00457382 -0.000896748 -0.000136565 -5.39599e-05 0.218074 0.0634784
0 2.15385e-16 -0.00138874 -0.000219064 0.000678767 7.196e-05 0.2174 0.0634245
0 2.15385e-16 0.00226293 0.000347524 0.000848697 0.000176039 0.2168 0.0636747
0 2.15385e-16 -0.0016205 -0.000160976 -0.00217322 -0.000431536 0.21684 0.0642691
0 2.15385e-16 -0.00354514 -0.000717751 0.000537905 0.000205504 0.217959 0.0633768
0 2.15385e-16 -0.00101728 -0.000286201 0.000408484 2.16971e-05 0.216843 0.0635216
0 2.15385e-16 0.000757011 0.000143466 -5.03049e-07 2.24128e-06 0.216121 0.0635922
0 2.15385e-16 0.000971773 0.000171765 0.00221813 0.000329049 0.216746 0.0634684
0 2.15385e-16 -0.000998587 -0.00022954 0.00094054 0.000310109 0.215428 0.0628185
0 2.15385e-16 0.00275608 0.000584733 -0.00222546 -0.000277922 0.216792 0.0630397
0 2.15385e-16 0.00249573 0.000426265 0.000510888 -4.10387e-05 0.216471 0.0639148
0 2.15385e-16 -0.000340807 -5.42334e-05 0.00023567 1.08122e-05 0.217207 0.062858
0 2.15385e-16 -0.000488797 -0.000145851 -0.000929773 -8.20709e-05 0.216496 0.0635376
0 2.15385e-16 0.00257612 0.000456021 -0.00168004 -0.000242844 0.217249 0.0629447
0 2.15385e-16 -0.00168875 -0.000367488 -0.00171912 -0.00041543 0.216639 0.063291
0 2.15385e-16 -0.000432881 1.64563e-06 0.00184303 0.000274324 0.21773 0.0632281
0 2.15385e-16 0.0024045 0.00037534 -0.000858068 -0.000148219 0.215887 0.0628527
0 2.15385e-16 -0.00217584 -0.000357975 0.00251955 0.000417765 0.218111 0.0627327
0 2.15385e-16 -0.00330722 -0.000614123 -0.00139324 -0.000278875 0.217842 0.0635484
0 2.15385e-16 0.00135685 0.00030943 -0.00284103 -0.000455836 0.218331 0.0638898
0 2.15385e-16 -0.000623413 -8.24324e-05 0.00251743 0.000395936 0.215373 0.0637891
0 2.15385e-16 0.000133797 -0.000108 -0.000455791 -9.62134e-05 0.217557 0.0630384
0 2.15385e-16 -0.000169378 -9.61234e-05 0.00164826 0.000335413 0.21562 0.0630604
0 2.15385e-16 0.000476678 0.00015795 -0.00107087 -0.000250148 0.216374 0.0626016
0 2.15385e-16 -0.00101451 -0.000267627 0.000932868 0.000183352 0.21818 0.06326
0 2.15385e-16 -0.00192385 -0.000360884 0.0006621 0.000222372 0.216429 0.0632369
0 2.15385e-16 -0.00229957 -0.000380082 -0.000657765 -0.000183408 0.216463 0.0634825
0 2.15385e-16 -0.00221454 -0.00039181 -0.00189474 -0.000233564 0.216915 0.0637178
0 2.15385e-16 0.00026516 -0.000108474 -0.000237348 -0.000186592 0.216392 0.0636553
0 2.15385e-16 0.00250827 0.00055924 0.000330503 -3.42953e-05 0.217231 0.0638505
0 2.15385e-16 -0.000768333 -6.80312e-05 0.00203177 0.000402653 0.216797 0.0633667
0 2.15385e-16 -0.000507457 -8.50604e-05 -0.00129313 -0.000234644 0.217594 0.0636122
0 2.15385e-16 -0.00448574 -0.000813312 0.00197212 0.000266717 0.21701 0.0635119
0 2.15385e-16 -0.000734466 -0.000150168 0.000459668 0.0001613 0.215711 0.0634009
0 2.15385e-16 0.000137788 -9.92269e-05 -3.45239e-05 0.000149549 0.217575 0.0626642
0 2.15385e-16 -0.000235061 5.39843e-06 -0.00194322 -0.000513288 0.216825 0.0632358
0 2.15385e-16 -0.00372868 -0.000708892 -0.000544129 -0.000207166 0.218591 0.0639143
0 2.15385e-16 -0.000407122 -0.00010321 -0.000984404 -3.59148e-05 0.216892 0.062921
0 2.15385e-16 0.000396009 5.49575e-05 -0.00146732 -0.000325945 0.21576 0.0638881
0 2.15385e-16 0.000562974 6.55614e-05 0.00187926 0.000300122 0.216721 0.0631766
0 2.15385e-16 -0.00184763 -0.000358664 -0.0017102 -0.000292134 0.217955 0.0634869
0 2.15385e-16 0.00206206 0.000397372 -0.00297113 -0.000645405 0.217453 0.0630953
0 2.15385e-16 0.00242592 0.000448326 0.00193339 0.000346445 0.217206 0.0630256
0 2.15385e-16 0.00118437 0.000111127 -0.000433962 -0.000136311 0.217984 0.0627363
0 2.15385e-16 0.00426708 0.000599026 0.0036471 0.00076038 0.216693 0.0634911
0 2.15385e-16 -0.000756897 -0.000103874 -0.000497006 -0.000143569 0.215933 0.063507
0 2.15385e-16 0.00108837 0.000331896 0.000376235 -1.41333e-05 0.217228 0.0636946
0 2.15385e-16 -0.00136692 -0.000280726 0.000503288 7.64044e-05 0.21569 0.064161
0 2.15385e-16 0.00136032 0.000290295 0.00106864 0.000226437 0.216641 0.0634819
0 2.15385e-16 0.00182503 0.000323841 0.000731424 5.8725e-05 0.216815 0.0636689
0 2.15385e-16 -0.0001441 5.43043e-05 -0.000625771 -0.00016555 0.216286 0.0636341
0 2.15385e-16 0.0024528 0.00042084 0.00316629 0.000482544 0.217058 0.06283
0 2.15385e-16 -0.00113715 -0.000244817 0.000423564 0.000153544 0.215796 0.0632497
0 2.15385e-16 0.000775544 0.000247133 -0.00139912 -0.000295824 0.216657 0.0631336
0 2.15385e-16 0.000980617 9.67446e-05 -0.00245935 -0.000336477 0.217622 0.0634392
0 2.15385e-16 0.00133101 0.000199221 -4.76176e-05 0.000102225 0.215867 0.0635098
0 2.15385e-16 0.00305172 0.000530062 -9.91968e-05 -0.000116058 0.217261 0.063041
0 2.15385e-16 -0.000187981 -2.21109e-05 0.000492668 0.000108952 0.216804 0.0635022
0 2.15385e-16 -0.00226591 -0.000408502 -0.00104041 -0.00020662 0.218139 0.0631494
0 2.15385e-16 -0.00200381 -0.000363851 0.00112367 0.000113656 0.217482 0.0625159
0 2.15385e-16 0.00165248 0.000377869 -0.000465659 5.28747e-05 0.217064 0.063595
0 2.15385e-16 -0.000626477 -9.99235e-05 0.000441239 -2.57387e-05 0.216108 0.063314
0 2.15385e-16 0.00135334 0.000294574 0.00136681 0.000286428 0.216538 0.0627522
0 2.15385e-16 -0.00158478 -0.000263472 0.00254546 0.000404425 0.217287 0.0634973
0 2.15385e-16 -6.89116e-05 0.000137162 0.00197576 0.000331137 0.216758 0.063523
0 2.15385e-16 -0.00200893 -0.000337553 -0.00143232 -0.000295902 0.217807 0.0642249
0 2.15385e-16 0.00131568 0.00023581 -0.000749399 -9.81844e-05 0.217062 0.063553
0 2.15385e-16 0.00406966 0.000660421 -0.00111733 -0.000187235 0.216396 0.0638191
0 2.15385e-16 0.000124169 6.49836e-05 0.00137964 0.000293163 0.215639 0.0630066
0 2.15385e-16 -0.00318558 -0.000443815 0.003384 0.000654654 0.216788 0.0628521
0 2.15385e-16 0.00103302 0.000180071 -0.000223468 -0.00013408 0.217132 0.0630638
0 2.15385e-16 -0.000599376 -7.36026e-05 -0.00440749 -0.000750926 0.217083 0.0641143
0 2.15385e-16 -4.29201e-05 0.000105089 0.00163413 0.00019743 0.215567 0.0635488
0 2.15385e-16 0.00111625 0.000202101 -0.00130146 -0.000182224 0.217718 0.0630414
0 2.15385e-16 -0.0021099 -0.00035698 -0.00315538 -0.000563093 0.217012 0.0641567
0 2.15385e-16 0.00104885 0.000256558 -0.000205154 -3.5656e-05 0.215356 0.0630948
0 2.15385e-16 -0.000542376 -0.000144355 0.00062397 0.000189169 0.217471 0.0637503
0 2.15385e-16 -0.00521679 -0.000847011 -0.000327361 -9.81632e-05 0.215993 0.0632434
0 2.15385e-16 0.00126516 0.00032776 -0.00178558 -0.000339683 0.216869 0.0627458
0 2.15385e-16 -0.000478483 -0.000220101 0.00213742 0.000342177 0.216526 0.0640126
0 2.15385e-16 -0.00158678 -0.000189674 0.00242056 0.000468182 0.217512 0.0636085
0 2.15385e-16 -0.00101942 -0.000291148 0.00234506 0.000246885 0.21693 0.0641759
0 2.15385e-16 0.00218898 0.000332706 0.000250739 9.86746e-05 0.215986 0.0634383
0 2.15385e-16 -0.0036017 -0.000612457 -0.000973782 -0.00022956 0.217306 0.0633319
0 2.15385e-16 0.00386957 0.000693976 0.00024722 8.78204e-05 0.216792 0.0633844
0 2.15385e-16 0.000791527 8.26705e-05 -0.00116718 -0.000251936 0.217136 0.0626792
0 2.15385e-16 -0.00145586 -0.000192038 -0.00136194 -0.000252314 0.217104 0.0639786
0 2.15385e-16 -0.00157718 -0.000314777 0.000501758 0.000111751 0.217022 0.0637674
0 2.15385e-16 0.00166673 0.000351125 -0.00152 -0.000164921 0.216886 0.0629896
0 2.15385e-16 -0.00113891 -0.000239274 8.74443e-05 4.07769e-05 0.215974 0.0632427
0 2.15385e-16 0.000845185 0.000170971 0.00240404 0.000353505 0.217277 0.0632042
0 2.15385e-16 0.00199046 0.000348448 0.00154672 0.000264406 0.217924 0.0633119
0 2.15385e-16 0.00240542 0.000519867 -0.00110594 -0.000189887 0.217239 0.0629256
0 2.15385e-16 -0.00014339 -0.000116934 0.00162842 0.000265324 0.216738 0.0627843
0 2.15385e-16 0.00329139 0.000601916 0.000981101 0.000158419 0.217269 0.0632927
0 2.15385e-16 -0.00301854 -0.000509046 0.000453012 -2.87648e-05 0.216732 0.0632074
0 2.15385e-16 0.00283927 0.000560777 -0.00022804 7.94442e-05 0.217958 0.063016
0 2.15385e-16 -0.00226393 -0.000407906 0.00120628 9.32027e-05 0.217451 0.0632215
0 2.15385e-16 -0.00054376 -0.000142727 0.00237628 0.000415607 0.217076 0.0631224
0 2.15385e-16 -0.00199351 -0.000393456 -0.000246043 4.89982e-05 0.217909 0.0631086
0 2.15385e-16 0.000140266 -6.26464e-05 0.000949814 8.31951e-05 0.217167 0.0638132
0 2.15385e-16 0.000589245 0.000206026 0.000948949 0.000118511 0.217334 0.0629214
0 2.15385e-16 -0.00381948 -0.000617916 0.000792231 0.000120775 0.216991 0.0640975
0 2.15385e-16 -0.000115181 -0.000106688 0.001219 8.53516e-05 0.216368 0.0641302
0 2.15385e-16 0.000144884 -1.35479e-05 0.000933773 0.000148059 0.216693 0.0634579
0 2.15385e-16 0.00257789 0.000426744 -0.00239113 -0.000504338 0.216731 0.0631544
0 2.15385e-16 0.000134646 -5.72669e-05 -0.00140661 -0.000217823 0.216897 0.0632337
0 2.15385e-16 -0.000684606 -0.000169907 -0.000489403 1.74908e-05 0.218082 0.0636505
0 2.15385e-16 0.000748471 0.000237765 -0.00126808 -0.000322023 0.215793 0.0633542
0 2.15385e-16 0.00471742 0.000883905 -0.000984755 -0.000212106 0.217632 0.0636699
0 2.15385e-16 0.00258138 0.000471271 0.000513657 0.000122745 0.217104 0.063058
0 2.15385e-16 0.00140129 0.000190437 0.00155683 0.000190437 0.216103 0.0633316
0 2.15385e-16 0.00103588 0.000239333 0.00136728 0.000330555 0.217885 0.0627825
0 2.15385e-16 0.00227227 0.000412885 -0.00192105 -0.000344459 0.216552 0.0638154
0 2.15385e-16 -0.00147068 -0.000212063 0.000834777 0.000103294 0.216574 0.0632422
0 2.15385e-16 0.00118244 0.000214952 -0.00275429 -0.000444678 0.216551 0.063862
0 2.15385e-16 -0.00150493 -0.000243053 0.00120421 0.000238839 0.217543 0.063265
0 2.15385e-16 -0.00189926 -0.000203246 0.0010442 9.7757e-05 0.216304 0.0627147
0 2.15385e-16 0.0013741 0.000133158 -0.000839316 -7.61887e-05 0.216861 0.0634051
0 2.15385e-16 0.000258732 7.36199e-05 0.00205384 0.000315292 0.216673 0.063569
0 2.15385e-16 0.000449515 1.45796e-05 0.000461089 1.78382e-05 0.216186 0.063258
0 2.15385e-16 -0.000320006 5.67296e-05 0.00190002 9.17466e-05 0.215502 0.0633194
0 2.15385e-16 -0.000867739 -0.000146436 0.00025113 2.56955e-05 0.216246 0.0633137
0 2.15385e-16 0.00126207 0.000220798 -0.00124129 -0.000203658 0.217531 0.0630263
0 2.15385e-16 0.000877157 0.000173076 0.00140489 0.000290284 0.216585 0.0631014
0 2.15385e-16 -0.00141769 -0.000382926 -0.00142783 -0.00041483 0.215775 0.0628959
0 2.15385e-16 0.00189376 0.000418435 -0.00284569 -0.000397323 0.217646 0.0628404
0 2.15385e-16 0.002831 0.000677153 0.00102629 0.000216377 0.217145 0.0633934
0 2.15385e-16 -0.00233345 -0.000391975 -0.00103627 -0.000129052 0.218139 0.0636135
0 2.15385e-16 -0.00192886 -0.000387625 -0.000367484 4.98917e-05 0.21656 0.0638708
0 2.15385e-16 0.00157137 0.000214083 -0.00139299 -0.000165082 0.21731 0.0634578
0 2.15385e-16 0.00212495 0.000361757 -0.00222925 -0.000346203 0.215632 0.0633969
0 2.15385e-16 0.00176984 0.000374295 0.00187686 0.000349341 0.215709 0.0640061
0 2.15385e-16 0.000593508 2.62337e-06 -0.000708798 -0.000269958 0.217329 0.0630097
0 2.15385e-16 -0.00106082 -0.000219833 6.43281e-05 0.00012882 0.217679 0.0629614
0 2.15385e-16 0.00112851 0.000293426 -0.000475344 -0.000126479 0.217024 0.0632623
0 2.15385e-16 -0.00255694 -0.000382378 -5.97303e-05 3.01993e-05 0.217987 0.0636079
0 2.15385e-16 -0.00172985 -0.000338042 -0.00201193 -0.000334405 0.215076 0.0638633
0 2.15385e-16 4.49594e-05 6.42033e-05 0.00272234 0.00043955 0.217775 0.0633529
0 2.15385e-16 -0.000402136 -2.59666e-05 -0.000912024 -0.000183309 0.21748 0.0632318
0 2.15385e-16 -0.000963917 -0.000173538 0.00161251 0.000296726 0.217095 0.0631848
0 2.15385e-16 -0.000439367 -6.8491e-05 -0.000281449 -0.000174903 0.215998 0.0632645
0 2.15385e-16 -0.000121869 -8.59765e-05 0.000594646 0.00025213 0.215548 0.0628992
0 2.15385e-16 0.000435367 4.83172e-05 0.00213089 0.000317643 0.216598 0.064204
0 2.15385e-16 -0.00119607 -0.000265526 -0.00205936 -0.000434819 0.21769 0.0633172
0 2.15385e-16 -0.0022331 -0.000354803 0.000686591 8.06764e-05 0.21764 0.06323
0 2.15385e-16 0.00212983 0.000508162 0.00103229 0.000194418 0.21661 0.0631571
0 2.15385e-16 -0.00210118 -0.000373704 -0.00270857 -0.000589226 0.217802 0.0640348
0 2.15385e-16 -0.0014275 -0.0003368 0.0011231 0.000158941 0.216964 0.0634525
0 2.15385e-16 -0.00150171 -0.000298407 8.66395e-05 -3.14844e-05 0.216258 0.063606
0 2.15385e-16 -0.00160822 -0.000304092 -1.77552e-05 8.27201e-05 0.216778 0.0628952
0 2.15385e-16 0.000700088 8.37516e-05 0.00100592 8.31202e-05 0.215198 0.0630662
0 2.15385e-16 -0.00249764 -0.000420369 -0.00182923 -0.000194507 0.216723 0.0634229
0 2.15385e-16 0.00379578 0.000712227 -0.000430988 -0.000166395 0.218105 0.0631463
0 2.15385e-16 0.00398983 0.000646161 -0.00175317 -0.000241227 0.217417 0.064048
0 2.15385e-16 6.14183e-05 8.59424e-05 -0.000143406 -0.000124548 0.216357 0.0634021
0 2.15385e-16 3.4888e-05 0.000231106 -0.0014323 -0.000139021 0.217406 0.0636084
0 2.15385e-16 -0.00029689 -1.75326e-05 -0.00078987 -0.000130274 0.217022 0.0632223
0 2.15385e-16 0.000550994 -9.20874e-06 -0.000208825 -0.000129224 0.216304 0.063973
0 2.15385e-16 -0.000414355 -6.34274e-05 0.0015194 0.000181259 0.21613 0.0633911
0 2.15385e-16 0.00262853 0.00028287 0.00239999 0.000364468 0.218495 0.0634967
0 2.15385e-16 -0.00191135 -0.00044208 0.00330175 0.000588766 0.217327 0.063281
0 2.15385e-16 0.000643443 1.17724e-05 -0.00108045 -0.000195004 0.215487 0.0636618
0 2.15385e-16 0.0024123 0.000356443 -0.000980808 -0.000285645 0.217 0.0628423
0 2.15385e-16 0.000426485 6.40377e-06 0.000120631 -5.76875e-05 0.216132 0.0621189
0 2.15385e-16 8.64174e-05 -3.58324e-05 -0.00205395 -0.000219066 0.217434 0.0632438
0 2.15385e-16 -0.00206261 -0.000425003 -0.00331471 -0.000601299 0.218408 0.0637375
0 2.15385e-16 -0.000505485 -0.00017019 -0.00257999 -0.000371711 0.21753 0.063776
0 2.15385e-16 -0.000789614 -0.000134001 0.00196831 0.000305481 0.216093 0.0629865
0 2.15385e-16 0.000212624 -9.48714e-05 0.000217911 6.72963e-05 0.216835 0.0633709
0 2.15385e-16 0.00107986 0.00036581 -0.00141914 -0.000293398 0.217953 0.0630992
0 2.15385e-16 -0.000940254 -0.000192323 0.0035244 0.000689966 0.217157 0.0633995
0 2.15385e-16 0.00150182 0.000354948 7.30012e-05 1.02708e-05 0.216077 0.0628739
0 2.15385e-16 -0.00246624 -0.000483731 -0.000957135 -0.000193891 0.217789 0.0638091
0 2.15385e-16 0.00119921 0.000106473 -0.0017157 -0.000228673 0.21664 0.0636655
0 2.15385e-16 -0.000301714 5.77233e-06 0.000302414 8.43079e-05 0.216333 0.063414
0 2.15385e-16 0.000603597 0.00018884 -0.000970016 -0.000330616 0.216155 0.0627555
0 2.15385e-16 0.000247874 0.000105032 -0.00138196 -0.00024341 0.21658 0.0626739
0 2.15385e-16 0.00154342 0.000316494 -0.0016601 -0.000220447 0.216438 0.0635549
0 2.15385e-16 0.000283325 0.000188422 0.000484274 0.000101931 0.216019 0.0628118
0 2.15385e-16 0.000247023 -1.00176e-05 -0.00264956 -0.000369924 0.216227 0.06417
0 2.15385e-16 0.00126427 0.000226553 0.000353617 9.01414e-06 0.216914 0.0634118
0 2.15385e-16 0.0016878 0.000239801 0.0023694 0.000283714 0.216958 0.0635566
0 2.15385e-16 0.00174869 0.000311937 -0.00114328 -6.44984e-05 0.215572 0.0636579
0 2.15385e-16 -0.000455471 -1.86586e-05 -0.00373521 -0.000643218 0.217602 0.0635089
0 2.15385e-16 -0.000234309 -7.27654e-05 -0.000143706 -5.73173e-05 0.21615 0.062683
0 2.15385e-16 -0.000814871 -0.000219545 -0.000478335 -0.000144402 0.216128 0.0634246
0 2.15385e-16 -0.00260514 -0.000387834 0.000926899 0.000204305 0.216476 0.0634363
0 2.15385e-16 -0.00158779 -0.000270492 -0.00022157 6.01699e-05 0.216211 0.0639469
0 2.15385e-16 0.00303438 0.000455826 -0.000122723 -0.000113285 0.217231 0.0634057
0 2.15385e-16 -0.00187444 -0.000324686 0.00025442 1.17596e-05 0.216856 0.063333
0 2.15385e-16 -0.00132315 -0.000259674 0.000748958 0.00027417 0.217414 0.063547
0 2.15385e-16 0.00296615 0.00056011 -0.00347932 -0.000590359 0.216723 0.0636947
0 2.15385e-16 0.000643401 0.00024711 -0.000760757 -6.31072e-05 0.216573 0.0635454
0 2.15385e-16 -0.00186392 -0.000377506 0.000432522 0.000133615 0.215522 0.0642617
0 2.15385e-16 -0.000203355 1.72382e-05 -0.000685261 -8.30924e-05 0.21716 0.0638464
0 2.15385e-16 0.000755556 9.49744e-05 -8.97347e-05 -0.000143149 0.216088 0.0635073
0 2.15385e-16 -0.00097396 -0.000251138 0.00172146 0.000359775 0.216054 0.0636242
0 2.15385e-16 -0.00204418 -0.000439109 -0.0011645 -0.000204059 0.217391 0.063392
0 2.15385e-16 -0.00213626 -0.000295451 0.000581512 -8.04214e-06 0.217705 0.0629535
0 2.15385e-16 0.00112294 0.00026374 -0.0021636 -0.000321896 0.217936 0.0629172
0 2.15385e-16 -0.000466536 -0.000222774 0.00045577 0.000113571 0.217292 0.0628855
0 2.15385e-16 0.000545039 4.04013e-05 -0.0014827 -0.000258496 0.217533 0.0629693
0 2.15385e-16 0.000881233 7.87594e-05 0.000147139 3.00827e-05 0.216756 0.0631565
0 2.15385e-16 0.000225852 -1.12811e-05 0.00140076 0.000156306 0.216899 0.0636785
0 2.15385e-16 0.000492414 -3.36506e-05 0.000224102 -2.03074e-05 0.217987 0.0628651
0 2.15385e-16 -0.000616775 -0.000197287 0.00218737 0.000304681 0.217613 0.0635897
0 2.15385e-16 0.00243946 0.000452642 -0.0021986 -0.00044804 0.216257 0.0631016
0 2.15385e-16 0.00144699 0.000198596 0.00086248 0.000254005 0.217822 0.0633198
0 2.15385e-16 -0.000198799 1.13532e-05 0.0032067 0.000631889 0.218247 0.0633282
0 2.15385e-16 -0.000983309 -0.000153056 0.00199504 0.000280967 0.216551 0.063101
0 2.15385e-16 0.000830118 0.00022999 -0.000540171 -4.61304e-05 0.216986 0.0633255
0 2.15385e-16 0.00348566 0.00064319 0.002534 0.000369847 0.217937 0.0640248
0 2.15385e-16 0.00217529 0.000532166 -0.00057963 -0.000187275 0.2173 0.0636212
0 2.15385e-16 -0.00111424 -0.000155093 0.00227296 0.000434451 0.216297 0.0632871
0 2.15385e-16 -0.00303605 -0.000598509 -0.00211861 -0.000467348 0.218198 0.0635391
0 2.15385e-16 -0.00334964 -0.000533628 0.000406916 -5.4194e-05 0.219136 0.0632673
0 2.15385e-16 0.00104311 0.000218676 0.000407716 9.8616e-05 0.217098 0.0633897
0 2.15385e-16 0.00136216 0.000314375 0.00131722 0.000259144 0.215291 0.0636798
0 2.15385e-16 -0.000828972 -9.78634e-05 0.000508526 4.80255e-05 0.216622 0.0632643
0 2.15385e-16 0.00068862 0.000127439 5.58377e-05 -0.000117468 0.217717 0.0638027
0 2.15385e-16 0.000794955 0.000116885 0.000838105 6.19888e-05 0.216971 0.0634947
0 2.15385e-16 -0.0012228 -0.000311785 -0.00288894 -0.000442069 0.217448 0.0636686
0 2.15385e-16 0.00161968 0.00025145 0.00113875 0.000170022 0.217287 0.0637617
0 2.15385e-16 0.00206638 0.00042835 -0.000451473 -0.000252109 0.217014 0.0637407
0 2.15385e-16 0.00268238 0.000500012 9.92308e-05 3.16136e-05 0.217004 0.0630093
0 2.15385e-16 -0.00100499 -8.25262e-05 -0.00343944 -0.000629611 0.218847 0.0636812
0 2.15385e-16 0.000277807 2.7186e-06 0.000501586 -1.42148e-05 0.215926 0.0634132
0 2.15385e-16 -0.00342823 -0.000669296 -0.00247394 -0.000362561 0.217373 0.0638336
0 2.15385e-16 0.0047249 0.000884925 -0.00106768 -5.06369e-05 0.215638 0.0630751
0 2.15385e-16 0.00366789 0.000630238 0.00200454 0.000296607 0.217642 0.0629583
0 2.15385e-16 -0.000300202 -6.61842e-05 0.0011953 0.000187434 0.217057 0.0632152
0 2.15385e-16 0.00178943 0.000382208 0.00177436 0.000154211 0.216977 0.063984
0 2.15385e-16 -0.000227404 2.43436e-06 0.000933142 0.000190017 0.215065 0.0634885
0 2.15385e-16 -0.000242184 -0.000101303 0.00206257 0.000282075 0.215621 0.0637317
0 2.15385e-16 -0.00172155 -0.000311336 -0.00136284 -0.00026737 0.217483 0.0637628
0 2.15385e-16 -0.000311196 2.81255e-05 -0.00327105 -0.000458471 0.218475 0.063626
0 2.15385e-16 0.00354604 0.000620782 -0.00473525 -0.000644563 0.216912 0.0633496
0 2.15385e-16 -0.00171053 -0.000284495 0.000740147 2.34153e-05 0.217604 0.0630027
0 2.15385e-16 0.00148822 0.000203159 -0.00211943 -0.000391883 0.217279 0.0641326
0 2.15385e-16 0.00176231 0.000358773 -0.0013047 -0.000251246 0.217646 0.0625484
0 2.15385e-16 0.00243209 0.000509524 0.000562608 7.18001e-05 0.216852 0.0629903
0 2.15385e-16 0.00183468 0.000290334 0.000145235 2.04615e-05 0.21744 0.0631767
0 2.15385e-16 0.000362377 0.000197777 -0.000963934 -0.000198604 0.216417 0.0632117
0 2.15385e-16 -0.000933208 -0.000340444 1.42613e-06 1.64618e-05 0.216943 0.0640454
0 2.15385e-16 -2.11557e-05 -2.22786e-05 -0.00105481 -8.3676e-05 0.217445 0.0633927
0 2.15385e-16 0.00124241 0.000132554 -0.00150137 -0.000165394 0.217301 0.0631706
0 2.15385e-16 -0.00117041 -0.000327197 -0.000346046 -8.57425e-05 0.217042 0.0634489
0 2.15385e-16 0.000523662 0.000155654 0.00161708 0.000201078 0.216957 0.0636097
0 2.15385e-16 -9.97697e-05 -9.6869e-05 -0.00221616 -0.000254636 0.217334 0.0636055
0 2.15385e-16 0.000300914 -0.000117599 -0.00171047 -0.000416921 0.217103 0.062462
0 2.15385e-16 0.00236863 0.00031865 -0.00247331 -0.000399619 0.217512 0.0628996
0 2.15385e-16 -0.00177523 -0.00023261 0.00191369 0.000203373 0.216632 0.063243
0 2.15385e-16 -0.00160171 -0.000270232 0.0021669 0.000244718 0.2167 0.0633415
0 2.15385e-16 0.00323822 0.00049198 -0.0023093 -0.000400946 0.216829 0.0633684
0 2.15385e-16 0.000638665 0.000107547 -0.0030678 -0.000307848 0.218563 0.0634229
0 2.15385e-16 0.000499214 9.7873e-05 -0.000752411 -0.000122315 0.216875 0.0625305
0 2.15385e-16 -0.00077804 -0.00013248 0.00336749 0.000632953 0.216466 0.0631262
0 2.15385e-16 0.000811942 5.81036e-05 -0.0019268 -0.00026536 0.219106 0.0634068
0 2.15385e-16 -0.0018062 -0.000368332 0.00320108 0.000588148 0.218248 0.0632641
0 2.15385e-16 -0.000190315 -7.39175e-05 -0.00101007 -0.00030118 0.217193 0.0631869
0 2.15385e-16 -0.000950551 -0.000139205 -0.00254497 -0.000413605 0.217383 0.0635503
0 2.15385e-16 -0.000298098 -8.05848e-05 -0.00110665 -0.000242655 0.217535 0.0634388
0 2.15385e-16 4.14553e-05 -1.39426e-05 0.00018042 -7.03235e-05 0.216813 0.0634125
0 2.15385e-16 -0.000714654 -0.000180002 -0.0028128 -0.000505598 0.217602 0.0628503
0 2.15385e-16 -0.000729294 -9.01635e-05 0.00178722 0.000381215 0.216875 0.0636929
0 2.15385e-16 0.000925773 0.00018684 -0.00189927 -0.000400984 0.21704 0.0626535
0 2.15385e-16 -0.00360922 -0.0005234 -0.00222118 -0.000320953 0.217308 0.0633588
0 2.15385e-16 0.000300183 2.59911e-05 -0.000307312 8.30267e-06 0.216915 0.0633519
0 2.15385e-16 0.00103933 0.000154222 -0.00165839 -0.000309731 0.216398 0.0634651
0 2.15385e-16 0.00191946 0.000337337 -0.000487916 -7.41875e-05 0.216627 0.063113
0 2.15385e-16 -0.00335327 -0.0004496 -0.00135694 -0.000206865 0.21672 0.0641425
0 2.15385e-16 -0.00071472 -0.000116128 -0.00199657 -0.000389488 0.217557 0.0633204
0 2.15385e-16 -0.000157576 5.48944e-06 0.00142381 0.00011562 0.216676 0.0620847
0 2.15385e-16 0.0032727 0.000629072 0.00143643 0.000299324 0.216224 0.0631061
0 2.15385e-16 -2.5858e-05 -6.21583e-05 -0.00127801 -0.000125319 0.217527 0.0626214
0 2.15385e-16 1.22254e-05 4.85204e-05 0.00215155 0.000455091 0.216707 0.0630855
0 2.15385e-16 -0.00247698 -0.00028049 0.00227036 0.000160157 0.216594 0.0635636
0 2.15385e-16 -0.000929753 -0.000157543 -0.000764236 -0.000117424 0.219309 0.0631947
0 2.15385e-16 -0.00075196 -5.28857e-05 0.00116395 0.000275937 0.217515 0.0633872
0 2.15385e-16 0.00124784 0.000284962 -0.00159124 -0.00034437 0.216477 0.0634111
0 2.15385e-16 -0.000370028 -9.51479e-05 0.00147912 0.000113864 0.215902 0.0632668
0 2.15385e-16 -0.000106594 3.81333e-05 -0.00292264 -0.000530556 0.217525 0.0633077
0 2.15385e-16 0.00131661 0.000167904 -8.82305e-06 -0.000128551 0.216407 0.0633605
0 2.15385e-16 -0.00304925 -0.000472178 0.00142727 0.000301842 0.217481 0.0632917
0 2.15385e-16 -0.000470101 -9.13315e-05 -0.00458181 -0.000764808 0.218359 0.0637676
0 2.15385e-16 -0.00357377 -0.000624582 0.000189238 0.000105002 0.217176 0.0637079
0 2.15385e-16 0.000822282 -3.70725e-05 0.00548656 0.000810895 0.21808 0.0636263
0 2.15385e-16 -0.00157617 -7.19538e-05 0.000988974 0.000120078 0.21673 0.0629761
0 2.15385e-16 -0.00220615 -0.000281849 0.00178586 0.000376908 0.216473 0.0644426
0 2.15385e-16 0.00129545 0.000247632 0.000543434 9.32198e-05 0.215386 0.0629207
0 2.15385e-16 0.000828426 0.000137254 -0.000659413 -8.43762e-05 0.216948 0.0624538
0 2.15385e-16 -0.000199451 -0.000114561 0.00138112 0.000191065 0.21714 0.0623805
0 2.15385e-16 0.000727762 0.000124199 -0.00274823 -0.000546398 0.218254 0.0622268
0 2.15385e-16 0.00138517 0.00020385 -0.00128686 -0.000197638 0.218427 0.0625402
0 2.15385e-16 -0.000816653 -0.000245954 0.00106651 0.00024816 0.216958 0.0627303
0 2.15385e-16 -0.0036716 -0.000589186 -0.0028623 -0.000498283 0.21925 0.0635295
0 2.15385e-16 0.00312898 0.000606765 -0.00323283 -0.000539058 0.217096 0.0635532
0 2.15385e-16 0.00174185 0.000221648 0.000950431 0.000265029 0.21645 0.0629234
0 2.15385e-16 0.00196759 0.000258673 -0.00250736 -0.000368835 0.216444 0.0629955
0 2.15385e-16 0.00180467 0.000435106 0.000320745 8.50024e-05 0.217232 0.0635265
0 2.15385e-16 0.00258547 0.000494421 -0.00257584 -0.000416208 0.218316 0.0629906
0 2.15385e-16 0.00143359 0.000257495 -0.00166995 -0.000333439 0.216818 0.0626345
0 2.15385e-16 -0.000720545 8.06492e-06 -0.00400508 -0.000614761 0.217439 0.0635723
0 2.15385e-16 -0.00250076 -0.000456261 -0.000116065 0.000237761 0.217581 0.0630772
0 2.15385e-16 -0.0031193 -0.00056256 -0.000952933 -7.03965e-05 0.217352 0.0635332
0 2.15385e-16 0.000400299 7.41374e-05 0.000521494 6.4212e-05 0.216316 0.0631787
0 2.15385e-16 -0.000898504 -0.000244042 -0.00150604 -0.000298028 0.21723 0.0627788
0 2.15385e-16 0.00245197 0.000443012 -5.17341e-05 -7.42866e-05 0.216706 0.0633778
0 2.15385e-16 0.000771069 3.79638e-05 -0.000555426 -9.4904e-05 0.216818 0.0626773
0 2.15385e-16 0.00215684 0.000372448 -0.00263136 -0.000558656 0.216564 0.0623355
0 2.15385e-16 0.00110912 0.000152198 -0.00196322 -0.000172817 0.217251 0.0634663
0 2.15385e-16 0.00188496 0.000304182 -0.00254192 -0.000378447 0.215965 0.0637785
0 2.15385e-16 0.00288237 0.0005074 -0.00271454 -0.000297465 0.216711 0.0640392
0 2.15385e-16 -0.00182699 -0.000243722 -0.0011583 -4.2427e-05 0.216568 0.0634753
0 2.15385e-16 0.00441403 0.000725218 -0.00173013 -0.000238614 0.217483 0.0632448
0 2.15385e-16 -0.000546155 -4.08727e-06 -0.000421246 -8.00504e-05 0.216665 0.063212
0 2.15385e-16 0.00492519 0.000728018 0.00163154 0.000327402 0.216331 0.0630341
0 2.15385e-16 0.00126218 0.000196949 0.00256973 0.000313506 0.216343 0.0641336
0 2.15385e-16 -0.000863744 -9.83322e-05 0.00189528 0.000278114 0.217082 0.0635409
0 2.15385e-16 0.000316055 -2.406e-05 0.000794934 0.000129425 0.217066 0.0634505
0 2.15385e-16 -0.00188059 -0.000248396 0.000384972 0.000116602 0.216904 0.0630452
0 2.15385e-16 -0.00137307 -0.000308127 0.00290826 0.000465929 0.217057 0.0639068
0 2.15385e-16 -0.000985887 -0.000170497 0.00118199 7.20504e-05 0.217899 0.0624703
0 2.15385e-16 -0.00166504 -0.000227411 -0.000402523 -1.923e-06 0.217098 0.0628776
0 2.15385e-16 0.00298578 0.000514725 -5.68021e-07 -9.13871e-05 0.217653 0.0630521
0 2.15385e-16 -0.000237087 -2.29805e-05 0.000130729 4.43723e-05 0.214991 0.0628083
0 2.15385e-16 -0.000282605 -6.94124e-05 0.00167489 0.000271918 0.216714 0.0630061
0 2.15385e-16 -0.000422618 -2.04248e-05 0.000615634 0.000138027 0.216932 0.0631714
0 2.15385e-16 -0.000905238 -0.000205911 0.00277028 0.000312328 0.216152 0.0634821
0 2.15385e-16 0.000189366 4.59601e-05 0.00150662 0.000168103 0.216382 0.0632266
0 2.15385e-16 0.00451126 0.000825834 -0.00231565 -0.000422938 0.217353 0.0636407
0 2.15385e-16 -0.000635418 1.88124e-05 -6.79782e-05 -1.87041e-05 0.215275 0.0629906
0 2.15385e-16 -0.00225477 -0.000407262 0.00345523 0.000586872 0.215635 0.0634093
0 2.15385e-16 0.00265616 0.000421003 0.00164486 0.000251636 0.217669 0.0630086
0 2.15385e-16 0.00211824 0.000271976 0.000227954 6.33357e-05 0.216797 0.0631347
0 2.15385e-16 0.0053171 0.000897641 -0.00224831 -0.00023806 0.217663 0.0633191
0 2.15385e-16 -0.0020749 -0.000386473 0.000506349 8.76375e-05 0.217114 0.0626496
0 2.15385e-16 -0.000502258 -0.000177975 0.00285697 0.000371441 0.216959 0.0637563
0 2.15385e-16 0.00106554 3.72102e-05 0.00175088 0.000400801 0.217859 0.0628916
0 2.15385e-16 -0.00189662 -0.000496117 -0.00121774 -0.000213672 0.218458 0.0631831
0 2.15385e-16 0.000333729 2.9092e-05 0.000785668 2.57106e-05 0.216808 0.0626081
0 2.15385e-16 -0.000400196 3.8435e-05 0.00285259 0.00039783 0.216372 0.0636584
0 2.15385e-16 -0.000719021 -9.35996e-05 -0.00221518 -0.000352949 0.216283 0.0634068
0 2.15385e-16 -0.00109859 -0.000190296 0.00223333 0.000286911 0.216945 0.0636108
0 2.15385e-16 -0.00114167 -0.000330372 0.00123498 0.000292913 0.216232 0.0635553
0 2.15385e-16 0.00311268 0.000607209 -0.000775271 -5.5908e-05 0.216799 0.0632093
0 2.15385e-16 0.000770331 0.000157487 -0.00139637 -0.000222362 0.217885 0.0634738
0 2.15385e-16 0.00160136 0.000214501 -0.00265552 -0.000563953 0.217186 0.0632802
0 2.15385e-16 0.000689233 0.000167838 0.00318394 0.000753541 0.217418 0.0632892
0 2.15385e-16 0.00169665 0.000288188 -0.000803084 -0.00016528 0.216161 0.0640211
0 2.15385e-16 0.00143774 0.000368917 0.00172396 0.000291347 0.216222 0.0631549
0 2.15385e-16 -0.0013453 -0.000283166 0.000683116 7.99758e-05 0.216049 0.0632857
0 2.15385e-16 0.00106153 0.000205995 0.00112789 0.000124302 0.215966 0.0634533
0 2.15385e-16 -0.00336554 -0.000585299 0.000794757 7.01854e-05 0.216247 0.0635034
0 2.15385e-16 0.00133026 0.000236557 -0.000407401 -7.00958e-05 0.217046 0.0630007
0 2.15385e-16 -0.00109681 -0.00014658 -0.000105186 5.2034e-06 0.21625 0.0637335
0 2.15385e-16 -0.00014319 -4.18108e-05 0.000880322 0.000130218 0.215887 0.0631246
0 2.15385e-16 0.00248252 0.000310433 0.00272725 0.000403862 0.217148 0.063127
0 2.15385e-16 -2.74576e-05 0.000132832 0.00247446 0.000348163 0.215459 0.0632614
0 2.15385e-16 0.0016422 0.000199597 -0.000981723 -0.000229597 0.216949 0.063654
0 2.15385e-16 -0.00240481 -0.000451323 -0.00228331 -0.000384281 0.218357 0.0636932
0 2.15385e-16 0.000529943 0.000164575 -0.00209817 -0.000428258 0.216428 0.0642159
0 2.15385e-16 -7.57111e-05 0.000188282 0.00160117 0.000221063 0.217091 0.0630788
0 2.15385e-16 0.00344174 0.000601189 -0.00283766 -0.000529568 0.217701 0.0631899
0 2.15385e-16 0.00265699 0.000365585 -0.000637845 -0.000108593 0.217323 0.0625731
0 2.15385e-16 0.00149245 0.000393301 -0.000422145 -0.000186636 0.217441 0.063259
0 2.15385e-16 0.000379301 1.34356e-05 -0.00156239 -0.000322825 0.216053 0.0636097
0 2.15385e-16 0.000435364 0.000123882 -0.00165385 -0.000232295 0.216939 0.0634546
0 2.15385e-16 0.000450635 0.000257983 0.00144935 0.000117982 0.216458 0.0632338
0 2.15385e-16 0.00399575 0.00069014 -0.00361418 -0.000631329 0.216729 0.0639063
0 2.15385e-16 -0.00272375 -0.000543384 0.00101965 0.00032077 0.217961 0.063784
0 2.15385e-16 0.00130977 0.000291692 0.000163349 -1.82216e-05 0.216619 0.063715
0 2.15385e-16 -0.00156427 -0.000243774 0.000649627 5.92471e-05 0.217558 0.0633971
0 2.15385e-16 -0.00194089 -0.000378271 -0.00121388 -0.000242208 0.216499 0.0632553
0 2.15385e-16 4.9603e-05 6.758e-05 -0.00142456 -0.000199099 0.2171 0.0640473
0 2.15385e-16 -0.000814726 -0.000138163 -0.000938091 -6.55048e-05 0.216298 0.0638145
0 2.15385e-16 0.00111637 0.000163749 0.00346473 0.000678772 0.216149 0.0633516
0 2.15385e-16 0.00139673 0.000262063 0.00196669 0.000164818 0.21728 0.0633316
0 2.15385e-16 -0.001059 -0.000157759 0.000841718 2.82222e-05 0.217654 0.0633689
0 2.15385e-16 0.000994307 0.000170957 -0.000664291 -0.000107045 0.216643 0.0631002
0 2.15385e-16 -0.000419326 -0.000157214 -0.00101561 -0.000105636 0.216017 0.0638073
0 2.15385e-16 0.00213012 0.00029393 -0.000638115 -0.000128863 0.215917 0.0635255
0 2.15385e-16 0.00103224 0.000155912 -0.00133525 -3.92289e-05 0.217107 0.0637979
0 2.15385e-16 -0.00174168 -0.000277962 -0.00191633 -0.000208689 0.216937 0.063952
0 2.15385e-16 -0.00218985 -0.000298139 -3.05163e-05 -1.99092e-05 0.216169 0.0635309
0 2.15385e-16 -0.00500635 -0.000883464 0.00172387 0.000278697 0.217631 0.0629702
0 2.15385e-16 0.000582484 0.000117013 -0.000374128 -0.000128468 0.216999 0.0632094
0 2.15385e-16 0.000225212 3.98286e-05 -0.0019737 -0.000430836 0.217408 0.0636053
0 2.15385e-16 -2.7501e-05 -4.56281e-06 -0.000320804 9.52029e-05 0.2168 0.0633417
0 2.15385e-16 -0.000480061 -5.87527e-05 -0.0020309 -0.000247083 0.217645 0.0639974
0 2.15385e-16 -0.00118738 -0.000320532 -0.00089749 -0.000117897 0.217431 0.0630683
0 2.15385e-16 0.000390315 0.000132142 0.00221175 0.000243651 0.215632 0.0630565
0 2.15385e-16 0.00152155 0.000254764 -0.00342162 -0.000556435 0.216984 0.0632808
0 2.15385e-16 0.000147342 3.55984e-05 -0.00343879 -0.000500058 0.219595 0.0636453
0 2.15385e-16 0.00223823 0.000347024 -0.00313893 -0.000562358 0.218398 0.0632667
0 2.15385e-16 6.41113e-05 -6.1339e-05 0.000426603 0.000181773 0.216921 0.0637661
0 2.15385e-16 -2.92917e-05 -9.29147e-05 0.00225285 0.000273479 0.216416 0.063844
0 2.15385e-16 -0.000995999 -0.000195991 0.0019488 0.000379191 0.216836 0.0632569
0 2.15385e-16 -0.00383694 -0.000568516 -0.00160058 -0.000236521 0.217314 0.0636351
0 2.15385e-16 -0.000409195 -4.41128e-05 -0.000977947 -0.000210407 0.216827 0.0635567
0 2.15385e-16 0.000587122 6.1203e-05 0.00185133 0.000344066 0.216057 0.0633167
0 2.15385e-16 -0.000401324 -5.07508e-05 0.00164033 0.000168724 0.217144 0.0626004
0 2.15385e-16 0.000403471 0.000100048 0.00128326 0.00016488 0.216355 0.0632377
0 2.15385e-16 0.00170869 0.000325919 0.000355596 8.03773e-05 0.217652 0.06314
0 2.15385e-16 0.0011017 0.000198012 0.00168401 0.000339262 0.216985 0.063078
0 2.15385e-16 0.00132425 0.000211437 -0.00156418 -0.000204808 0.215713 0.0631782
0 2.15385e-16 0.000521654 5.39376e-05 -0.000883821 -0.000109826 0.216544 0.0632216
0 2.15385e-16 -0.00117013 -0.000251736 -0.00130572 -7.09031e-05 0.216233 0.0630866
0 2.15385e-16 0.00100232 0.000251602 -0.000649621 -5.31366e-06 0.215615 0.0638718
0 2.15385e-16 0.00123579 0.00022029 -0.00365821 -0.000524716 0.217806 0.0633558
0 2.15385e-16 -5.2809e-05 9.64477e-05 0.000627198 -1.10835e-06 0.21628 0.0626762
0 2.15385e-16 -0.000523299 -5.762e-05 -5.24189e-05 -6.18768e-06 0.217014 0.0636312
0 2.15385e-16 0.00153055 0.000200852 0.00207768 0.000210895 0.216708 0.0634836
0 2.15385e-16 -0.0010583 -0.000162245 -0.00135427 -0.000367331 0.217847 0.0626738
0 2.15385e-16 -0.00086066 -0.000230911 -0.00161499 -0.000112397 0.215865 0.0647259
0 2.15385e-16 0.00140509 0.000215596 0.00148102 0.000227994 0.21692 0.063537
0 2.15385e-16 -0.00132475 -0.000134599 0.000415043 0.000106089 0.216101 0.0626645
0 2.15385e-16 0.00242759 0.000382383 0.00209716 0.000227119 0.216526 0.0630986
0 2.15385e-16 -0.00125099 -0.000368498 0.00114076 0.000162846 0.216964 0.0633029
0 2.15385e-16 -0.00167537 -0.000140987 0.00347595 0.000483031 0.215716 0.0632537
0 2.15385e-16 -0.000226495 -9.25692e-05 0.00195392 0.000232976 0.215823 0.0634412
0 2.15385e-16 0.000485675 8.1739e-05 -0.00184653 -0.000421695 0.217062 0.0633262
0 2.15385e-16 0.0026373 0.00055061 -0.00151077 -0.00036921 0.217509 0.063021
0 2.15385e-16 -0.00504783 -0.000913045 0.00021141 9.96293e-05 0.217182 0.0634884
0 2.15385e-16 5.40874e-05 2.33806e-05 0.00157662 0.000246483 0.215737 0.0633904
0 2.15385e-16 0.000272689 2.57843e-05 0.00241318 0.000182006 0.215351 0.0632998
0 2.15385e-16 -0.000586202 -0.000146409 -0.00127114 -0.0003561 0.217303 0.0629672
0 2.15385e-16 0.000804883 0.000220788 0.00255853 0.000383934 0.216871 0.0638903
0 2.15385e-16 0.000407658 3.90589e-06 0.00034005 -6.05308e-05 0.217926 0.0630501
0 2.15385e-16 0.000843699 -0.000114381 -4.14781e-05 8.445e-05 0.217549 0.0634807
0 2.15385e-16 6.39862e-05 -5.04711e-05 -0.00236615 -0.000423597 0.217772 0.0634005
0 2.15385e-16 0.000711653 9.2049e-05 -0.00442905 -0.000742959 0.217108 0.0632573
0 2.15385e-16 -0.00362351 -0.000645559 0.0023325 0.000444716 0.21812 0.0638703
0 2.15385e-16 -0.000231532 -5.07707e-05 -0.00357137 -0.000652729 0.21685 0.063685
0 2.15385e-16 0.000124366 5.4119e-05 0.000633367 0.000269982 0.217734 0.0631928
0 2.15385e-16 -0.00116608 -0.000362582 0.000533681 6.58851e-05 0.216568 0.0627545
0 2.15385e-16 -0.00209779 -0.00022563 -0.00239048 -0.000399118 0.217419 0.0638731
0 2.15385e-16 0.00123749 0.000314202 -0.00039009 -0.000237805 0.216437 0.0634325
0 2.15385e-16 -0.0009651 -0.000227942 -0.00146841 -0.000304582 0.217325 0.0631022
0 2.15385e-16 0.00165156 0.000260423 0.00149945 0.000248441 0.217206 0.0631011
0 2.15385e-16 -0.00220626 -0.000295796 0.000941178 0.000159802 0.216492 0.0641361
0 2.15385e-16 -0.00103062 -2.22792e-05 -0.00061923 -0.000154466 0.218204 0.063858
0 2.15385e-16 -0.00128951 -0.000281204 -0.00125975 -0.000210029 0.217678 0.0633927
0 2.15385e-16 0.000976818 0.000184141 -0.00124901 -0.000246352 0.215681 0.0638139
0 2.15385e-16 0.000360836 0.000178825 0.00277789 0.000493201 0.21694 0.0632292
0 2.15385e-16 -0.000882864 -0.000169839 -0.00183317 -0.000161597 0.218477 0.0634977
0 2.15385e-16 0.00039379 0.000176402 0.00235213 0.000286357 0.215168 0.0642213
0 2.15385e-16 -0.00285781 -0.000374261 -0.000871267 -0.00014721 0.2173 0.0632747
0 2.15385e-16 -0.000736295 -3.14794e-05 0.00180993 0.000330404 0.216844 0.0643366
0 2.15385e-16 0.00128182 0.000242694 0.00372162 0.000626589 0.216621 0.0632393
0 2.15385e-16 0.000199984 3.83097e-05 -0.00225838 -0.000324717 0.217984 0.0632104
0 2.15385e-16 -0.000727584 -0.000181334 -0.00204085 -0.000399997 0.217943 0.0630085
0 2.15385e-16 0.00301883 0.000571908 0.00104129 0.000277995 0.215772 0.0629899
0 2.15385e-16 -0.00295473 -0.000597179 0.00343608 0.000283272 0.216077 0.0640723
0 2.15385e-16 -0.000237409 -9.53592e-05 0.00130572 0.000123418 0.215903 0.0634949
0 2.15385e-16 0.00222061 0.000401495 0.00278463 0.000360967 0.217351 0.0639889
0 2.15385e-16 1.51321e-05 1.91242e-05 0.00139167 0.000217641 0.216148 0.063439
0 2.15385e-16 -0.00510412 -0.00105018 -0.00152093 -0.000306352 0.218688 0.0635263
0 2.15385e-16 0.00364314 0.00055909 0.00178667 0.000407566 0.217388 0.0638854
0 2.15385e-16 0.000425593 0.000166624 2.83246e-05 -4.08023e-05 0.216154 0.0636823
0 2.15385e-16 -0.00057185 -6.58738e-05 -8.01129e-05 0.000155415 0.216866 0.0630143
0 2.15385e-16 -0.0010038 -0.000162653 -0.0015716 -0.000221124 0.21809 0.0632127
0 2.15385e-16 -0.000459039 -0.000110903 -0.00242493 -0.000318439 0.218078 0.0633554
0 2.15385e-16 0.000572735 9.8495e-05 -0.00359514 -0.000636608 0.217263 0.0637383
0 2.15385e-16 0.000398103 0.000126162 -0.00170151 -0.000301195 0.21695 0.0628441
0 2.15385e-16 0.00348289 0.000681209 0.00101583 0.000113696 0.216739 0.0625505
0 2.15385e-16 -0.00266533 -0.000464001 0.0011847 0.0001384 0.217074 0.0630617
0 2.15385e-16 -0.000777702 -0.000100358 -0.00282379 -0.000617288 0.217949 0.0638259
0 2.15385e-16 0.00354292 0.000595411 -0.00164178 -8.96595e-05 0.217547 0.0635481
0 2.15385e-16 0.00126164 0.000237303 -0.00152951 -0.000162991 0.216163 0.0644033
0 2.15385e-16 -0.00177211 -0.000207586 0.00167794 0.000267917 0.217961 0.0632151
0 2.15385e-16 -0.000529333 -0.000152496 0.00184449 0.000221823 0.216942 0.0630932
0 2.15385e-16 -0.00312778 -0.000621564 0.00267431 0.000456646 0.218321 0.0631711
0 2.15385e-16 0.000922496 0.000167588 0.00316234 0.000509868 0.216609 0.0633661
0 2.15385e-16 -0.00155735 -0.000382234 -0.000544909 -0.000189571 0.218391 0.0627278
0 2.15385e-16 0.00134331 0.000165152 0.00126871 0.000282029 0.217484 0.0633441
0 2.15385e-16 -0.000651532 -0.000147515 0.00111185 0.000173656 0.216149 0.0638714
0 2.15385e-16 0.000605163 0.00012195 -0.00144069 -0.000299989 0.218344 0.0628539
0 2.15385e-16 0.00282814 0.000472782 0.00128341 0.000213919 0.217469 0.063202
0 2.15385e-16 0.00231707 0.000385965 0.000677953 7.19394e-05 0.217284 0.0636428
0 2.15385e-16 0.00219333 0.000484377 0.00360241 0.000575422 0.217417 0.0636197
0 2.15385e-16 0.00125801 0.000204856 -0.00139458 -3.69045e-05 0.217294 0.0631539
0 2.15385e-16 0.00104944 0.000234252 -0.00148092 -0.000273913 0.216352 0.063489
0 2.15385e-16 0.00197399 0.000277429 0.000231295 -2.53823e-05 0.215943 0.0631873
0 2.15385e-16 -0.000239795 -4.32225e-05 0.000423037 -0.000126908 0.21597 0.0628134
0 2.15385e-16 -0.00212106 -0.00016195 0.00159624 0.000268966 0.217739 0.063814
0 2.15385e-16 0.00125263 0.000200014 -0.00168606 -0.000335955 0.21782 0.0627845
0 2.15385e-16 -0.000575354 -0.000110733 0.000550709 0.00017384 0.21712 0.0629757
0 2.15385e-16 -0.00221113 -0.000394794 -5.43579e-05 0.000110835 0.217058 0.0634108
0 2.15385e-16 -0.000239505 -7.2983e-05 -0.00114136 -0.000206813 0.216427 0.0633226
0 2.15385e-16 0.000907677 0.000137779 0.002222 0.000385023 0.217339 0.0634379
0 2.15385e-16 -0.00123699 -0.000216918 0.0057565 0.00095667 0.217291 0.0636007
0 2.15385e-16 0.000163453 0.000124576 -0.000635623 -3.9496e-05 0.216795 0.0636173
0 2.15385e-16 0.00207247 0.000408337 -0.000616093 4.85363e-07 0.215391 0.0634154
0 2.15385e-16 0.000408192 -3.39983e-06 0.000500158 9.36931e-05 0.216518 0.0627541
0 2.15385e-16 -0.000745955 -0.000225776 -0.00075343 -0.000148608 0.217064 0.0631991
0 2.15385e-16 -0.00253694 -0.000452186 -0.00148751 -0.000374603 0.217897 0.0635497
0 2.15385e-16 -0.000575013 -0.000175614 0.00422173 0.000624398 0.21674 0.0632504
0 2.15385e-16 0.000396361 5.75302e-05 -0.000751402 -0.000126448 0.215887 0.0634664
0 2.15385e-16 -0.000428615 -7.27747e-05 6.5008e-05 0.000137248 0.216539 0.0634708
0 2.15385e-16 -0.00193724 -0.000325522 0.000830022 0.000183002 0.218139 0.0630399
0 2.15385e-16 0.00171787 0.000221384 -0.000270953 1.59357e-05 0.217184 0.0630957
0 2.15385e-16 0.00314959 0.000474691 0.000862544 0.000146236 0.216155 0.063738
0 2.15385e-16 0.00188875 0.000230877 0.00273821 0.000440929 0.216695 0.0633552
0 2.15385e-16 0.000312795 7.6712e-05 -0.00229813 -0.000434164 0.217864 0.0640457
0 2.15385e-16 5.84553e-05 -0.000142928 -0.00163446 -0.000364263 0.216476 0.0630412
0 2.15385e-16 -0.00103127 -0.000287046 -0.0034105 -0.00070713 0.217529 0.0638305
0 2.15385e-16 0.000682782 0.000117936 2.50481e-05 6.2712e-05 0.217776 0.0630845
0 2.15385e-16 0.0040658 0.000751554 0.000237378 6.70713e-05 0.217166 0.0630802
0 2.15385e-16 -0.00155681 -0.000269398 0.000631985 0.000108274 0.217601 0.0634297
0 2.15385e-16 -0.00225176 -0.000363555 -0.00159525 -0.000279098 0.218104 0.0632159
0 2.15385e-16 0.00206663 0.000455758 -0.000928848 -0.000105309 0.215725 0.0638209
0 2.15385e-16 0.000200217 0.000113345 -0.000369467 -0.000153863 0.216427 0.0630019
0 2.15385e-16 -0.00389551 -0.000686897 7.54108e-05 3.36943e-05 0.21565 0.0632827
0 2.15385e-16 -0.000831137 -6.93357e-05 0.000189885 -0.000113302 0.216579 0.0630209
0 2.15385e-16 -0.000664481 -0.000101935 -0.000614839 -2.29086e-05 0.217507 0.0626166
0 2.15385e-16 0.000327541 4.929e-05 0.00197308 0.000346901 0.217262 0.0631973
0 2.15385e-16 -0.00422808 -0.00069952 -0.000869157 -2.65914e-05 0.216051 0.0634768
0 2.15385e-16 -0.00285628 -0.00054422 -0.000263876 -4.21506e-05 0.217592 0.0636737
0 2.15385e-16 0.00032623 7.55524e-05 0.00188952 0.000343215 0.216054 0.0637826
0 2.15385e-16 -0.000497932 -0.000156945 -0.00219029 -0.000329624 0.21723 0.062837
0 2.15385e-16 -0.000148542 -0.000167592 0.000807208 1.38408e-05 0.216925 0.0628825
0 2.15385e-16 0.00316828 0.000334972 0.000206628 2.4235e-05 0.216479 0.0631524
0 2.15385e-16 0.000937503 0.000246389 -6.12481e-05 -6.22332e-05 0.215959 0.0629188
0 2.15385e-16 0.000368603 -3.27514e-05 0.00158872 0.000222191 0.218665 0.0630062
0 2.15385e-16 0.000336408 -6.83781e-05 0.000651321 0.000245823 0.216228 0.0638147
0 2.15385e-16 -0.00311933 -0.00066798 -0.00076219 -0.000140094 0.21787 0.063894
0 2.15385e-16 0.00180269 0.000333432 -0.00144918 -0.00013529 0.217337 0.0629785
0 2.15385e-16 -0.00280963 -0.000454244 -8.29677e-05 7.20933e-05 0.217505 0.0635385
0 2.15385e-16 0.00255366 0.00030757 0.00245797 0.000525199 0.21726 0.0638394
0 2.15385e-16 -0.0023428 -0.000228093 -0.000132484 -4.2462e-05 0.216382 0.0639208
0 2.15385e-16 0.00141189 0.000247305 0.0011222 0.000263626 0.217028 0.0629438
0 2.15385e-16 -0.000330673 -2.62584e-05 0.00303145 0.000517634 0.216325 0.0634292
0 2.15385e-16 -0.000327962 -9.6178e-05 -0.000126671 5.6571e-05 0.217506 0.0620047
0 2.15385e-16 0.00209439 0.000342649 -8.36874e-05 0.000133693 0.216645 0.0636134
0 2.15385e-16 0.00191201 0.000364145 -0.000436369 -9.65417e-05 0.216745 0.0632801
0 2.15385e-16 -0.000636221 -0.000160923 -0.00255621 -0.000439498 0.217363 0.0632649
0 2.15385e-16 0.000988788 0.000264539 -0.00322285 -0.000487367 0.218559 0.0635093
0 2.15385e-16 0.000695162 5.39198e-05 -0.000163965 -6.21591e-05 0.216058 0.06362
0 2.15385e-16 0.00152809 0.000167324 0.000375543 0.000238176 0.215762 0.0640167
0 2.15385e-16 0.00106397 0.000122987 -0.000288575 -6.44187e-05 0.217179 0.0629784
0 2.15385e-16 -0.000310815 0.000101262 -0.000656905 -0.000211594 0.216456 0.0633703
0 2.15385e-16 -0.000855959 -0.000155906 0.000674091 4.23745e-05 0.216214 0.0638166
0 2.15385e-16 0.000908988 0.000201392 0.0010371 0.000180835 0.218334 0.0630448
0 2.15385e-16 -0.000483911 -8.57409e-05 4.57996e-05 1.66383e-05 0.215849 0.0626941
0 2.15385e-16 -0.00184486 -0.000253837 -0.00217973 -0.000447394 0.21905 0.0639572
0 2.15385e-16 0.00115586 0.000225983 -0.000449765 -9.3323e-05 0.215708 0.0631289
0 2.15385e-16 -0.000480345 -0.000170963 -0.00010238 -0.000108308 0.216916 0.0627927
0 2.15385e-16 0.00113562 0.00031115 -0.00237505 -0.000260741 0.217364 0.0638336
0 2.15385e-16 0.00336862 0.00065309 -0.00126288 -0.00011048 0.217035 0.0633516
0 2.15385e-16 0.00184262 0.000300336 0.000429948 8.84056e-05 0.217382 0.0630104
0 2.15385e-16 0.00134569 0.000223033 -0.00420935 -0.00057108 0.218205 0.0633761
0 2.15385e-16 0.000997031 6.91906e-05 -0.000722143 -0.000159135 0.215658 0.0637652
0 2.15385e-16 0.00338733 0.000616421 -0.00130026 -0.000241155 0.216442 0.0637148
0 2.15385e-16 0.000109032 7.85772e-05 -0.000147918 7.4513e-06 0.215985 0.0632302
0 2.15385e-16 0.000187267 0.000106582 0.000347374 8.69588e-05 0.215934 0.0634776
0 2.15385e-16 0.00154689 0.0002632 -0.000989508 -0.000126486 0.216891 0.0633949
0 2.15385e-16 0.00441427 0.000646796 0.00355912 0.000610586 0.21669 0.0637591
0 2.15385e-16 -0.000183035 -8.07184e-05 0.00078869 5.38426e-05 0.216119 0.0633194
0 2.15385e-16 -0.000302847 -0.000130969 0.00119577 0.000346686 0.216722 0.0637033
0 2.15385e-16 0.0022951 0.000428705 -0.000630307 -3.2524e-05 0.216574 0.0630629
0 2.15385e-16 -8.36931e-05 -6.97019e-05 0.000557375 3.34156e-05 0.21684 0.0634151
0 2.15385e-16 0.000909711 -7.04555e-06 -0.00114552 -0.000131454 0.215988 0.0636497
0 2.15385e-16 0.00256153 0.000397571 -0.0013248 -0.000208318 0.21653 0.0637076
0 2.15385e-16 0.000876547 0.000147211 0.00562891 0.000875374 0.216639 0.0632177
0 2.15385e-16 0.000244571 -2.32825e-05 0.00210516 0.000267556 0.217441 0.0637797
0 2.15385e-16 0.0030877 0.000630481 0.00155008 0.000185644 0.217201 0.0636528
0 2.15385e-16 0.00105532 0.000144229 -0.00261596 -0.000428327 0.216506 0.0635194
0 2.15385e-16 -0.000257407 3.70408e-05 0.000129763 -4.26181e-05 0.215986 0.063118
0 2.15385e-16 -8.19307e-05 -4.81781e-05 5.84888e-06 7.13072e-05 0.216183 0.0636078
0 2.15385e-16 -0.00298218 -0.000510181 -0.00256797 -0.000474928 0.217188 0.064093
0 2.15385e-16 0.00507486 0.000968416 0.00229433 0.000443789 0.218975 0.0636809
0 2.15385e-16 0.00298347 0.000618526 0.000884564 4.54122e-05 0.217693 0.0628199
0 2.15385e-16 0.0002499 1.97918e-05 0.000475126 0.000243088 0.216677 0.0632157
0 2.15385e-16 0.00116559 0.000168126 0.0023639 0.000182963 0.216582 0.0637876
0 2.15385e-16 0.00304602 0.000415844 -0.000480895 -6.69842e-06 0.21749 0.0636233
0 2.15385e-16 0.000540196 0.000205573 0.0011106 0.00030092 0.21675 0.0627947
0 2.15385e-16 0.000112635 0.00012363 -0.0012312 -0.000255509 0.216892 0.0638025
0 2.15385e-16 -0.000253636 -7.05824e-06 -0.00199417 -0.000331344 0.215681 0.0640291
0 2.15385e-16 -0.000306387 -3.41063e-05 -0.000306749 -0.00012362 0.216353 0.0630078
0 2.15385e-16 -0.00139539 -0.000346445 0.000842883 6.34614e-05 0.215581 0.0636296
0 2.15385e-16 -0.00273139 -0.000482117 -0.00043542 -1.42025e-05 0.218424 0.0630971
0 2.15385e-16 -0.000791769 -0.000180878 -0.00251735 -0.000337483 0.216391 0.0634461
0 2.15385e-16 0.000248951 -5.26535e-07 0.00283904 0.000541625 0.216234 0.0629571
0 2.15385e-16 0.00215171 0.000320614 0.00116899 0.000185063 0.216953 0.0631361
0 2.15385e-16 0.00158698 0.000127557 0.0013033 0.00025407 0.217066 0.0638267
0 2.15385e-16 0.000378431 -6.64293e-05 -0.00197699 -0.000396762 0.21713 0.0634137
0 2.15385e-16 0.00286908 0.000616845 0.00137833 0.000260687 0.217975 0.0635611
0 2.15385e-16 0.00215029 0.000389625 0.000410014 4.11723e-05 0.216637 0.0636969
0 2.15385e-16 -0.000195555 8.59591e-05 -0.00185093 -0.00034603 0.215621 0.0630478
0 2.15385e-16 -0.00329429 -0.000482879 0.000371171 0.000100402 0.217509 0.0633353
0 2.15385e-16 -0.00301693 -0.000384107 -0.0021985 -0.000270935 0.216732 0.0636632
0 2.15385e-16 0.00219999 0.00042247 -0.00114169 -0.000147169 0.217241 0.0631191
0 2.15385e-16 0.00555478 0.000797651 0.00133183 0.000261212 0.21664 0.0641589
0 2.15385e-16 -0.00233153 -0.00042977 0.00119054 3.99334e-05 0.216915 0.0632352
0 2.15385e-16 0.00272245 0.000567145 -0.00108355 -0.000145039 0.216568 0.0634062
0 2.15385e-16 -0.00442276 -0.000695258 0.000704343 0.00015201 0.216132 0.0632513
0 2.15385e-16 -0.000326682 -0.000105342 0.000146574 -4.41361e-05 0.215073 0.0638042
0 2.15385e-16 0.00126859 0.000394972 -0.0011004 -0.000210833 0.216491 0.0630063
0 2.15385e-16 0.00220328 0.000425425 0.00102038 8.20556e-05 0.217437 0.0634018
0 2.15385e-16 0.000977035 -6.02549e-05 -0.0013127 -0.000142654 0.215979 0.063485
0 2.15385e-16 0.0016298 0.000343683 -0.00182672 -0.000376959 0.216823 0.0627612
0 2.15385e-16 0.000287199 4.87268e-05 0.00216303 0.000370985 0.218187 0.0625351
0 2.15385e-16 0.00134734 0.000254844 0.00145233 0.000148985 0.216434 0.0629405
0 2.15385e-16 0.000886792 0.000236359 0.000931293 0.000155106 0.216258 0.0636437
0 2.15385e-16 -0.00175777 -0.00035773 -0.0012471 -0.000153002 0.218399 0.0632201
0 2.15385e-16 -0.00173068 -0.000276512 -0.000619115 1.40179e-05 0.217361 0.0633305
0 2.15385e-16 0.00212167 0.000448692 0.000368261 3.5649e-05 0.216314 0.0628845
0 2.15385e-16 0.000748464 0.000191657 -0.00153592 -0.000280357 0.215831 0.0628095
0 2.15385e-16 0.000397205 0.000107949 0.00238666 0.000323808 0.21624 0.0639731
0 2.15385e-16 -0.00212805 -0.000433945 -4.40454e-05 -0.000111318 0.216872 0.0631768
0 2.15385e-16 0.00345258 0.000673618 0.00171431 0.000116881 0.217152 0.0635844
0 2.15385e-16 -0.0018514 -0.000282075 0.00328336 0.000438694 0.217216 0.0632539
0 2.15385e-16 0.000307742 0.000153978 -0.000548565 -0.000117681 0.216713 0.0636037
0 2.15385e-16 0.000185896 4.38062e-05 0.000809127 5.92598e-05 0.216916 0.0631882
0 2.15385e-16 -0.00332701 -0.000622499 0.00369951 0.000715812 0.218696 0.0630061
0 2.15385e-16 -0.000371901 -0.000142184 -0.00278176 -0.000565016 0.217571 0.0628962
0 2.15385e-16 -0.00142113 -0.000250698 0.0022285 0.000357763 0.216797 0.0632658
0 2.15385e-16 2.12237e-05 0.0001028 -0.00024464 -2.40305e-05 0.215875 0.0630403
0 2.15385e-16 -0.00298623 -0.000626332 -0.000464504 -9.1338e-05 0.216544 0.0639671
0 2.15385e-16 0.00200992 0.000305244 -0.00110469 -0.000210836 0.215371 0.0636615
0 2.15385e-16 0.000324155 7.08016e-05 -0.000350645 4.11034e-05 0.216114 0.0629855
0 2.15385e-16 -0.00182443 -0.000320995 0.00104443 0.000197652 0.217596 0.062981
0 2.15385e-16 -0.00380496 -0.000595643 0.00112065 0.000246555 0.217243 0.0635638
0 2.15385e-16 0.00261811 0.000439342 0.00380737 0.000661466 0.217389 0.0634385
0 2.15385e-16 -0.00380279 -0.000676206 -0.000787032 -0.000197842 0.217692 0.0638766
0 2.15385e-16 6.2194e-05 5.22242e-05 -0.00261675 -0.000443497 0.215998 0.0635946
0 2.15385e-16 0.000103102 0.000183484 0.00214367 0.000279536 0.217819 0.063455
0 2.15385e-16 0.00110856 0.000131473 0.00316561 0.00048094 0.217539 0.0633742
0 2.15385e-16 -0.002259 -0.000346207 0.000967323 0.000259854 0.217602 0.0638264
0 2.15385e-16 0.00473806 0.000895083 -0.0017951 -0.00027523 0.217498 0.0643023
0 2.15385e-16 -0.000275372 -5.1752e-06 0.00171621 0.000372307 0.216957 0.0631894
0 2.15385e-16 -0.000161769 4.2564e-05 -0.002237 -0.000321177 0.217538 0.0633336
0 2.15385e-16 0.00266409 0.000525226 0.00333501 0.000484817 0.217957 0.0631083
0 2.15385e-16 0.00188974 0.000373016 0.00630879 0.00106533 0.216506 0.0632721
0 2.15385e-16 0.000515411 0.000104682 0.000571413 0.000123785 0.217701 0.0629849
0 2.15385e-16 -0.00130757 -0.000122386 -0.000407401 -0.000122747 0.21633 0.063864
0 2.15385e-16 -0.000112732 -9.2176e-06 -0.00168054 -5.07988e-05 0.218203 0.0631101
0 2.15385e-16 0.00159859 0.000242361 -0.0036435 -0.000577293 0.218065 0.0629163
0 2.15385e-16 -8.68011e-06 -2.21214e-05 0.00165887 0.000209063 0.217331 0.0632696
0 2.15385e-16 0.000561082 2.51343e-05 0.00135705 0.000215148 0.215129 0.0638889
0 2.15385e-16 -0.000681682 -0.000151267 0.00237415 0.000362623 0.217333 0.0638278
0 2.15385e-16 -0.00130927 -0.000296106 0.000898987 0.000238189 0.217226 0.0628331
0 2.15385e-16 -0.000832385 -8.29765e-05 -0.00244535 -0.00029517 0.217966 0.0635092
0 2.15385e-16 0.000388299 -2.15169e-05 -0.000690744 -0.000149459 0.215931 0.0635435
0 2.15385e-16 0.00449507 0.000883274 0.0021536 0.000355737 0.216802 0.0633243
0 2.15385e-16 -0.00102431 -0.000162111 0.00249433 0.000488862 0.217025 0.0631577
0 2.15385e-16 0.00123725 0.000143627 0.00106802 5.06867e-05 0.217116 0.0633316
0 2.15385e-16 -0.000102897 -2.69402e-05 0.00223115 0.000370484 0.21554 0.0630682
0 2.15385e-16 0.00392235 0.000691059 0.00128572 0.000233088 0.217453 0.0635876
0 2.15385e-16 0.000855609 0.000182675 0.00264252 0.000413535 0.217267 0.0626907
0 2.15385e-16 -0.000975789 -8.90896e-05 -0.00147774 -0.000186153 0.217565 0.0627865
0 2.15385e-16 0.0012224 4.6436e-05 0.000410614 8.05372e-05 0.215905 0.0636653
0 2.15385e-16 0.00294765 0.000580807 -0.000906251 5.4876e-05 0.217967 0.0627699
0 2.15385e-16 -0.00130568 -0.000204706 0.00290924 0.000521961 0.217063 0.0627962
0 2.15385e-16 0.000748046 6.90486e-05 -0.000848841 -0.000171218 0.215876 0.0637868
0 2.15385e-16 0.000257497 8.03077e-05 0.00311116 0.000495901 0.216523 0.0636312
0 2.15385e-16 -0.00353252 -0.000662887 -0.00201955 -0.000348674 0.217446 0.0633293
0 2.15385e-16 0.000271273 0.000110541 0.00195721 0.000305724 0.216373 0.0634362
0 2.15385e-16 -0.00146105 -0.000278708 0.000532756 0.000103506 0.217845 0.0632533
0 2.15385e-16 0.000556919 0.000192643 -0.00113307 -0.000137429 0.216727 0.06274
0 2.15385e-16 -0.000624219 -0.000111038 -0.000797321 -0.000113979 0.216911 0.0643208
0 2.15385e-16 0.000202895 1.64983e-05 0.00114072 0.00016781 0.216841 0.0634096
0 2.15385e-16 0.00200057 0.000348922 -0.00150204 -0.000376996 0.216326 0.063181
0 2.15385e-16 -0.00087747 -0.000104863 -0.00138215 -0.000414995 0.216386 0.0637321
0 2.15385e-16 -0.00276428 -0.000443998 0.00463427 0.000951117 0.215806 0.0629578
0 2.15385e-16 0.00155883 0.000203566 0.00139075 0.000126622 0.216529 0.0632676
0 2.15385e-16 0.000306808 9.78546e-05 0.000162586 -3.03681e-05 0.216987 0.0628663
0 2.15385e-16 0.000249192 -2.51647e-05 -0.0020532 -0.000358975 0.216414 0.0635862
0 2.15385e-16 0.00162087 0.000360947 0.00176171 0.000166698 0.216225 0.0632241
0 2.15385e-16 -0.000252051 -7.31241e-05 -0.00134344 -0.000285139 0.216757 0.0639838
0 2.15385e-16 -0.000760603 -1.9621e-05 0.0014935 0.000296143 0.217562 0.0633619
0 2.15385e-16 -0.00253648 -0.000429584 -0.000936558 -0.000203917 0.21689 0.0640555
0 2.15385e-16 -0.00234858 -0.000395696 -0.000580611 -0.000197913 0.217205 0.0631043
0 2.15385e-16 -0.00440558 -0.000616183 0.000717891 0.000138457 0.216787 0.063586
0 2.15385e-16 0.00307197 0.000449392 0.000198839 4.21899e-05 0.216637 0.0632224
0 2.15385e-16 -0.00106029 -0.000289102 0.00190982 0.000413452 0.216322 0.0629645
0 2.15385e-16 -0.00196804 -0.000207478 -0.000586449 -5.79183e-05 0.216983 0.0640389
0 2.15385e-16 -0.000265399 3.17906e-05 0.0035893 0.000668052 0.217018 0.0638381
0 2.15385e-16 0.000537811 4.80041e-05 0.00170183 0.000265463 0.216676 0.0634415
0 2.15385e-16 0.00220554 0.000353506 0.000322786 -2.50853e-05 0.216565 0.0632381
0 2.15385e-16 -5.04913e-05 -9.57755e-05 -0.000924097 -0.000243829 0.216036 0.0636741
0 2.15385e-16 0.00379063 0.000773124 0.00074119 -2.78631e-05 0.216075 0.0635704
0 2.15385e-16 -0.00170864 -0.000336694 0.00152808 0.000163183 0.216919 0.0627945
0 2.15385e-16 0.00026401 8.88472e-05 0.000752674 -3.88677e-05 0.21691 0.0632752
0 2.15385e-16 0.001751 0.000230303 0.00053292 0.000172177 0.216852 0.0634124
0 2.15385e-16 0.00205527 0.000366451 0.000589548 8.63852e-05 0.21656 0.0636961
0 2.15385e-16 -0.00174617 -0.000239326 -0.00180062 -0.000100906 0.217258 0.0638382
0 2.15385e-16 -0.00165382 -0.000288004 0.00187831 0.00031595 0.216807 0.0636462
0 2.15385e-16 -0.00156651 -0.000279562 -0.000444452 -9.53547e-05 0.21846 0.0632449
0 2.15385e-16 -0.00369051 -0.000682892 0.00322147 0.000645257 0.21816 0.0634008
0 2.15385e-16 -0.00322393 -0.000571145 -0.00105067 -0.000113433 0.218092 0.0638007
0 2.15385e-16 -0.000524896 -0.000151903 -0.000129589 -2.96695e-05 0.21688 0.063418
0 2.15385e-16 -0.000448323 -9.79535e-05 -0.00229325 -0.000295863 0.21787 0.0640591
0 2.15385e-16 0.00302121 0.000557792 0.00293483 0.000543998 0.217415 0.063527
0 2.15385e-16 0.000123853 6.47184e-05 -0.00241102 -0.000381417 0.216025 0.0641745
0 2.15385e-16 -0.00111947 -0.000221851 -0.00187297 -0.00031349 0.216551 0.0632576
0 2.15385e-16 0.000723157 5.46812e-05 -0.000618826 -0.000150181 0.217502 0.0628998
0 2.15385e-16 0.00205238 0.000382176 0.00112089 0.000231748 0.216586 0.0639322
0 2.15385e-16 0.00239101 0.000556298 0.00094322 7.729e-05 0.215682 0.0635128
0 2.15385e-16 -0.000448647 -3.34105e-05 0.000606591 5.91667e-05 0.217264 0.0624093
0 2.15385e-16 0.000607866 0.000130455 0.001852 0.000331688 0.216413 0.0633671
0 2.15385e-16 -0.0025084 -0.000460631 0.00217557 0.000453187 0.216571 0.0633134
0 2.15385e-16 -0.000912932 -0.000235301 0.000483614 0.000117728 0.217621 0.0632486
0 2.15385e-16 -0.0015543 -0.000272144 -0.000727688 -9.39658e-05 0.217121 0.0630225
0 2.15385e-16 -0.000504357 -6.11417e-05 -0.000993457 -9.91533e-05 0.218335 0.0636693
0 2.15385e-16 0.000989034 8.59199e-05 0.00315237 0.000434969 0.217642 0.0630201
0 2.15385e-16 0.00161848 0.000180157 -0.00110683 -0.000116915 0.21661 0.0631188
0 2.15385e-16 0.00190764 0.000398847 -0.00238263 -0.000504596 0.217324 0.0636766
0 2.15385e-16 -0.000384558 2.16264e-05 -0.00039385 9.27182e-05 0.216519 0.0639012
0 2.15385e-16 0.00437576 0.000839096 0.000340734 0.000112806 0.217285 0.0635945
0 2.15385e-16 0.000980685 0.000286206 -0.00172629 -0.000172904 0.216825 0.0630431
0 2.15385e-16 -0.00179877 -0.000386823 -0.00136224 -0.000212662 0.217234 0.0636427
0 2.15385e-16 -0.0029682 -0.000504181 -0.000774893 -0.000136376 0.217576 0.0639735
0 2.15385e-16 0.00246769 0.000496452 -0.00186336 -0.000208133 0.217136 0.063689
0 2.15385e-16 8.88978e-05 -4.3762e-05 -0.00235605 -0.000446533 0.21659 0.0640097
0 2.15385e-16 0.000887418 0.000228805 0.00230033 0.000356561 0.217181 0.0628703
0 2.15385e-16 0.00179144 0.00035382 -0.00066026 -0.000128629 0.216616 0.063244
0 2.15385e-16 -0.000353109 -0.000149063 -0.00309569 -0.000331439 0.217899 0.0632424
0 2.15385e-16 -0.00170959 -0.00024184 0.00140827 0.000239756 0.217007 0.0634312
0 2.15385e-16 -0.00216504 -0.000375239 0.00278301 0.000519884 0.218123 0.0626611
0 2.15385e-16 -0.000584403 -8.80164e-05 -0.000184041 -4.32443e-05 0.217939 0.0630978
0 2.15385e-16 5.25617e-05 -6.32585e-05 -0.000766402 -0.000121681 0.216873 0.0634217
0 2.15385e-16 0.00242425 0.00047483 0.0012895 0.000165283 0.21727 0.0629815
0 2.15385e-16 0.000902791 0.000188229 0.00153194 0.000232966 0.217407 0.0633075
0 2.15385e-16 -0.00177842 -0.000308393 -0.0030228 -0.000507918 0.217087 0.0641895
0 2.15385e-16 -0.000457283 -0.000117796 0.000930425 7.61547e-05 0.216136 0.0634197
0 2.15385e-16 -0.000485782 -1.9967e-05 0.00315101 0.000538096 0.217539 0.0632191
0 2.15385e-16 0.000639534 0.00016404 0.00375674 0.000660542 0.216666 0.0638538
0 2.15385e-16 0.000250778 3.4278e-06 0.00120767 0.000123789 0.216788 0.0632942
0 2.15385e-16 0.000253269 0.000142793 0.00151118 0.000171137 0.216844 0.0634066
0 2.15385e-16 -0.000408349 -0.000106768 0.000256268 4.25257e-05 0.216288 0.0633435
0 2.15385e-16 0.000113975 0.000219154 -0.0016915 -0.00023591 0.217527 0.0633382
0 2.15385e-16 -0.00012187 -2.17635e-05 -6.71616e-05 -9.40216e-06 0.21681 0.0626985
0 2.15385e-16 -0.00107351 -0.000229716 -8.75225e-05 -2.22702e-06 0.215978 0.0635579
0 2.15385e-16 -0.000214247 -5.61342e-05 0.0024414 0.000478003 0.216108 0.0635774
0 2.15385e-16 -0.00294242 -0.000571452 0.00609107 0.000771283 0.215121 0.0642195
0 2.15385e-16 0.00297593 0.000421084 -0.00125532 -0.000304349 0.216805 0.0634063
0 2.15385e-16 0.00310624 0.000534967 -0.00290633 -0.000567783 0.217604 0.0626248
0 2.15385e-16 0.00042936 0.00015605 0.00338555 0.00065215 0.217667 0.0637221
0 2.15385e-16 0.00155885 0.000164647 -0.00272641 -0.000426142 0.215919 0.0637142
0 2.15385e-16 -0.00010311 -2.53746e-05 0.000177335 2.89927e-05 0.216067 0.0633438
0 2.15385e-16 -0.00121171 -0.000261177 -0.000902684 -7.75432e-05 0.217862 0.0640374
0 2.15385e-16 0.00239288 0.000454617 0.00192441 0.000155605 0.217934 0.0632843
0 2.15385e-16 -0.00123353 -0.000283828 0.00333949 0.000578537 0.217134 0.06342
0 2.15385e-16 -0.00198129 -0.000425736 0.00174282 0.0002501 0.218346 0.063786
0 2.15385e-16 -0.00112139 -0.000177444 0.000265198 9.21441e-05 0.216963 0.0632069
0 2.15385e-16 -0.000648147 -0.000179456 -0.00157988 -0.000355291 0.216677 0.0636394
0 2.15385e-16 0.00163922 0.000258212 5.26355e-05 6.10677e-05 0.216916 0.0630901
0 2.15385e-16 -0.000678483 -2.35931e-06 -6.45288e-05 -4.22854e-06 0.217554 0.0633794
0 2.15385e-16 0.000569884 0.000157279 0.00199638 0.000311742 0.215978 0.062645
0 2.15385e-16 0.00167297 0.000168187 0.00203208 0.000406132 0.216579 0.0634131
0 2.15385e-16 -0.00215048 -0.000397204 -0.000984352 -0.000283641 0.21711 0.0635626
0 2.15385e-16 0.000124624 4.50904e-05 -0.00282021 -0.000454311 0.218901 0.0632541
0 2.15385e-16 0.00277926 0.000458284 -0.0004123 -0.00018974 0.215185 0.063606
0 2.15385e-16 -0.000206041 3.69306e-06 0.00536611 0.000990511 0.216916 0.0633587
0 2.15385e-16 0.000500757 0.000140096 0.000220912 -3.2531e-05 0.217503 0.063292
0 2.15385e-16 0.00410694 0.000688727 0.00056301 0.000249093 0.217958 0.0628267
0 2.15385e-16 -0.00213114 -0.00036872 -0.00224477 -0.000419856 0.218104 0.0634453
0 2.15385e-16 0.00143228 0.000225235 0.000177563 5.21434e-05 0.217062 0.062803
0 2.15385e-16 -0.000897052 -0.000248573 -0.000774956 -0.000133279 0.216045 0.0635305
0 2.15385e-16 0.00407041 0.00069774 -0.00387131 -0.000696519 0.215695 0.063718
0 2.15385e-16 0.00210838 0.000231277 -0.000377089 -6.04541e-05 0.217905 0.0636059
0 2.15385e-16 0.000370151 8.09787e-05 0.00118817 5.72709e-05 0.216867 0.0641741
0 2.15385e-16 0.00206907 0.000491533 -0.00219318 -0.000351593 0.217976 0.0634719
0 2.15385e-16 -0.00238221 -0.000279454 -0.00139213 -0.000253684 0.217274 0.0637624
0 2.15385e-16 -0.000585401 -0.000164074 0.000230948 6.54886e-05 0.216321 0.0633985
0 2.15385e-16 0.000604275 3.12164e-05 0.00204122 0.000333994 0.216922 0.063512
0 2.15385e-16 0.00162161 0.000311322 -0.00213919 -0.000409807 0.217715 0.0631217
0 2.15385e-16 -0.00282892 -0.000375509 0.000980198 0.000341922 0.217342 0.0636003
0 2.15385e-16 2.65501e-05 -7.83767e-05 0.00309427 0.000544379 0.218205 0.0636875
0 2.15385e-16 -7.21007e-06 9.07842e-05 -0.00218381 -0.000358549 0.215962 0.0634888
0 2.15385e-16 0.00183375 0.000301039 0.00208912 0.000274046 0.21741 0.0627997
0 2.15385e-16 0.0041243 0.000733931 -0.000599224 -0.000153906 0.218911 0.0631679
0 2.15385e-16 0.000821954 0.000148347 -0.00134732 -0.000180808 0.21729 0.062481
0 2.15385e-16 -0.000334925 -0.000107737 0.00136739 0.00014431 0.215667 0.0632724
0 2.15385e-16 0.00255879 0.000441 -0.00194566 -0.00023604 0.216638 0.0640965
0 2.15385e-16 0.00155767 0.000282466 0.000866221 0.000135754 0.217164 0.0632703
0 2.15385e-16 0.000261677 0.000195558 0.00377045 0.000623675 0.21583 0.0639865
0 2.15385e-16 -0.00150383 -0.000306152 0.00181382 0.000198852 0.216373 0.0630881
0 2.15385e-16 6.70671e-05 2.54936e-07 0.00052338 1.94466e-05 0.216548 0.0632418
0 2.15385e-16 0.00267126 0.000439453 -0.000558003 -8.65108e-05 0.216493 0.0629764
0 2.15385e-16 0.00121119 0.000301064 0.00159919 0.000196991 0.217512 0.063531
0 2.15385e-16 -0.000590013 -0.000180661 -0.0014465 -0.000306981 0.215829 0.0635458
0 2.15385e-16 -0.000710361 -0.000127547 0.0021736 0.000331305 0.215968 0.0637608
0 2.15385e-16 -0.00174938 -0.000317749 0.000753935 6.76195e-05 0.216693 0.0632614
0 2.15385e-16 -0.00140732 -0.000322693 0.000224093 0.00015024 0.216945 0.0630059
0 2.15385e-16 0.000934939 0.000126696 0.000820528 0.000166906 0.21653 0.0641371
0 2.15385e-16 -0.00286992 -0.000565529 0.00198383 0.000255844 0.217245 0.0632836
0 2.15385e-16 0.00256305 0.000430124 0.00197373 0.000386286 0.216251 0.0633632
0 2.15385e-16 -0.00279251 -0.000427723 -0.000965375 -0.000151212 0.218091 0.0636818
0 2.15385e-16 0.000230441 -2.47082e-05 -0.00339539 -0.000625716 0.217988 0.0635982
0 2.15385e-16 -0.00219301 -0.000467501 -0.000700975 -4.47987e-05 0.218118 0.0635425
0 2.15385e-16 -0.00188336 -0.000282555 -0.000594097 4.49737e-05 0.21749 0.063015
0 2.15385e-16 -0.000896835 -0.000194652 -0.00100435 -0.000359173 0.217092 0.0641486
0 2.15385e-16 0.000819581 0.000118877 -0.0014565 -0.000241588 0.215254 0.0633506
0 2.15385e-16 0.00178197 0.000185794 -0.000608694 -0.000169755 0.216619 0.0632433
0 2.15385e-16 -0.00274574 -0.000349194 2.25012e-05 -1.52658e-05 0.217199 0.063626
0 2.15385e-16 0.00101516 0.000195363 0.00464334 0.000639737 0.216804 0.063213
0 2.15385e-16 0.0026248 0.000486819 -0.000872617 -0.000184732 0.216191 0.0629044
0 2.15385e-16 -0.000365226 -0.000165734 0.00162638 0.000200786 0.216612 0.0626754
0 2.15385e-16 -0.000158156 -8.23844e-05 0.00146644 0.000451881 0.216073 0.0632476
0 2.15385e-16 0.000229095 -3.48633e-05 -0.004168 -0.000716062 0.217777 0.0640914
0 2.15385e-16 -0.00127154 -0.000175926 -0.00161106 -0.000349112 0.217717 0.0635105
0 2.15385e-16 0.000975319 0.000107193 -0.00372321 -0.000434369 0.217642 0.0634031
0 2.15385e-16 0.00129027 0.00014998 0.00161907 0.000248165 0.217284 0.0633658
0 2.15385e-16 -0.000602781 -0.000153274 0.000631969 6.74164e-05 0.215938 0.0631199
0 2.15385e-16 0.000174838 6.11259e-05 0.00202204 0.000247701 0.215441 0.0637535
0 2.15385e-16 0.000796809 0.000266136 0.000335807 5.67859e-06 0.216908 0.0631491
0 2.15385e-16 -0.0026268 -0.000574882 -0.000752881 6.09318e-05 0.218641 0.0637817
0 2.15385e-16 0.00166889 0.000263622 0.00215181 0.000346666 0.217948 0.063502
0 2.15385e-16 0.00159343 0.000433816 0.00139232 0.000336564 0.216022 0.0629693
0 2.15385e-16 -0.00244644 -0.000511204 -0.00111891 -0.000200717 0.216811 0.0633318
0 2.15385e-16 0.00153995 0.000278219 -0.000531511 -4.92759e-05 0.217245 0.0635318
0 2.15385e-16 0.000717506 0.000111926 0.000281847 1.47256e-05 0.215913 0.0628053
0 2.15385e-16 0.00258204 0.000491504 0.000696419 0.000191776 0.218524 0.0641691
0 2.15385e-16 -0.00198247 -0.000389813 0.00215159 0.000350698 0.216711 0.0637335
0 2.15385e-16 -0.00377965 -0.000647333 0.00265755 0.000566686 0.217307 0.0634042
0 2.15385e-16 -0.00121566 -0.000191224 2.6682e-05 1.00974e-05 0.216677 0.0628246
0 2.15385e-16 -0.000623938 -6.92175e-05 -0.00046587 -0.000234587 0.215933 0.0628452
0 2.15385e-16 0.00116616 0.000393538 -0.00162322 -0.000384293 0.217095 0.0637798
0 2.15385e-16 0.00350618 0.000566118 0.00145786 0.000146451 0.216917 0.0631267
0 2.15385e-16 -0.00101414 -0.000113544 -0.000816328 -0.000159121 0.216074 0.0627411
0 2.15385e-16 -0.00239019 -0.000532846 -0.000711416 -0.000114317 0.217349 0.0635258
0 2.15385e-16 -0.00430993 -0.000718376 0.00303392 0.000404556 0.217238 0.0631016
0 2.15385e-16 -0.000357125 -3.10462e-05 0.00146554 0.000151287 0.216113 0.0630792
0 2.15385e-16 -0.000524771 -5.91544e-05 0.00172936 0.00031242 0.216585 0.0637366
0 2.15385e-16 0.00316298 0.00056705 -0.000553857 -0.000129104 0.216738 0.0638672
0 2.15385e-16 -0.00171497 -0.000428127 0.0014729 0.000239045 0.215583 0.0631627
0 2.15385e-16 0.0022355 0.000401229 0.000539936 4.976e-05 0.216313 0.0629516
0 2.15385e-16 0.00144499 0.000153117 0.00486534 0.000814967 0.216548 0.0629628
0 2.15385e-16 -0.00125551 -0.000240402 -0.0036824 -0.000556583 0.218365 0.064214
0 2.15385e-16 0.00388431 0.000670206 -0.000604634 -3.53013e-05 0.215672 0.0635354
0 2.15385e-16 6.89925e-05 -1.13868e-05 0.00127731 0.000243333 0.216766 0.0634598
0 2.15385e-16 -0.00121292 -0.000280042 -0.000649991 -0.000277302 0.217002 0.0637903
0 2.15385e-16 -0.00171659 -0.000332406 0.00283868 0.000417334 0.216442 0.0630962
0 2.15385e-16 0.00157358 0.000240428 -0.00138837 -0.000254606 0.216491 0.0635919
0 2.15385e-16 -0.000278069 -0.000107422 -0.00415494 -0.000744581 0.218159 0.0634681
0 2.15385e-16 -0.00366166 -0.000533567 -0.00158262 -0.000271801 0.216255 0.0640325
0 2.15385e-16 -0.000807592 -0.000165742 -0.00197048 -0.000379792 0.217088 0.063937
0 2.15385e-16 0.000947371 0.000209187 0.00188839 0.000245426 0.216983 0.0628356
0 2.15385e-16 -0.00218451 -0.000403415 0.00166821 0.000354913 0.217247 0.0626699
0 2.15385e-16 0.000639764 0.000123151 0.00170561 0.000235335 0.216894 0.0628695
0 2.15385e-16 0.00104434 0.000220053 -0.00136538 -9.75432e-05 0.216539 0.0632766
0 2.15385e-16 0.000642219 0.00013724 -0.00138628 -0.000129274 0.218006 0.0629302
0 2.15385e-16 -0.00106452 -0.000135356 -0.00109189 -0.00011622 0.21537 0.0644761
0 2.15385e-16 0.00330242 0.000627676 0.00336908 0.000487282 0.215868 0.0637369
0 2.15385e-16 -0.000572307 -0.000127918 0.000965398 7.68988e-05 0.217953 0.0632243
0 2.15385e-16 -0.000589918 -8.04936e-05 -0.000407284 3.00873e-05 0.216846 0.0635159
0 2.15385e-16 -0.00249819 -0.000482619 0.00122244 0.000277384 0.217499 0.06357
0 2.15385e-16 0.001427 0.000219884 0.00247975 0.000473775 0.217531 0.0640513
0 2.15385e-16 -0.000891071 -0.000224437 -0.00193033 -0.000348271 0.216968 0.0634716
0 2.15385e-16 0.00297627 0.00052628 -0.00232153 -0.000442616 0.217044 0.0638223
0 2.15385e-16 -0.001241 -0.000272408 0.00168763 0.000304945 0.217002 0.0625972
0 2.15385e-16 0.000693483 2.84025e-05 0.00237014 0.000480964 0.217885 0.0629919
0 2.15385e-16 -0.00279281 -0.000499299 0.00128944 0.000131488 0.218071 0.0638227
0 2.15385e-16 0.00127814 0.000209441 -0.00178159 -0.000363166 0.217699 0.0629502
0 2.15385e-16 0.00367477 0.000616905 0.000958579 0.000118907 0.218182 0.0632474
0 2.15385e-16 0.00131233 0.000105866 -0.00430134 -0.000745804 0.216852 0.0641237
0 2.15385e-16 0.00413715 0.0007104 0.00147261 0.000264881 0.217256 0.0629471
0 2.15385e-16 -0.0016101 -0.000208318 0.000921046 9.22094e-05 0.218486 0.0623467
0 2.15385e-16 -0.000304215 -0.000117056 -0.00222693 -0.000363308 0.218444 0.063303
0 2.15385e-16 -0.00100103 -0.000177354 -0.00273432 -0.000429198 0.218 0.0639399
0 2.15385e-16 8.09442e-05 -5.29057e-05 -0.00238018 -0.00033594 0.21712 0.0639938
0 2.15385e-16 -0.00188238 -0.000201203 -0.000682795 -0.000101333 0.217715 0.0638294
0 2.15385e-16 -0.00148859 -0.000273769 0.00109007 8.92792e-05 0.216102 0.0635753
0 2.15385e-16 0.00166093 0.000277204 -0.00376076 -0.000676874 0.217203 0.0639056
0 2.15385e-16 -0.000346273 -3.92512e-05 -0.0012262 -6.27149e-05 0.218148 0.0640516
0 2.15385e-16 0.000461476 7.56829e-05 0.00104255 0.00017873 0.216686 0.0632181
0 2.15385e-16 -0.00163298 -0.000287566 0.00334051 0.000436519 0.215851 0.0635106
0 2.15385e-16 -0.0011423 -0.000204217 0.000535141 5.64998e-05 0.216472 0.0635294
0 2.15385e-16 0.00286862 0.000454419 0.00721214 0.00128162 0.217857 0.0637414
0 2.15385e-16 0.0015956 0.000217422 0.000687809 0.000187816 0.216585 0.0632241
0 2.15385e-16 3.12891e-05 8.83825e-05 0.00113736 0.000148478 0.216405 0.0630407
0 2.15385e-16 -0.000397186 -7.8841e-05 0.000506812 8.39061e-06 0.21611 0.0634452
0 2.15385e-16 -0.000778458 -0.000184584 -0.00145692 -0.000103286 0.217034 0.0635885
0 2.15385e-16 -0.000186332 3.91485e-05 0.000336603 5.92056e-05 0.216373 0.0633869
0 2.15385e-16 0.00206361 0.000512469 0.000190314 0.000154206 0.217125 0.0632587
0 2.15385e-16 0.00399142 0.000686043 -0.00203716 -0.000382107 0.217578 0.0640338
0 2.15385e-16 0.000223398 6.85111e-05 -0.000150395 -8.20129e-05 0.217704 0.0625046
0 2.15385e-16 -0.00204571 -0.000338957 0.00105348 0.000146462 0.216858 0.0638521
0 2.15385e-16 -0.00253384 -0.000332546 0.00106277 0.000142278 0.218012 0.0631314
0 2.15385e-16 0.0033855 0.000551155 -0.000390777 1.2126e-05 0.217721 0.0635525
0 2.15385e-16 0.00210214 0.000556872 0.00197201 0.000252125 0.21708 0.0637977
0 2.15385e-16 9.31535e-05 7.04144e-05 0.00317237 0.000614779 0.217475 0.0626311
0 2.15385e-16 -0.00158514 -0.000146079 0.00163299 0.000369244 0.217342 0.0628149
0 2.15385e-16 0.000830558 0.000258814 0.000310896 -8.13561e-05 0.216362 0.0628329
0 2.15385e-16 -0.000877154 -0.000168441 -0.00222147 -0.000342674 0.215841 0.0634103
0 2.15385e-16 -0.00033372 -6.56851e-05 1.76457e-05 -5.57653e-05 0.21542 0.0633185
0 2.15385e-16 0.000543028 -5.0967e-05 -0.000935562 -0.000200946 0.216864 0.0633489
0 2.15385e-16 0.00150163 0.000199165 0.00136705 0.000192221 0.21702 0.0638091
0 2.15385e-16 -0.00368608 -0.000577234 -0.000454891 -7.37343e-05 0.216528 0.0640607
0 2.15385e-16 0.00191299 0.000278529 0.00114524 0.000218815 0.215847 0.0636104
0 2.15385e-16 -0.00265868 -0.000556104 -0.000609031 -4.77996e-05 0.217986 0.0638461
0 2.15385e-16 -0.000125859 -2.524e-05 -0.000466627 2.77691e-05 0.216545 0.0634287
0 2.15385e-16 0.00136623 0.000272399 -0.000693251 -0.000130292 0.215642 0.0633831
0 2.15385e-16 -0.00095555 -6.5863e-05 0.00243427 0.000414372 0.216409 0.0628778
0 2.15385e-16 -0.000815147 -0.000252406 0.00438399 0.000741336 0.21616 0.0638893
0 2.15385e-16 0.00219048 0.000449282 -0.00147882 -0.000234918 0.21821 0.0625175
0 2.15385e-16 -6.87746e-05 -3.23213e-05 0.000155272 -6.2827e-05 0.215194 0.064017
0 2.15385e-16 -0.0010079 -0.000205403 0.000943316 0.000228434 0.215931 0.0632512
0 2.15385e-16 -0.000661721 -0.000125292 -0.000549326 -0.000186442 0.216843 0.0634894
0 2.15385e-16 0.000301452 0.000189201 -0.00138679 -0.000250675 0.215061 0.0635472
0 2.15385e-16 -0.000236679 6.17656e-05 0.00203527 0.000263546 0.216738 0.0628195
0 2.15385e-16 0.00269558 0.000467061 -0.00254323 -0.000488631 0.216748 0.063592
0 2.15385e-16 -0.00320371 -0.000391291 0.00209067 0.000368726 0.21641 0.0632027
0 2.15385e-16 0.00108056 0.000204367 -0.0035143 -0.000707484 0.217893 0.0630199
0 2.15385e-16 0.0012555 0.000393636 -0.000379953 8.00501e-05 0.21687 0.0630414
0 2.15385e-16 -0.000389789 -9.01917e-05 6.36848e-05 -7.33332e-05 0.216685 0.0633852
0 2.15385e-16 0.00141665 0.000364452 0.00130361 0.000146819 0.217211 0.0633255
0 2.15385e-16 -0.000846056 -0.000119034 -0.000102771 -8.99307e-05 0.216245 0.0628062
0 2.15385e-16 -0.00035195 -0.000107435 0.00140246 0.000279198 0.216311 0.0638953
0 2.15385e-16 -0.000678079 -0.000210711 0.00228727 0.000421064 0.216097 0.063635
0 2.15385e-16 -0.00013694 -1.41272e-06 -0.00036802 -0.000176772 0.215664 0.0632825
0 2.15385e-16 -0.00146332 -0.000212366 -0.00297545 -0.000324709 0.216028 0.0634229
0 2.15385e-16 0.00268437 0.000483032 0.00141558 0.000296159 0.216088 0.0628591
0 2.15385e-16 0.00116079 0.000242487 0.00177843 0.000405224 0.217054 0.0637421
0 2.15385e-16 0.00125458 0.000289767 -0.000976574 -0.000162968 0.215462 0.0626247
0 2.15385e-16 0.00344899 0.00051342 -0.00166461 -0.000197208 0.217665 0.063525
0 2.15385e-16 0.00278716 0.000515791 0.00220153 0.000372914 0.217747 0.0630304
0 2.15385e-16 -0.00110879 -0.000225132 -0.00156801 -0.000333221 0.216376 0.0631309
0 2.15385e-16 0.000654397 0.000243526 0.00471533 0.000822444 0.21649 0.0636357
0 2.15385e-16 -0.00265583 -0.000602836 -0.000167605 -6.70604e-05 0.216897 0.0634656
0 2.15385e-16 0.0016614 0.000343263 -0.0029543 -0.000494219 0.218368 0.0629478
0 2.15385e-16 -5.07402e-05 -7.42412e-05 -0.00224566 -0.00037793 0.218239 0.063014
0 2.15385e-16 0.0012896 0.000291026 -0.000902412 -4.35009e-05 0.216914 0.0635216
0 2.15385e-16 0.00010553 0.000121377 -0.00217033 -0.000327165 0.216998 0.0635118
0 2.15385e-16 -0.00304343 -0.000686925 -0.00506904 -0.000872942 0.218931 0.0631464
0 2.15385e-16 0.0031153 0.000557464 0.00431421 0.000665701 0.217039 0.0627691
0 2.15385e-16 -0.000308216 -8.98583e-06 -0.00377457 -0.000586205 0.218356 0.0630006
0 2.15385e-16 -0.00269844 -0.000484523 0.00298859 0.000478295 0.215989 0.0634875
0 2.15385e-16 0.00111696 0.000135608 0.00027522 -3.77404e-05 0.215366 0.0633439
0 2.15385e-16 -0.000515042 -4.43977e-05 0.000175358 0.000115259 0.216567 0.0634814
0 2.15385e-16 0.0037465 0.000698142 -0.00165866 -0.000356719 0.218396 0.0630131
0 2.15385e-16 0.000526429 0.000123871 -0.000683596 -0.000229098 0.216874 0.0631519
0 2.15385e-16 0.00401375 0.000691773 0.00111368 0.000153943 0.217979 0.0636688
0 2.15385e-16 -0.00115462 -0.000258933 -0.00187665 -0.000308007 0.216704 0.0637007
0 2.15385e-16 -0.00192561 -0.000300249 -0.00188457 -0.000375583 0.217824 0.063597
0 2.15385e-16 -0.000685223 -0.000102883 -0.00256233 -0.000528038 0.217392 0.0633878
0 2.15385e-16 -0.000448674 2.80161e-06 0.000506313 5.65723e-05 0.216736 0.0636523
0 2.15385e-16 0.00307272 0.000541982 0.00021028 -3.69152e-05 0.217647 0.0635642
0 2.15385e-16 0.00279362 0.000412041 -0.00127187 -0.000256449 0.217083 0.0634259
0 2.15385e-16 0.000219812 0.0001152 0.00157242 0.00021335 0.216418 0.062998
0 2.15385e-16 -0.00160689 -0.000327356 0.00038891 0.000165159 0.216606 0.0633544
0 2.15385e-16 0.00200559 0.000332699 0.00197098 0.000365413 0.218109 0.0629241
0 2.15385e-16 -0.000440266 -8.14626e-05 0.00266124 0.000411831 0.217418 0.0622745
0 2.15385e-16 -0.0024351 -0.000405508 -0.000254474 -5.55879e-06 0.218329 0.064112
0 2.15385e-16 0.00167235 0.000308255 0.000510019 8.46157e-05 0.217014 0.0633953
0 2.15385e-16 0.000570021 0.000133301 -0.00093833 -0.000147425 0.216862 0.0630065
0 2.15385e-16 -0.0011909 -0.000287142 0.000188089 0.000144375 0.217337 0.0634957
0 2.15385e-16 0.000763474 9.31152e-05 0.0012836 0.000189277 0.215769 0.0631855
0 2.15385e-16 -0.00125905 -0.000154141 0.000906918 0.000183205 0.217062 0.0633344
0 2.15385e-16 0.00318994 0.000541161 0.00123239 0.000293921 0.216594 0.0640703
0 2.15385e-16 0.000267287 1.86624e-05 0.000900835 0.000106253 0.217449 0.063307
0 2.15385e-16 -0.00102823 -0.000144674 -0.00238327 -0.000362361 0.219065 0.0634387
0 2.15385e-16 0.000423616 7.61278e-05 -3.88317e-06 -0.000159213 0.216854 0.0640216
0 2.15385e-16 -0.00143108 -0.000281566 -0.000936954 -8.14133e-05 0.217271 0.0630849
0 2.15385e-16 0.000749849 3.54857e-05 0.000118358 -0.000104608 0.216744 0.0627152
0 2.15385e-16 -0.000221811 7.08522e-05 -0.000495222 -0.000210877 0.21735 0.0630681
0 2.15385e-16 0.00150793 0.000210757 -0.00209078 -0.000322556 0.215905 0.0631284
0 2.15385e-16 -0.00146087 -0.000212755 -0.00113053 -0.00012965 0.217791 0.0640827
0 2.15385e-16 0.00180957 0.000251152 -0.0016325 -0.000379812 0.217161 0.0633222
0 2.15385e-16 -0.000430725 -0.000147402 -0.00244741 -0.000380413 0.217091 0.0634842
0 2.15385e-16 0.00201041 0.00043191 -0.000367997 -9.26281e-05 0.216049 0.0638805
0 2.15385e-16 0.000722839 5.58281e-05 0.0018018 0.000334761 0.216993 0.0633771
0 2.15385e-16 -0.00192039 -0.000272774 0.0034143 0.000570022 0.217212 0.0625939
0 2.15385e-16 0.00440858 0.00076504 -0.000476653 2.514e-06 0.217712 0.0630346
0 2.15385e-16 0.0031928 0.000526875 -0.00402385 -0.000694243 0.21786 0.0634827
0 2.15385e-16 0.00159642 0.000285955 0.00188005 0.000362056 0.218457 0.0631706
0 2.15385e-16 0.00219566 0.000401289 0.00301852 0.000434838 0.217833 0.0632746
0 2.15385e-16 0.00160759 0.000251749 0.001964 0.000371594 0.217419 0.0634352
0 2.15385e-16 -0.000674344 -0.000109238 -0.000760414 -0.000170664 0.216982 0.0630306
0 2.15385e-16 -0.0010698 -0.000107345 0.000977355 7.21756e-05 0.21689 0.0634476
0 2.15385e-16 0.000809155 0.000181327 -0.000409158 -0.000236089 0.215683 0.0628187
0 2.15385e-16 0.000820295 8.38808e-05 -0.00033214 -0.000131226 0.217364 0.063328
0 2.15385e-16 -0.000619744 -0.000137974 -0.0033414 -0.000526637 0.218226 0.0635955
0 2.15385e-16 0.000534701 8.24528e-05 0.00157775 0.000235571 0.216505 0.0636332
0 2.15385e-16 -0.000905656 -0.000128551 0.00211529 0.000355648 0.21765 0.0634107
0 2.15385e-16 0.000872957 0.000241965 0.00228193 0.000423464 0.217408 0.0632323
0 2.15385e-16 -0.00225013 -0.000374928 -0.000940996 -0.00027031 0.217371 0.0633927
0 2.15385e-16 0.00168421 0.000352366 0.00145575 0.000377251 0.21476 0.0631206
0 2.15385e-16 0.00166159 8.77681e-05 0.00256144 0.00036032 0.217244 0.0627985
0 2.15385e-16 -0.00332915 -0.000634314 -5.88617e-05 -1.37608e-05 0.217659 0.0634657
0 2.15385e-16 0.00311089 0.000568688 0.00298028 0.000664789 0.217283 0.0640461
0 2.15385e-16 -0.00263589 -0.000473246 -0.00168563 -0.000195918 0.217533 0.0640026
0 2.15385e-16 -0.0018618 -0.00043137 -0.00109982 -0.00031895 0.218 0.0624381
0 2.15385e-16 0.00237552 0.000393883 0.000281823 6.08516e-06 0.218188 0.0629244
0 2.15385e-16 -0.00310761 -0.000600682 -0.000681333 -0.000203448 0.217594 0.0634625
0 2.15385e-16 0.00117945 0.000293778 0.000120862 0.000101193 0.216943 0.0633826
0 2.15385e-16 -0.00365613 -0.000693748 -0.000237945 -6.16765e-06 0.217799 0.0635078
0 2.15385e-16 0.00203108 0.000255158 -0.000501985 1.20097e-05 0.217034 0.0636315
0 2.15385e-16 -0.00263938 -0.000492573 0.000269785 9.77159e-05 0.21817 0.0642268
0 2.15385e-16 0.00110751 0.000173815 0.00128797 0.000170496 0.216106 0.0638303
0 2.15385e-16 0.00116582 0.00024559 -0.000769692 -7.85599e-05 0.216674 0.0630978
0 2.15385e-16 0.00116909 9.72316e-05 0.00127279 0.000200167 0.216474 0.0632726
0 2.15385e-16 -0.00117545 -0.000107423 0.00189054 0.000430634 0.216241 0.0637518
0 2.15385e-16 -0.000138449 -6.88769e-06 0.0007872 3.42795e-05 0.218157 0.0627281
0 2.15385e-16 0.000890362 9.14421e-05 -0.00214911 -0.000277165 0.218239 0.0639477
0 2.15385e-16 0.000708632 0.000164251 0.00113056 0.000162043 0.21658 0.063561
0 2.15385e-16 0.000683949 0.000168586 0.000282005 -3.02167e-07 0.216611 0.0632298
0 2.15385e-16 -4.91899e-05 8.37293e-05 0.000411317 -1.40289e-05 0.217059 0.0628341
0 2.15385e-16 -0.000329743 -0.000187692 -0.00115608 -0.000339499 0.216572 0.0633602
0 2.15385e-16 0.00150717 0.000342701 1.02897e-05 6.28013e-06 0.216436 0.0633213
0 2.15385e-16 0.00100199 0.000152993 0.00135863 0.000180044 0.217366 0.0639077
0 2.15385e-16 -0.000991774 -0.000192541 0.000380951 0.000155613 0.216128 0.0635079
0 2.15385e-16 0.00074993 9.8545e-05 0.000152572 6.45828e-05 0.216358 0.063927
0 2.15385e-16 0.00170444 0.000172535 -0.000747951 -0.000187138 0.216354 0.0631458
0 2.15385e-16 -0.000804664 -5.33123e-05 0.00348978 0.000457346 0.216403 0.0633832
0 2.15385e-16 -0.00206009 -0.000206146 -0.00179198 -9.62292e-05 0.217478 0.0635606
0 2.15385e-16 0.00260395 0.000540041 0.00134632 0.000142989 0.217448 0.0634612
0 2.15385e-16 -0.00443959 -0.000751113 0.000550973 1.66339e-05 0.217432 0.0637971
0 2.15385e-16 2.35044e-07 0.000100615 -0.00294705 -0.000538945 0.218872 0.0639254
0 2.15385e-16 0.00493463 0.000764186 0.000695701 0.000187145 0.21615 0.0632487
0 2.15385e-16 -0.00123841 -0.000246412 -0.00184725 -0.000415982 0.21737 0.0637093
0 2.15385e-16 -0.00403527 -0.000802097 0.00112761 7.57286e-05 0.216248 0.0636305
0 2.15385e-16 -0.000784789 -0.000247972 0.00154595 0.000207897 0.21667 0.0635515
0 2.15385e-16 0.000535593 5.87542e-05 0.00142835 0.000157882 0.216118 0.0628597
0 2.15385e-16 0.00256284 0.00040253 -0.000215326 -4.38527e-05 0.216172 0.0639014
0 2.15385e-16 -0.0013987 -0.000239666 0.000640509 0.000110781 0.216451 0.0629507
0 2.15385e-16 -0.000480306 -0.000251144 0.00212087 0.000260127 0.217184 0.0633176
0 2.15385e-16 0.00110336 0.000102316 0.00214247 0.000272365 0.216212 0.0637515
0 2.15385e-16 0.000352393 -3.95314e-05 -0.00372759 -0.000526406 0.217877 0.0633841
0 2.15385e-16 0.00182654 0.00032477 0.00121029 0.000240111 0.217235 0.0644353
0 2.15385e-16 0.00212958 0.000303839 0.000201901 3.13814e-05 0.216378 0.0627926
0 2.15385e-16 0.000750511 8.32709e-05 0.00196331 0.000403522 0.216252 0.0637812
0 2.15385e-16 0.00269368 0.00036939 0.000575378 2.00898e-06 0.218042 0.0632631
0 2.15385e-16 -0.00398643 -0.000640046 0.0025375 0.000527447 0.219016 0.0637744
0 2.15385e-16 -0.00140185 -0.000147535 0.00165085 0.000156912 0.217704 0.0634782
0 2.15385e-16 0.000473067 3.23097e-06 -0.000445457 -6.08973e-05 0.215331 0.0634713
0 2.15385e-16 -0.00244877 -0.000384245 -0.000303026 -0.000128992 0.217366 0.0635679
0 2.15385e-16 -0.00119365 -0.000295568 7.96091e-06 1.20933e-05 0.216606 0.0637257
0 2.15385e-16 0.00602053 0.00102488 -0.00206628 -0.000349127 0.217548 0.0634011
0 2.15385e-16 0.00185486 0.000235362 -0.0034405 -0.000505701 0.218472 0.063836
0 2.15385e-16 -0.00242462 -0.000415185 0.00102397 0.000280815 0.216681 0.0630403
0 2.15385e-16 1.75091e-05 4.91179e-05 0.00132362 0.000338984 0.217534 0.0630214
0 2.15385e-16 -0.00167378 -0.000288528 0.000139894 -4.60041e-07 0.216975 0.0627899
0 2.15385e-16 0.00429818 0.000788669 0.000686889 0.000163202 0.217877 0.0635242
0 2.15385e-16 0.00019733 7.13723e-05 0.00123144 0.000120223 0.216679 0.0632689
0 2.15385e-16 0.00195421 0.000468544 -0.0021206 -0.00034453 0.217491 0.0634147
0 2.15385e-16 -0.00192324 -0.000256374 -0.000628341 -0.000241382 0.216241 0.0638916
0 2.15385e-16 0.00172354 0.000149103 -2.73619e-06 0.000161108 0.216909 0.0631272
0 2.15385e-16 0.00166925 0.000354408 -0.00148008 -0.000174469 0.215514 0.0635621
0 2.15385e-16 0.0038526 0.00066213 0.00282732 0.000601371 0.217573 0.0635323
0 2.15385e-16 0.000640196 6.339e-05 -0.0026754 -0.000725014 0.217035 0.0632151
0 2.15385e-16 0.00332314 0.000617982 -0.00169849 -0.000356989 0.215949 0.0629082
0 2.15385e-16 0.00286086 0.000425087 -0.00303428 -0.000573333 0.217937 0.0634931
0 2.15385e-16 -0.00155367 -0.000287147 0.00122108 0.000233333 0.2167 0.0632943
0 2.15385e-16 -0.00166623 -0.000224411 -0.00169242 -0.000224586 0.217378 0.0633688
0 2.15385e-16 0.00206632 0.000478229 -0.000219482 8.82971e-06 0.216762 0.0628612
0 2.15385e-16 0.00112956 0.000189255 0.000283647 -2.8608e-05 0.216031 0.0631183
0 2.15385e-16 0.0008383 7.58306e-05 -0.00108761 -0.00015629 0.216476 0.0640571
0 2.15385e-16 0.00389052 0.000763051 -0.000206508 -5.18865e-05 0.216135 0.0633251
0 2.15385e-16 -0.00130493 -0.000200381 -0.00293533 -0.000456428 0.217198 0.0629333
0 2.15385e-16 0.00206649 0.000425423 -0.00281332 -0.000564461 0.21748 0.0635499
0 2.15385e-16 -0.00118536 -0.000173148 0.00107094 0.000217494 0.217055 0.063374
0 2.15385e-16 0.000278468 8.17951e-05 0.000914616 0.000218097 0.216507 0.0629806
0 2.15385e-16 -0.00239544 -0.000373945 -0.00126474 -0.000302421 0.218783 0.0632884
0 2.15385e-16 -0.0012675 -0.000186838 -0.000981477 -0.000299792 0.217766 0.0625734
0 2.15385e-16 0.0023139 0.000505881 -0.000862025 -0.000154871 0.216791 0.063306
0 2.15385e-16 -9.30181e-05 -8.68954e-05 -0.00169844 -0.000270913 0.217235 0.0632062
0 2.15385e-16 -0.00251279 -0.000279897 0.00241479 0.000427124 0.216639 0.0628545
0 2.15385e-16 0.00370459 0.000588848 -0.000876822 -0.000191992 0.216324 0.0647235
0 2.15385e-16 0.00314261 0.000659699 -0.000243096 -5.30481e-05 0.216694 0.0636813
0 2.15385e-16 -0.00240187 -0.000497117 0.000590165 9.83601e-05 0.216741 0.0635349
0 2.15385e-16 -0.002834 -0.000419293 0.000570251 0.000143065 0.216883 0.0634385
0 2.15385e-16 0.000165236 8.10907e-05 -0.00181243 -0.000230551 0.216212 0.0638337
0 2.15385e-16 -5.9317e-05 -3.81747e-05 0.000490357 -2.27884e-05 0.215513 0.0631362
0 2.15385e-16 0.00100019 8.59282e-05 -0.000980238 -0.000174669 0.217363 0.0631046
0 2.15385e-16 -0.001106 -0.000191974 0.0009264 0.00014511 0.215967 0.0632609
0 2.15385e-16 0.00150622 0.000294093 -0.000289316 -4.44211e-05 0.218573 0.0624385
0 2.15385e-16 -0.000897161 -0.000100068 -0.00303962 -0.000500857 0.217099 0.0635814
0 2.15385e-16 -0.00115216 -0.000230239 -0.00332702 -0.000650463 0.218227 0.0639312
0 2.15385e-16 -0.000430828 -0.000103095 -0.000912833 -0.000220389 0.215974 0.062882
0 2.15385e-16 -0.00178087 -0.000136205 0.000576318 0.000132817 0.216321 0.0643143
0 2.15385e-16 8.88491e-05 8.96872e-05 -0.000698649 -0.000153086 0.217813 0.0624551
0 2.15385e-16 -0.000264312 -2.71445e-05 0.00228538 0.000359397 0.216378 0.063128
0 2.15385e-16 0.000997484 0.000193765 1.43898e-05 -1.4149e-05 0.21668 0.0632866
0 2.15385e-16 0.00291331 0.000597805 0.00104303 0.000139547 0.217041 0.0635675
0 2.15385e-16 0.000148004 3.55214e-05 -0.00438575 -0.00064668 0.217691 0.0633083
0 2.15385e-16 -0.00144299 -0.00029056 0.00146303 0.000307197 0.215586 0.0633749
0 2.15385e-16 -0.000150101 -3.58347e-05 0.0018845 0.000354279 0.21701 0.0632806
0 2.15385e-16 0.00131826 0.000218329 0.00236785 0.000333802 0.216797 0.0633839
0 2.15385e-16 -0.00204429 -0.00039835 0.00125093 0.000168398 0.216921 0.0630521
0 2.15385e-16 0.00137718 0.000200936 -0.00345869 -0.000673853 0.216331 0.0632198
0 2.15385e-16 -7.52734e-05 -0.000163137 0.000405622 0.000111391 0.216853 0.0634478
0 2.15385e-16 -0.00155222 -0.000312121 0.000606932 9.2004e-05 0.216307 0.0630477
0 2.15385e-16 -0.00010373 -2.85613e-06 0.00158747 0.000209231 0.216295 0.0633792
0 2.15385e-16 -9.68469e-05 -6.25075e-06 0.00138079 0.000206313 0.216622 0.0635137
0 2.15385e-16 0.00114345 0.000182594 0.00214011 0.000306164 0.216211 0.0639507
0 2.15385e-16 0.00255367 0.000407698 -0.00124447 -0.000297695 0.217377 0.0630973
0 2.15385e-16 -0.00147392 -0.000228265 0.000493946 0.00011369 0.216734 0.0634733
0 2.15385e-16 0.00175012 0.000438392 -0.00395524 -0.000716427 0.218171 0.0629189
0 2.15385e-16 0.000927079 0.000197843 0.000240088 4.62417e-05 0.215971 0.063706
0 2.15385e-16 0.00266884 0.00040606 0.00143635 0.000142058 0.217964 0.0632714
0 2.15385e-16 -0.000155776 5.74329e-05 -0.00165101 -0.000381801 0.21684 0.0636159
0 2.15385e-16 0.00141318 0.000207909 0.00103547 1.12187e-05 0.215791 0.0630404
0 2.15385e-16 -0.00211574 -0.000358247 1.6825e-05 9.53821e-05 0.216702 0.0636434
0 2.15385e-16 0.0035592 0.000679918 -0.00301651 -0.000583762 0.218087 0.0642783
0 2.15385e-16 0.000583437 4.05014e-05 0.00490257 0.000880022 0.217119 0.0628688
0 2.15385e-16 0.000669921 3.40628e-05 -0.000357926 -0.00017776 0.217063 0.0639991
0 2.15385e-16 -0.00134156 -9.44887e-05 0.000939722 3.88659e-05 0.215996 0.0634871
0 2.15385e-16 -0.00145299 -0.00024019 -0.00160198 -0.000222645 0.217419 0.0632878
0 2.15385e-16 -0.000721814 -0.000140011 0.00282482 0.000569129 0.217416 0.0631435
0 2.15385e-16 0.000336186 8.45614e-05 -0.000535572 8.87171e-05 0.216012 0.0637398
0 2.15385e-16 0.000712657 0.000143227 0.00143724 0.000238432 0.216777 0.06404
0 2.15385e-16 0.0012691 0.000231258 0.00339123 0.000574488 0.217052 0.0634309
0 2.15385e-16 -3.00092e-06 2.6817e-05 0.00287169 0.000502644 0.216891 0.063805
0 2.15385e-16 0.00241711 0.00035712 -0.00119298 -0.000233943 0.216211 0.063227
0 2.15385e-16 0.000216201 0.000110273 0.00116563 0.000249248 0.215733 0.0632298
0 2.15385e-16 -0.00257928 -0.000503621 -0.00209493 -0.000363261 0.218363 0.063332
0 2.15385e-16 0.00211311 0.000388592 0.00328032 0.000478708 0.217349 0.0628585
0 2.15385e-16 0.000496969 8.42666e-05 -0.00256793 -0.000415997 0.217854 0.0633977
0 2.15385e-16 -0.00205738 -0.000435997 0.000817185 3.409e-05 0.217504 0.063532
0 2.15385e-16 0.00215614 0.00040636 -0.000852508 -0.000227545 0.216796 0.0633348
0 2.15385e-16 0.001652 0.000220888 -6.83332e-05 -5.81352e-05 0.217522 0.0633251
0 2.15385e-16 -0.00137557 -6.28753e-05 -0.00081696 -0.000101678 0.217122 0.0636268
0 2.15385e-16 -0.001048 -9.58758e-05 0.00158932 0.000321064 0.216034 0.0635172
0 2.15385e-16 0.00232447 0.00052077 -0.00238873 -0.000319063 0.216733 0.0634651
0 2.15385e-16 -0.00400354 -0.00066642 0.00141198 0.000313083 0.217161 0.0642465
0 2.15385e-16 -0.00478965 -0.000650851 -0.0019141 -0.000105638 0.217788 0.0632266
0 2.15385e-16 -0.00322947 -0.000563486 0.00141793 0.000238744 0.218135 0.0632147
0 2.15385e-16 0.00487991 0.00072676 -0.00232261 -0.000350652 0.216427 0.0639093
0 2.15385e-16 0.00232973 0.000326073 0.00171385 0.000106123 0.217486 0.0639753
0 2.15385e-16 0.00108246 0.000200039 -0.0010268 -0.000194445 0.217591 0.0628101
0 2.15385e-16 0.00165949 0.000209269 -0.00385382 -0.000692669 0.218789 0.0642024
0 2.15385e-16 0.002806 0.000448531 0.000274757 -4.05348e-05 0.216756 0.0625366
0 2.15385e-16 0.00084231 0.000200077 0.000718876 0.00019229 0.216291 0.0633769
0 2.15385e-16 0.000640117 -3.14488e-05 -0.00297792 -0.000448867 0.217382 0.0644912
0 2.15385e-16 -0.00164893 -0.000329732 -0.000948174 -0.000277685 0.218983 0.0631999
0 2.15385e-16 0.00146052 0.000238251 0.00117117 0.000169116 0.216852 0.0640651
0 2.15385e-16 -0.000772129 -8.78012e-05 0.00219943 0.000303534 0.217077 0.0643683
0 2.15385e-16 0.000462378 0.000138769 -0.000343758 -3.44884e-05 0.216306 0.0628825
0 2.15385e-16 0.00417367 0.000766476 -0.00167539 -0.000306372 0.218961 0.0632176
0 2.15385e-16 -0.00298164 -0.000415135 -0.0012188 -0.00020298 0.217484 0.0637854
0 2.15385e-16 0.0052679 0.000805076 -0.000344912 -0.000104423 0.216526 0.0637309
0 2.15385e-16 -0.000996242 -8.81242e-05 -0.000342927 -3.46569e-05 0.216087 0.0630689
0 2.15385e-16 -0.00206594 -0.000339585 0.000195086 -5.83913e-05 0.216395 0.0637125
0 2.15385e-16 0.0021572 0.00030667 -0.0014414 -0.000135431 0.217327 0.0636641
0 2.15385e-16 -0.00205556 -0.000325736 0.00346119 0.000566818 0.215544 0.0629915
0 2.15385e-16 0.000193262 8.31409e-05 -0.0016304 -0.000178289 0.217162 0.0633567
0 2.15385e-16 0.00198 0.000395472 -0.0027952 -0.000562992 0.21729 0.0628784
0 2.15385e-16 0.00193621 0.000342827 -0.000665968 -0.000188986 0.217608 0.0628379
0 2.15385e-16 0.000186302 9.3438e-05 -0.00130277 -0.000221259 0.215861 0.0629026
0 2.15385e-16 0.000503868 0.000277962 0.00185761 0.000271681 0.216483 0.0631484
0 2.15385e-16 0.000944377 5.93055e-05 -0.00124136 -0.000290306 0.217115 0.0630967
0 2.15385e-16 0.000188008 4.72646e-05 0.000421582 9.97972e-05 0.216145 0.0640031
0 2.15385e-16 -0.00126077 -4.89129e-05 0.00171213 0.000307498 0.217236 0.0635239
0 2.15385e-16 -0.0041709 -0.000869321 0.000670684 0.000186763 0.217936 0.0629455
0 2.15385e-16 -0.000628746 -0.000160089 0.000627863 0.000127551 0.216519 0.063731
0 2.15385e-16 -0.000639954 7.12505e-06 0.00303633 0.000522152 0.216925 0.0628619
0 2.15385e-16 0.000607738 -1.7923e-06 0.00206737 0.000326069 0.217764 0.063374
0 2.15385e-16 0.000160562 1.7527e-05 0.00147138 0.000224542 0.216318 0.0634507
0 2.15385e-16 -0.00273756 -0.000528277 0.000786922 0.000266007 0.21774 0.0633465
0 2.15385e-16 0.00278708 0.000445707 0.00238045 0.000469782 0.218079 0.0637556
0 2.15385e-16 0.00206058 0.000429953 0.00302517 0.000545959 0.217241 0.063281
0 2.15385e-16 0.00210443 0.000482984 0.000266274 2.69837e-05 0.216944 0.0634474
0 2.15385e-16 -0.000450339 5.40571e-05 0.0016747 0.000211781 0.217895 0.0627833
0 2.15385e-16 -0.000856963 -3.1372e-05 -0.000961571 -0.000247366 0.216639 0.0637945
0 2.15385e-16 0.000430377 6.07364e-05 0.000387578 -0.000150605 0.215773 0.0629081
0 2.15385e-16 0.00151382 0.000166347 0.00119368 0.000253114 0.21744 0.0637285
0 2.15385e-16 -0.00325205 -0.000445366 -0.000699014 -9.899e-05 0.217228 0.0640913
0 2.15385e-16 0.000332199 0.000141813 0.00155389 0.000251324 0.216687 0.0633903
0 2.15385e-16 -0.00230124 -0.000389147 -0.00294283 -0.000395112 0.217443 0.0638952
0 2.15385e-16 -0.00236429 -0.000495495 0.000548943 0.000134675 0.215997 0.0631573
0 2.15385e-16 -8.71293e-05 -6.51148e-05 -0.000295192 -0.000114121 0.216571 0.0629946
0 2.15385e-16 0.000174539 9.75989e-05 -0.000676279 -0.000105944 0.217012 0.0629678
0 2.15385e-16 0.00326852 0.000515776 -0.00177241 -0.000336565 0.216871 0.0632743
0 2.15385e-16 -0.00116482 -9.41827e-05 0.00338249 0.000480374 0.217992 0.0632396
0 2.15385e-16 -0.0017092 -0.000246788 -0.000152657 -4.26854e-05 0.21662 0.0640322
0 2.15385e-16 0.00220774 0.000287916 0.00507203 0.000821215 0.217363 0.0636611
0 2.15385e-16 -0.00150424 -0.000376617 0.00117971 0.000244394 0.216293 0.0632256
0 2.15385e-16 -0.00159674 -0.000280109 -0.000594564 -6.7175e-05 0.217583 0.0626588
0 2.15385e-16 -0.00140117 -0.00031433 -0.00077906 -9.86367e-05 0.21898 0.0635646
0 2.15385e-16 -0.000232092 1.17792e-06 -0.000604831 -0.000154872 0.217359 0.0628514
0 2.15385e-16 -0.00121368 -0.000208728 -0.000600183 -6.49134e-05 0.217169 0.0631009
0 2.15385e-16 -0.00124817 -0.000184824 0.000650706 5.47799e-05 0.216184 0.063332
0 2.15385e-16 0.000926168 0.000226748 -0.000442349 0.000111263 0.217014 0.063142
0 2.15385e-16 -0.00216525 -0.000274065 0.000498046 -6.67045e-05 0.216482 0.0634161
0 2.15385e-16 -0.00342531 -0.000649922 -0.00021797 -0.000153921 0.217562 0.0637075
0 2.15385e-16 -0.000284887 -8.69351e-05 0.000122758 4.8203e-06 0.217275 0.0633016
0 2.15385e-16 -0.00191913 -0.000356426 -0.00220805 -0.00019293 0.218003 0.0644445
0 2.15385e-16 0.000738048 0.000217374 0.00108505 0.000170377 0.21709 0.062928
0 2.15385e-16 -0.00213363 -0.000356673 -0.00260126 -0.000388567 0.218011 0.0640853
0 2.15385e-16 0.000131997 2.8181e-05 -0.000919343 -6.88337e-05 0.217494 0.0628382
0 2.15385e-16 0.000805933 8.80799e-05 0.00314356 0.000502593 0.217975 0.063272
0 2.15385e-16 0.00136073 0.000360325 -0.000868448 -0.000200532 0.216933 0.063144
0 2.15385e-16 -0.0039753 -0.000602836 -0.00111125 3.61814e-05 0.217133 0.0627297
0 2.15385e-16 0.000501772 0.000132124 0.00212002 0.000397053 0.216396 0.0630744
0 2.15385e-16 0.00110599 0.000106516 0.000628864 -8.08475e-05 0.217647 0.0634565
0 2.15385e-16 0.00212694 0.000209104 0.000786944 0.000161036 0.216507 0.0630795
0 2.15385e-16 -0.00156655 -0.000300737 -0.00125795 -0.000140738 0.217075 0.0633278
0 2.15385e-16 -0.00120491 -0.000187219 -2.33369e-05 -1.71258e-05 0.217089 0.0633526
0 2.15385e-16 -0.00167575 -0.000280609 0.00281847 0.000431417 0.21725 0.0630438
0 2.15385e-16 0.0038714 0.000630745 0.00159857 0.00027956 0.2174 0.0632124
0 2.15385e-16 -0.00080151 -0.000151422 0.00131752 0.000196465 0.217128 0.0634625
0 2.15385e-16 -0.00202157 -0.000441003 0.000846851 0.000227962 0.217219 0.0635107
0 2.15385e-16 -0.000733037 -0.000223417 0.000206398 0.000180467 0.217813 0.0633424
0 2.15385e-16 -0.00119655 -0.000235424 -0.00205688 -0.000268553 0.218127 0.0637967
0 2.15385e-16 -0.00432696 -0.000730245 0.00238124 0.000293097 0.216432 0.06319
0 2.15385e-16 0.000975187 0.000147627 0.0018253 0.000363974 0.216394 0.0631597
0 2.15385e-16 0.00102414 0.000269823 -0.000449755 -8.88879e-06 0.217118 0.063021
0 2.15385e-16 0.000774897 0.00021053 0.0013707 0.000247801 0.216812 0.0630136
0 2.15385e-16 0.000726713 6.29451e-05 0.000128848 -4.89803e-05 0.216224 0.0637096
0 2.15385e-16 -0.000110191 6.53573e-05 0.00295157 0.000490538 0.217625 0.0639133
0 2.15385e-16 0.00124192 0.000118719 -0.00246878 -0.00049454 0.217582 0.0629431
0 2.15385e-16 0.0019891 0.000425201 0.00234966 0.000318728 0.216901 0.0636247
0 2.15385e-16 0.00281318 0.000511079 -0.0015079 -0.000166163 0.217079 0.0634135
0 2.15385e-16 0.00142951 0.00015984 0.00181507 0.000381567 0.218114 0.063743
0 2.15385e-16 -0.00170926 -0.000374007 -0.0024477 -0.000438989 0.217511 0.0636473
0 2.15385e-16 0.00105839 0.000128922 0.000866493 0.000191549 0.215883 0.0632118
0 2.15385e-16 0.00223671 0.000477161 0.00187855 0.000361321 0.217234 0.0632101
0 2.15385e-16 0.00167994 0.000300307 -0.00186761 -0.000326041 0.216722 0.0637669
0 2.15385e-16 -0.00385039 -0.000576301 -0.00127474 -0.000302662 0.217048 0.063911
0 2.15385e-16 -0.00157315 -0.000276913 -0.00140469 -0.000165552 0.217855 0.0636139
0 2.15385e-16 -0.00347648 -0.000569475 -0.00303363 -0.000430066 0.219135 0.063834
0 2.15385e-16 -0.000547293 -0.000205678 -0.000139753 -7.14293e-05 0.216771 0.0625409
0 2.15385e-16 -0.00137919 -0.000162529 0.00269289 0.000524992 0.216451 0.0636578
0 2.15385e-16 0.00124433 0.000319332 -0.000221777 9.40509e-05 0.216126 0.0635255
0 2.15385e-16 0.00110147 0.000204492 0.000465798 -2.44236e-05 0.215372 0.0633271
0 2.15385e-16 -0.00331881 -0.000646471 -0.000187433 2.80174e-05 0.218545 0.0634184
0 2.15385e-16 -0.00329275 -0.000600059 -0.00234372 -0.000535718 0.217395 0.0629728
0 2.15385e-16 -0.00158244 -0.000337927 -0.00133801 -0.000223693 0.218112 0.0634032
0 2.15385e-16 0.00231348 0.000467073 0.0019407 0.00041109 0.218323 0.0634941
0 2.15385e-16 -0.00323956 -0.000591368 -0.00221124 -0.000295182 0.218324 0.0641024
0 2.15385e-16 0.00123156 0.000271224 0.00160659 0.00033296 0.21733 0.0635023
0 2.15385e-16 0.00315934 0.000472276 -0.00164154 -0.00015216 0.217294 0.0642862
0 2.15385e-16 -0.000373005 8.54963e-05 0.000354433 -4.58533e-05 0.218141 0.0636652
0 2.15385e-16 -8.66208e-05 3.14244e-05 0.00119546 0.00028864 0.21709 0.0631004
0 2.15385e-16 0.000810553 0.000172587 -0.000461613 -6.36351e-05 0.215973 0.0633466
0 2.15385e-16 -0.000567761 -8.2992e-05 0.00151412 0.00042122 0.216548 0.0632452
0 2.15385e-16 -0.00405894 -0.000812329 8.60912e-05 5.35328e-05 0.216845 0.0636909
0 2.15385e-16 -0.000182381 -5.04038e-05 0.000914154 -9.34146e-06 0.217051 0.06285
0 2.15385e-16 0.00436777 0.00073548 0.00119195 0.000338113 0.216291 0.0639025
0 2.15385e-16 -0.00101604 -0.000279538 -0.000265338 -8.13495e-05 0.21712 0.0629264
0 2.15385e-16 0.00222124 0.000501688 0.000593897 3.2584e-05 0.21693 0.0634461
0 2.15385e-16 0.00115717 0.000319082 -0.000259313 -4.04116e-05 0.216878 0.0631198
0 2.15385e-16 -0.00448421 -0.000710377 -0.00196368 -0.00027726 0.217743 0.0636334
0 2.15385e-16 0.00192512 0.000283875 -0.00156307 -0.000254035 0.218209 0.0631123
0 2.15385e-16 0.000793252 0.000156424 -0.00147926 -0.000217827 0.216913 0.0634289
0 2.15385e-16 -0.00153125 -0.000310641 0.00171109 0.000131383 0.217432 0.0641131
0 2.15385e-16 -0.00242263 -0.000311552 -0.00323187 -0.000460845 0.217145 0.0635048
0 2.15385e-16 0.00279753 0.000546606 0.00044426 5.24209e-05 0.216937 0.0629365
0 2.15385e-16 -0.00141877 -0.000295643 0.000448054 4.98549e-05 0.217836 0.0624858
0 2.15385e-16 0.00127665 0.000168416 0.00142869 0.000169363 0.217823 0.0626955
0 2.15385e-16 -0.000670232 -7.48679e-05 0.000630917 0.000139207 0.216649 0.0625969
0 2.15385e-16 0.00159998 0.00030497 -0.000218761 -0.000131644 0.216853 0.063313
0 2.15385e-16 -0.00131395 -0.000172424 0.0026892 0.000542775 0.217285 0.0628903
0 2.15385e-16 0.00117181 0.000193126 -0.000573347 -4.02653e-06 0.216892 0.0631322
0 2.15385e-16 0.000783688 0.000168448 0.00321948 0.000711633 0.21723 0.0630341
0 2.15385e-16 0.00103395 8.97941e-05 0.002607 0.000377094 0.217328 0.0635147
0 2.15385e-16 -0.00184571 -0.000345048 0.000680579 5.6517e-05 0.217205 0.0629948
0 2.15385e-16 -0.000587282 -0.000138702 -0.000364863 -3.4947e-05 0.21504 0.0631205
0 2.15385e-16 -0.00195751 -0.000375995 0.000221078 -2.47089e-05 0.216628 0.0629015
0 2.15385e-16 -0.000646496 -0.000198087 -0.00131103 -0.00015149 0.217798 0.0635264
0 2.15385e-16 -0.000539413 -0.000104599 -0.00193735 -0.00032146 0.217585 0.0634266
0 2.15385e-16 -8.78474e-05 0.000106881 0.00137855 0.0002436 0.216663 0.06335
0 2.15385e-16 -0.000813246 -0.000202749 -0.000888536 2.32698e-05 0.216937 0.0634415
0 2.15385e-16 -0.00240172 -0.000361755 0.00188567 0.000201103 0.21679 0.063404
0 2.15385e-16 0.00129545 0.000216548 -0.000238433 5.19877e-05 0.216449 0.0630506
0 2.15385e-16 0.000539148 0.000166413 0.000296777 2.02381e-05 0.217457 0.0636556
0 2.15385e-16 0.00167657 0.000362462 -0.000940811 -0.000326136 0.217091 0.0636908
0 2.15385e-16 0.00195712 0.000329127 0.000270151 0.000155446 0.217385 0.0633174
0 2.15385e-16 -0.000948929 -0.000193156 0.00221057 0.000393146 0.216789 0.0627793
0 2.15385e-16 -0.000877271 -0.000111545 0.000765474 0.000183115 0.217266 0.0635077
0 2.15385e-16 0.00143423 0.000336276 0.000817911 0.000119461 0.216366 0.0631289
0 2.15385e-16 0.000727986 0.000174367 0.00105038 0.000189476 0.216185 0.0634241
0 2.15385e-16 0.00238663 0.000334697 0.000917461 0.00010143 0.217602 0.0631496
0 2.15385e-16 -0.000424624 -0.00012201 -0.00139573 -0.000265906 0.21765 0.063597
0 2.15385e-16 -0.000979959 -0.000135448 -0.000747475 -0.000217693 0.218427 0.0627446
0 2.15385e-16 -0.00198042 -0.000334382 -0.00154836 -0.000149855 0.218423 0.0636409
0 2.15385e-16 0.00306993 0.000666275 -0.000167779 2.52378e-08 0.2177 0.0631019
0 2.15385e-16 0.000140478 4.92631e-06 -0.00324626 -0.000606043 0.218148 0.0628927
0 2.15385e-16 0.00128858 0.000292244 0.00182008 0.000467322 0.216064 0.0630595
0 2.15385e-16 8.55134e-05 2.26383e-05 0.000573764 6.92588e-05 0.216593 0.0634225
0 2.15385e-16 -0.0043232 -0.000774844 0.000996634 0.000160883 0.217532 0.0635311
0 2.15385e-16 0.00206804 0.000314694 0.00120474 0.000254857 0.217445 0.0632437
0 2.15385e-16 -0.00351499 -0.000727129 0.00210361 0.000296662 0.217558 0.0635211
0 2.15385e-16 -0.000298883 4.38893e-05 0.00103357 0.000145764 0.216584 0.0642929
0 2.15385e-16 0.00235858 0.000334138 0.00260311 0.000557538 0.217711 0.0635653
0 2.15385e-16 0.00133466 0.000242468 4.64922e-05 7.98988e-05 0.21735 0.0633045
0 2.15385e-16 -0.000907122 -0.000156164 0.00217927 0.000386487 0.216628 0.0635918
0 2.15385e-16 -0.00235327 -0.000399868 0.00082159 1.18003e-05 0.216594 0.0629411
0 2.15385e-16 0.00244816 0.000441045 0.00148322 0.000392527 0.217166 0.0632618
0 2.15385e-16 -0.00366202 -0.000637564 -0.00311549 -0.000472079 0.217345 0.0635078
0 2.15385e-16 0.00205696 0.00042444 -0.00497785 -0.000675529 0.217243 0.0639647
0 2.15385e-16 0.00154014 0.000275553 -0.000888502 -2.61538e-05 0.217376 0.063433
0 2.15385e-16 -0.00233105 -0.000331679 0.00122511 0.000177214 0.217591 0.0633497
0 2.15385e-16 0.00301047 0.000413025 0.00025105 -1.02986e-05 0.217347 0.0629391
0 2.15385e-16 -0.00203696 -0.000381954 -2.81717e-05 3.25444e-05 0.217049 0.0633597
0 2.15385e-16 -0.00017212 -0.000100239 0.00146144 0.000218129 0.21763 0.0639911
0 2.15385e-16 0.000968307 0.000134565 -0.00188668 -0.000426386 0.217387 0.0637628
0 2.15385e-16 -0.000338636 -0.000136017 0.000710875 0.000127554 0.216897 0.0633207
0 2.15385e-16 0.00101183 0.000201411 0.00134892 0.000287287 0.216737 0.0636102
0 2.15385e-16 0.003504 0.000587059 0.000495409 1.2647e-05 0.217361 0.0636273
0 2.15385e-16 -0.00225717 -0.000420431 -0.00281444 -0.000391089 0.218959 0.0634556
0 2.15385e-16 -0.00166354 -0.000431648 0.000622682 0.00015011 0.21624 0.0633776
0 2.15385e-16 2.16585e-05 0.000114538 -0.00273067 -0.000547921 0.216295 0.0634713
0 2.15385e-16 -0.00240898 -0.00033866 -0.00237554 -0.000440078 0.218405 0.0644324
0 2.15385e-16 -0.00142857 -0.000285146 0.000800059 0.000163217 0.216835 0.0632542
0 2.15385e-16 0.00378641 0.000643767 0.000735453 0.000211043 0.217286 0.0629197
0 2.15385e-16 0.00183408 0.00032085 0.000967088 0.000127333 0.216193 0.0634496
0 2.15385e-16 -0.00240957 -0.000433813 0.00147559 0.000320839 0.217552 0.0633693
0 2.15385e-16 -0.00184722 -0.000318566 0.00119751 0.000130699 0.216516 0.0633732
0 2.15385e-16 -0.000985173 -0.000133619 0.00111368 0.000352787 0.217035 0.0633219
0 2.15385e-16 0.000445276 8.63837e-05 -0.00277412 -0.000550147 0.217724 0.0633101
0 2.15385e-16 0.00241452 0.000534737 -0.00115519 -0.000196015 0.218393 0.0629203
0 2.15385e-16 -0.000725977 -0.000209055 0.00132544 0.000169385 0.216813 0.0634705
0 2.15385e-16 -0.000147279 4.44079e-05 0.00295123 0.000499378 0.216996 0.0631597
0 2.15385e-16 0.00134802 0.000257599 -0.000491124 -3.34462e-05 0.215592 0.0635067
0 2.15385e-16 0.00052028 0.00010162 0.00023275 -4.78973e-06 0.216834 0.0638044
0 2.15385e-16 0.00251145 0.000310337 0.002032 0.000243698 0.217426 0.0630616
0 2.15385e-16 -0.00126887 -0.000278754 -3.62424e-05 -1.85768e-05 0.21661 0.0635804
0 2.15385e-16 -1.97644e-05 5.16157e-05 0.000351602 7.41637e-05 0.215128 0.0627168
0 2.15385e-16 -0.000228583 0.000124589 -7.27367e-05 -1.47889e-05 0.217721 0.0634335
0 2.15385e-16 0.000406311 8.58511e-05 -0.00312778 -0.00056568 0.217174 0.0635765
0 2.15385e-16 0.00356482 0.000424338 -6.57843e-05 -8.57639e-05 0.216129 0.0633831
0 2.15385e-16 -0.000722584 -5.09879e-06 0.00298516 0.000702676 0.217182 0.0627983
0 2.15385e-16 0.00117502 0.000373597 0.00126519 0.000276772 0.217694 0.0628709
0 2.15385e-16 0.000227054 0.000171318 0.00224706 0.000369568 0.215993 0.0638006
0 2.15385e-16 -0.000822801 -0.000290165 -0.00139781 -0.000266967 0.216749 0.0630976
0 2.15385e-16 0.00374664 0.000797729 -0.00118132 -0.000150562 0.218215 0.0634701
0 2.15385e-16 -7.62478e-05 5.4321e-05 -0.00130195 -0.000270368 0.21691 0.0638276
0 2.15385e-16 -0.00221509 -0.000437596 -0.000727754 -0.000101395 0.217351 0.063812
0 2.15385e-16 -0.00232951 -0.000565635 0.00139384 0.000265526 0.217423 0.0629462
0 2.15385e-16 -0.000600164 -4.29376e-05 0.000546581 0.000150137 0.216717 0.0636948
0 2.15385e-16 0.000110753 -9.7802e-08 -0.00192811 -0.00042373 0.216592 0.0636425
0 2.15385e-16 -0.00196712 -0.000369403 0.000164246 9.39219e-05 0.217539 0.0640329
0 2.15385e-16 0.000809224 0.00013842 0.00043963 0.000187658 0.217225 0.0630642
0 2.15385e-16 -0.00467851 -0.00086094 -0.000548309 -0.000133668 0.218175 0.0632893
0 2.15385e-16 -0.000264773 -8.90637e-05 -0.00135581 -0.000232573 0.215551 0.0636581
0 2.15385e-16 6.25104e-05 -5.37282e-05 -0.00221465 -0.000281313 0.217457 0.063309
0 2.15385e-16 0.000311496 5.7401e-05 -0.000375183 -0.000144342 0.21609 0.0632447
0 2.15385e-16 -0.000596479 -0.000130145 -0.00205856 -0.000440396 0.21629 0.0632896
0 2.15385e-16 0.000413893 -5.6248e-06 0.000423487 5.13839e-05 0.21639 0.0639595
0 2.15385e-16 -0.00128316 -0.000248365 0.000617262 0.000188379 0.217009 0.0637548
0 2.15385e-16 0.000218359 1.99804e-05 -0.000467855 -0.000192657 0.217211 0.0631007
0 2.15385e-16 0.00108893 5.71162e-05 -0.00446767 -0.000779264 0.217072 0.0633808
0 2.15385e-16 -0.00174688 -0.00020409 0.000430507 -2.26647e-05 0.218654 0.0629367
0 2.15385e-16 0.00222695 0.000416512 -0.00423906 -0.000668861 0.21754 0.0643568
0 2.15385e-16 0.00229876 0.000327957 0.000359017 3.72617e-06 0.216691 0.0633416
0 2.15385e-16 0.000808986 0.000196863 0.000851274 -1.8659e-06 0.217012 0.0629831
0 2.15385e-16 0.00249965 0.000394009 0.00261325 0.000445834 0.216598 0.0636778
0 2.15385e-16 0.000974005 0.000171285 -0.000953199 -0.000154286 0.216532 0.0632415
0 2.15385e-16 -0.000374531 8.02663e-05 -0.0029324 -0.000439266 0.2169 0.0639581
0 2.15385e-16 -0.00075002 -2.35531e-05 0.00211493 0.000398596 0.216597 0.0630619
0 2.15385e-16 0.00147423 0.000300649 0.00119076 7.5502e-05 0.216693 0.0630458
0 2.15385e-16 0.00116274 0.000266717 0.00380332 0.000529322 0.216546 0.0631781
0 2.15385e-16 -0.000979055 -0.000138298 -0.000446571 4.78003e-05 0.216623 0.0632218
0 2.15385e-16 -0.00273016 -0.000352574 -0.00299546 -0.00048854 0.217901 0.0642746
0 2.15385e-16 0.00248749 0.000510993 0.000327078 -2.22521e-05 0.21739 0.0633184
0 2.15385e-16 -0.000758597 -0.000269128 -0.00241439 -0.000269156 0.217233 0.0634266
0 2.15385e-16 -8.68354e-06 -2.15789e-05 0.000914983 0.000268572 0.21487 0.0640112
0 2.15385e-16 0.00155309 0.0003205 0.00452143 0.000670924 0.217227 0.0631375
0 2.15385e-16 -0.000712592 -0.000110738 -0.00380553 -0.000519734 0.217403 0.0636454
0 2.15385e-16 -0.000412949 9.49743e-06 0.000633903 5.36502e-05 0.217692 0.0636149
0 2.15385e-16 -0.00313198 -0.000442401 -0.000201983 -6.62032e-05 0.216829 0.0638721
0 2.15385e-16 -0.00162268 -0.000212776 -0.000940897 -0.000259232 0.216977 0.0629795
0 2.15385e-16 -0.00112373 -0.000132893 0.00117542 0.000101972 0.216586 0.0636996
0 2.15385e-16 0.000506031 0.000113857 0.00396952 0.000667238 0.216822 0.0631087
0 2.15385e-16 -0.00168668 -0.000248265 0.000208437 9.58152e-05 0.217694 0.0628189
0 2.15385e-16 -0.00264514 -0.000417591 0.000973789 9.40321e-05 0.216719 0.0633887
0 2.15385e-16 0.000265451 3.2775e-05 0.00113034 0.000122363 0.216294 0.0633215
0 2.15385e-16 0.00181396 0.000365939 0.00066318 0.000151296 0.218139 0.0632306
0 2.15385e-16 9.95978e-05 -0.000101773 -0.000972731 -0.000340431 0.216513 0.063685
0 2.15385e-16 -0.000779178 -9.44298e-05 -0.000435757 -6.79487e-05 0.217324 0.0640007
0 2.15385e-16 0.00181389 0.000321843 -0.000177551 -5.52437e-05 0.217699 0.0634576
0 2.15385e-16 -0.000649431 -0.000111629 -0.00052595 2.32769e-05 0.218167 0.0632962
0 2.15385e-16 0.000940443 0.000126129 2.37467e-05 6.64037e-05 0.217103 0.063123
0 2.15385e-16 0.002675 0.000451711 0.000773007 0.000126831 0.216547 0.0635004
0 2.15385e-16 -0.00080477 -0.000162692 0.00115614 0.000185745 0.216209 0.0635449
0 2.15385e-16 0.00190305 0.000258204 -0.00134783 -0.000258542 0.21693 0.0632751
0 2.15385e-16 0.000424358 0.000131325 0.00130085 0.000235421 0.216343 0.0634961
0 2.15385e-16 0.000952807 0.000163287 -0.000721335 -0.000109577 0.216824 0.0629482
0 2.15385e-16 -0.00056846 -1.03172e-05 -0.0017003 -0.000370931 0.216951 0.0628134
0 2.15385e-16 0.00116079 0.000215614 0.00114076 0.000233774 0.217066 0.0634666
0 2.15385e-16 0.000157497 2.05654e-05 0.00163396 0.000168181 0.215875 0.0636678
0 2.15385e-16 7.17518e-05 2.90061e-07 -6.43379e-05 4.79373e-05 0.216998 0.0628719
0 2.15385e-16 0.00129324 0.00039531 -0.00318936 -0.000496596 0.216927 0.0630185
0 2.15385e-16 0.00116319 0.000286015 -0.00218688 -0.000439182 0.21849 0.0632387
0 2.15385e-16 -0.00169729 -0.000406024 -0.000652911 -1.0018e-06 0.216486 0.0633483
0 2.15385e-16 0.00240297 0.000402458 -0.00358583 -0.000425074 0.217761 0.0626972
0 2.15385e-16 -0.000334127 0.00011288 -0.000337796 -4.14989e-05 0.216404 0.0632055
0 2.15385e-16 0.000628922 0.000185697 -0.000679408 -0.000116289 0.216889 0.0630602
0 2.15385e-16 0.00141875 0.000161132 -0.000440426 -0.000177334 0.216816 0.0640004
0 2.15385e-16 0.0011985 0.000221283 -0.00100853 -9.75589e-05 0.218233 0.0624688
0 2.15385e-16 -4.02952e-05 -0.000106253 0.000336044 1.84849e-05 0.217258 0.0633222
0 2.15385e-16 -0.000774533 -4.36118e-05 -0.000383468 -9.17269e-05 0.216246 0.0635484
0 2.15385e-16 0.00118456 0.000206323 -0.0012173 -0.000344314 0.217064 0.063118
0 2.15385e-16 -0.000509443 -3.90323e-06 0.000828237 7.41568e-05 0.217799 0.063055
0 2.15385e-16 -0.000330715 3.99894e-05 -0.00183377 -0.000292316 0.217683 0.0630843
0 2.15385e-16 -0.00236351 -0.000394642 -0.00144407 -0.000136927 0.218718 0.0644809
0 2.15385e-16 0.00224229 0.000446032 -0.000683079 -0.0002208 0.2177 0.063882
0 2.15385e-16 0.00113792 0.000193003 0.00165801 0.000308083 0.216361 0.063351
0 2.15385e-16 0.00123523 0.00014327 -3.83971e-05 4.94355e-05 0.216272 0.0635169
0 2.15385e-16 -0.0001375 -0.000131753 3.37196e-07 -7.62124e-05 0.216825 0.0632785
0 2.15385e-16 -0.00196969 -0.000217907 -0.000445032 3.37258e-05 0.216842 0.0636218
0 2.15385e-16 -0.00264866 -0.000460935 0.0035322 0.00069638 0.217365 0.0634885
0 2.15385e-16 -0.00418606 -0.000686428 0.00140187 0.000328245 0.216782 0.0637206
0 2.15385e-16 0.000314713 7.19816e-05 0.00185055 0.000410986 0.217914 0.0633348
0 2.15385e-16 -0.00094378 -0.000128131 0.000797347 9.98918e-05 0.215648 0.0635723
0 2.15385e-16 -0.00297581 -0.000497651 -1.36268e-05 -3.50798e-06 0.218493 0.0634256
0 2.15385e-16 -0.00266193 -0.00045351 0.000652971 6.04856e-05 0.216335 0.0642929
0 2.15385e-16 -0.0018876 -0.000298335 0.000887316 0.0001295 0.216051 0.0630037
0 2.15385e-16 -0.00135309 -0.000221539 0.0023596 0.000324818 0.21661 0.0632567
0 2.15385e-16 0.00185031 0.00038746 0.00225548 0.000489642 0.218309 0.0637657
0 2.15385e-16 -0.000499808 -0.00016778 -0.00227698 -0.000382753 0.217383 0.0640436
0 2.15385e-16 -0.00196277 -0.000325694 -0.000677018 -0.000133855 0.217556 0.0641814
0 2.15385e-16 -0.000470213 -2.42898e-05 -8.23462e-06 3.58624e-05 0.216665 0.063516
0 2.15385e-16 0.00141476 0.000243152 -0.00126272 -0.00024463 0.217457 0.0627089
0 2.15385e-16 0.00251697 0.000330339 -0.000982574 -0.000149292 0.217056 0.0637914
0 2.15385e-16 -0.0016542 -0.000348549 -0.0017277 -0.000173285 0.218369 0.0634102
0 2.15385e-16 0.00220402 0.000285215 -0.000773393 -0.000218156 0.216471 0.0629404
0 2.15385e-16 -0.00168031 -0.000336996 -0.00101196 -0.000232764 0.217725 0.0633883
0 2.15385e-16 -0.000172262 3.22637e-05 0.00010964 1.96264e-05 0.216882 0.063177
0 2.15385e-16 2.77634e-05 0.000112192 0.000137273 -5.01975e-05 0.216525 0.0633339
0 2.15385e-16 0.00218101 0.000478994 0.00214872 0.000278151 0.21614 0.0629284
0 2.15385e-16 0.00173616 0.000267899 0.00364446 0.000502566 0.217949 0.0633477
0 2.15385e-16 0.000207649 8.60979e-05 -0.00171728 -0.000260093 0.217615 0.0630344
0 2.15385e-16 0.000476963 0.000136134 -0.000711993 -9.44093e-05 0.21592 0.0636124
0 2.15385e-16 0.000502932 0.000143564 0.00236207 0.000368545 0.216315 0.0630632
0 2.15385e-16 -0.00103967 -0.000237256 -0.00342758 -0.000429346 0.217866 0.0636713
0 2.15385e-16 0.000203092 9.11404e-05 -0.000796024 -0.000158695 0.216178 0.0632592
0 2.15385e-16 -0.000842576 -0.000163108 -0.00139535 -0.000247985 0.217881 0.0629955
0 2.15385e-16 0.00316744 0.000579245 -0.000525074 -0.000163939 0.217273 0.0631258
0 2.15385e-16 -0.00233087 -0.000556906 0.000679783 -6.14636e-06 0.217898 0.0638929
0 2.15385e-16 0.0036531 0.000694102 -0.0013206 -0.000212116 0.21795 0.0634162
0 2.15385e-16 -0.000493036 -2.96697e-05 -0.00311443 -0.000612256 0.217905 0.0632018
0 2.15385e-16 0.000989568 0.000198995 -0.00189377 -0.000489233 0.217369 0.0627237
0 2.15385e-16 -0.00361148 -0.000625285 0.00334987 0.000666871 0.216921 0.0638286
0 2.15385e-16 -0.000482709 -0.000131107 0.00151942 0.00043412 0.216079 0.0630925
0 2.15385e-16 -0.00209198 -0.000348383 -8.61951e-05 -6.93403e-05 0.216604 0.0637245
0 2.15385e-16 0.00146125 0.000210901 9.16949e-05 -9.1871e-05 0.216152 0.0635559
0 2.15385e-16 1.321e-05 0.000122369 0.000452807 7.96214e-05 0.217814 0.0636426
0 2.15385e-16 -0.000958824 -0.000202323 -0.00121078 -0.000319085 0.217039 0.0629237
0 2.15385e-16 0.000397582 0.000139042 -0.00238491 -0.000483538 0.216964 0.0638413
0 2.15385e-16 0.000636017 0.000105926 0.000443252 0.000142069 0.216837 0.0628156
0 2.15385e-16 0.00135421 0.000153985 -0.00243332 -0.000402501 0.216045 0.0626681
0 2.15385e-16 0.00173895 0.00038583 0.00282277 0.000491666 0.218649 0.0630172
0 2.15385e-16 -0.000672486 -0.000243374 -0.00305504 -0.000413492 0.217147 0.0636817
0 2.15385e-16 0.002182 0.000333228 0.00218943 0.000308434 0.218027 0.0633265
0 2.15385e-16 -0.000203529 -6.55316e-05 0.000760127 0.000216653 0.216811 0.0630258
0 2.15385e-16 0.00164798 0.000212929 -0.000794549 -0.000230539 0.217016 0.063167
0 2.15385e-16 -0.00347784 -0.000674652 -0.00225133 -0.00028812 0.217014 0.0639541
0 2.15385e-16 0.00158567 0.000262566 0.000655665 0.000169423 0.217058 0.0632313
0 2.15385e-16 0.00167095 0.000382974 0.005107 0.000773345 0.218425 0.0631695
0 2.15385e-16 0.00262241 0.000507067 0.00345245 0.000490907 0.216886 0.0637635
0 2.15385e-16 0.00101903 0.000245314 0.00391946 0.000635407 0.217801 0.0634426
0 2.15385e-16 0.00244671 0.000435423 0.000836926 0.000127953 0.216789 0.0632912
0 2.15385e-16 0.000599428 2.9339e-05 -0.000975254 -0.00017249 0.21745 0.0634277
0 2.15385e-16 -0.000891784 -0.000119689 -0.00202059 -0.000289471 0.217148 0.0643928
0 2.15385e-16 0.00216845 0.000411306 -0.000446333 -4.22702e-05 0.218639 0.0628426
0 2.15385e-16 0.00106515 0.00025896 0.000536214 0.000204734 0.216065 0.0626753
0 2.15385e-16 -0.00167732 -0.000292346 0.000333149 0.000139483 0.217127 0.0633912
0 2.15385e-16 -0.00234158 -0.000372492 0.00154147 0.000245449 0.217631 0.0641583
0 2.15385e-16 -0.000945976 -0.000155548 -0.000718864 -0.000123663 0.217152 0.0634506
0 2.15385e-16 -0.000385287 -4.99614e-05 -0.00199831 -0.000277768 0.216113 0.0635816
0 2.15385e-16 -0.00183498 -0.000296747 0.00132533 0.000171467 0.217829 0.0637029
0 2.15385e-16 -0.00229946 -0.000409012 -0.000228684 -0.000105049 0.216769 0.0634438
0 2.15385e-16 -0.00142783 -0.0001652 0.0019353 0.000331429 0.216007 0.0629548
0 2.15385e-16 0.000158951 -3.17919e-05 -0.0021765 -0.000422793 0.217005 0.0629068
0 2.15385e-16 0.00177054 0.00039191 -0.00130169 -0.000414991 0.216645 0.0636458
0 2.15385e-16 0.00292635 0.000548543 -0.000129618 -7.02896e-05 0.217019 0.0631066
0 2.15385e-16 0.00197825 0.000363678 -0.00106047 -0.000164847 0.215758 0.0630342
0 2.15385e-16 -0.000161864 -0.000171801 -0.000166001 -8.99103e-05 0.216402 0.0625012
0 2.15385e-16 0.0018689 0.000328582 -0.00150471 -0.000231679 0.217578 0.0629585
0 2.15385e-16 -0.00106235 -0.000142115 -0.00130422 -0.000303643 0.217617 0.0636443
0 2.15385e-16 0.000101315 -7.87145e-05 -2.71493e-05 0.000117629 0.216998 0.0634627
0 2.15385e-16 -0.00373738 -0.000471131 -0.0022567 -0.000481347 0.218785 0.0635198
0 2.15385e-16 0.00010725 0.000109332 -0.000364831 -6.66826e-05 0.216337 0.0633909
0 2.15385e-16 -0.000398068 -2.27307e-05 -0.00190741 -0.000398246 0.217591 0.0629386
0 2.15385e-16 -0.0023393 -0.000368377 -7.6016e-05 8.03149e-05 0.21668 0.0636891
0 2.15385e-16 0.00117806 0.000288352 -0.00238337 -0.000328786 0.218332 0.0637756
0 2.15385e-16 -0.000702119 -0.000115598 -0.00338086 -0.000543659 0.218633 0.063603
0 2.15385e-16 -0.00187757 -0.0003029 0.00206682 0.000420251 0.217282 0.0633036
0 2.15385e-16 0.00181473 0.000423031 -0.00122382 -6.65732e-05 0.217135 0.0636216
0 2.15385e-16 -0.000942074 -0.00019775 0.000392058 0.000105972 0.217156 0.0631667
0 2.15385e-16 -0.00182265 -0.000378479 0.00167073 0.000240589 0.217401 0.0629129
0 2.15385e-16 -0.00186649 -0.000452463 0.000448643 -4.48461e-05 0.217448 0.063281
0 2.15385e-16 0.000297767 2.20977e-05 -0.00272056 -0.000452559 0.217256 0.0635617
0 2.15385e-16 0.00027755 4.79232e-05 0.00299629 0.000633881 0.216588 0.0630402
0 2.15385e-16 0.000968962 0.000233454 -0.000182646 -5.2882e-05 0.216489 0.0631324
0 2.15385e-16 -0.000431395 -0.000121772 -0.00479811 -0.000901453 0.217588 0.0639696
0 2.15385e-16 -0.00140395 -0.000280051 -0.00141123 -0.000325308 0.217603 0.0632436
0 2.15385e-16 0.0033165 0.000624242 0.00158192 0.000321935 0.218029 0.0634137
0 2.15385e-16 0.00194823 0.00039259 -8.47611e-05 -5.87246e-05 0.216947 0.062911
0 2.15385e-16 -0.000750794 -0.000123454 0.00113541 0.000197435 0.21579 0.063096
0 2.15385e-16 -0.00284584 -0.000437325 0.000235529 -4.2926e-05 0.217856 0.0636696
0 2.15385e-16 0.000666059 0.00019129 0.0013764 7.348e-05 0.217649 0.0632819
0 2.15385e-16 -0.000837987 -0.000154232 -0.00212569 -0.000442578 0.217136 0.0629312
0 2.15385e-16 -0.00248396 -0.000528498 -0.00236512 -0.000368204 0.216709 0.0642289
0 2.15385e-16 -0.00216876 -0.000534928 -0.000358058 2.47729e-06 0.216449 0.0639723
0 2.15385e-16 0.000278125 0.000115099 -9.73746e-05 -7.28982e-06 0.215539 0.0629588
0 2.15385e-16 -0.000972579 -5.53543e-05 -0.00136916 -0.0002103 0.216763 0.063558
0 2.15385e-16 -0.002193 -0.000269258 -0.00312138 -0.000476503 0.219202 0.06389
0 2.15385e-16 -0.00441879 -0.000734716 -0.00207597 -0.000380736 0.218327 0.0634023
0 2.15385e-16 -0.000970917 -0.000113688 0.000893275 0.000213093 0.216385 0.0633309
0 2.15385e-16 -0.00045683 -8.36056e-05 0.000113411 0.000125814 0.216457 0.0631259
0 2.15385e-16 -0.000242815 -4.90016e-05 0.000453856 0.00012037 0.2167 0.0626334
0 2.15385e-16 -0.00191831 -0.000386379 -0.000395576 -0.00010802 0.217439 0.0639156
0 2.15385e-16 -0.000756621 -9.17156e-05 0.000851939 6.10764e-05 0.216485 0.0636092
0 2.15385e-16 -0.00296955 -0.000614459 0.00247687 0.000443871 0.217317 0.063258
0 2.15385e-16 -0.00364268 -0.000729167 0.00104077 0.000168151 0.218052 0.063666
0 2.15385e-16 -0.00114506 -0.000124961 -0.00071371 4.68983e-05 0.217842 0.0633251
0 2.15385e-16 0.00162887 0.000263485 -9.1064e-05 6.36854e-05 0.2176 0.0627035
0 2.15385e-16 0.000710087 5.99531e-05 -0.00165802 -0.000357481 0.215501 0.0635317
0 2.15385e-16 -0.00441509 -0.000675883 0.000531081 -3.71769e-06 0.216994 0.0643196
0 2.15385e-16 -0.000453964 -0.000124534 -0.000509663 2.82663e-06 0.215802 0.0633535
0 2.15385e-16 0.00359526 0.000607443 0.00180985 0.000205732 0.216872 0.0638191
0 2.15385e-16 0.00101693 0.000186431 0.00206971 0.000419805 0.216389 0.0634147
0 2.15385e-16 -0.00292774 -0.000478331 -0.000586806 -9.20127e-07 0.217411 0.0639208
0 2.15385e-16 0.00105723 0.000162092 0.00369277 0.000637601 0.21713 0.0629491
0 2.15385e-16 0.00460509 0.000706437 -0.00187218 -0.000249516 0.217787 0.0639644
0 2.15385e-16 0.00217122 0.000375508 -0.00111625 -0.000247733 0.21733 0.062854
0 2.15385e-16 -0.0029969 -0.000420343 0.00128232 0.000392351 0.216772 0.0640282
0 2.15385e-16 -0.000819124 -0.000158787 0.000850306 0.000103231 0.218294 0.062655
0 2.15385e-16 0.00152362 0.000302982 0.00111876 0.000185785 0.216771 0.0632522
0 2.15385e-16 0.00267622 0.000526567 0.000417066 7.57631e-05 0.217555 0.0628086
0 2.15385e-16 0.000141357 -2.12837e-05 -0.000288444 -0.000134082 0.217265 0.0626052
0 2.15385e-16 0.00220872 0.000359315 0.00103417 0.000256141 0.217771 0.0633479
0 2.15385e-16 0.00247408 0.000442542 -0.000965078 -0.000162335 0.216749 0.0631134
0 2.15385e-16 -0.00544196 -0.000987005 -0.00148977 -0.000381957 0.217743 0.0632037
0 2.15385e-16 -0.00114856 -0.000234685 0.000687887 0.0001292 0.215315 0.0631933
0 2.15385e-16 -0.00242066 -0.000390935 -0.000650569 -0.000106698 0.217985 0.0641524
0 2.15385e-16 0.000451664 8.13251e-05 -0.000546733 9.8867e-06 0.216674 0.0633005
0 2.15385e-16 0.00155462 0.000319213 -0.00341622 -0.00064055 0.218393 0.0636214
0 2.15385e-16 -0.000585973 -3.03982e-05 -0.00100054 -0.000220675 0.216551 0.0630485
0 2.15385e-16 0.000986477 0.000155297 -0.00148961 -0.000285192 0.21777 0.0635866
0 2.15385e-16 -0.00233198 -0.000381559 -0.000959129 -7.2217e-05 0.216071 0.0642999
0 2.15385e-16 -0.00193486 -0.000379025 0.00137784 0.000234694 0.216366 0.0631744
0 2.15385e-16 -0.000729369 -5.41308e-05 0.00225043 0.000289035 0.218559 0.0630559
0 2.15385e-16 0.000861915 0.000111928 0.00113491 0.000153776 0.217683 0.0628522
0 2.15385e-16 -0.00340812 -0.000501538 3.06866e-05 -7.76551e-05 0.21685 0.0634098
0 2.15385e-16 5.688e-05 3.09257e-06 0.00251179 0.000515377 0.216172 0.0630764
0 2.15385e-16 -0.0023485 -0.000438946 -0.000639577 -9.09428e-05 0.217751 0.0634154
0 2.15385e-16 -0.000591697 1.16133e-07 -0.00231517 -0.000547653 0.21707 0.0633436
0 2.15385e-16 0.00183866 0.000377376 -0.000951247 -0.000176206 0.217391 0.063467
0 2.15385e-16 0.00405311 0.000679301 -0.0011427 -0.000203164 0.217381 0.063197
0 2.15385e-16 0.00266216 0.0004475 -0.00296231 -0.000357424 0.216934 0.0634689
0 2.15385e-16 0.00176926 0.000401377 -0.000702061 -7.76127e-05 0.216512 0.0635045
0 2.15385e-16 -0.000774542 5.10496e-05 -0.00176022 -0.000150925 0.218283 0.0637669
0 2.15385e-16 0.000702286 6.3293e-05 0.000555233 9.89504e-05 0.216423 0.0641126
0 2.15385e-16 -0.00228247 -0.000471352 -0.000372505 -0.000137135 0.216991 0.0635717
0 2.15385e-16 -0.000717161 -0.000149401 -0.000319726 4.23692e-05 0.216264 0.0637124
0 2.15385e-16 0.00138092 7.83521e-05 0.00043894 0.000131594 0.216659 0.0641761
0 2.15385e-16 0.00194318 0.000245103 -0.00245619 -0.000382863 0.217177 0.063874
0 2.15385e-16 -0.00270969 -0.000464575 -0.00102275 -2.25819e-05 0.216281 0.0635125
0 2.15385e-16 -0.000806298 -0.000114764 0.00172489 0.000363254 0.217542 0.0634997
0 2.15385e-16 -0.00169267 -0.00033225 -0.00178301 -0.000257323 0.217801 0.0633158
0 2.15385e-16 0.000584914 0.000136262 -0.0025333 -0.00042495 0.217382 0.0636917
0 2.15385e-16 -0.00103604 -0.000133064 -0.000613322 -0.000163326 0.217181 0.0641437
0 2.15385e-16 0.00197023 0.000247493 -3.89436e-05 -3.09005e-05 0.216979 0.0634342
0 2.15385e-16 -0.00177168 -0.000381077 -0.000806041 -0.00012584 0.217131 0.0636581
0 2.15385e-16 -0.00254766 -0.000489057 0.00194587 0.000287025 0.21759 0.0634235
0 2.15385e-16 -0.000820864 -0.000119351 -2.91549e-05 -0.000104962 0.217199 0.0632759
0 2.15385e-16 -0.000832928 -8.48349e-05 -0.000149623 -0.000179629 0.217351 0.0628635
0 2.15385e-16 -0.000137852 6.22637e-05 0.00246037 0.00043495 0.21851 0.0631349
0 2.15385e-16 -0.00249004 -0.000445268 0.00422351 0.000783214 0.216551 0.0639505
0 2.15385e-16 -0.000369236 -3.10676e-05 -0.000346083 4.1165e-06 0.21732 0.0635637
0 2.15385e-16 0.00139731 0.00026252 0.00376098 0.000649051 0.217282 0.0632177
0 2.15385e-16 0.000298222 9.87614e-05 0.000502444 8.34531e-06 0.217322 0.0632544
0 2.15385e-16 -0.000529487 -0.000122672 -0.00409184 -0.000652506 0.217003 0.0647402
0 2.15385e-16 0.00228473 0.000290156 -0.00421947 -0.000776808 0.217516 0.0638577
0 2.15385e-16 0.00101757 0.000172757 -0.000755583 -0.00011907 0.216779 0.0639935
0 2.15385e-16 0.00190279 0.000171132 0.000981307 0.000222 0.216451 0.0634335
0 2.15385e-16 -0.00283402 -0.00055664 -0.00109244 -0.0001718 0.217466 0.0637929
0 2.15385e-16 -0.000729131 -5.80139e-06 0.00122648 0.00028186 0.217299 0.06312
0 2.15385e-16 0.000189362 9.77915e-05 0.00245511 0.000367599 0.216219 0.063222
0 2.15385e-16 -0.000853589 -9.98037e-05 -0.00234845 -0.000354767 0.217422 0.0637209
0 2.15385e-16 -0.00159977 -0.000323326 0.00071605 3.39213e-05 0.217552 0.0631182
0 2.15385e-16 -0.0014739 -0.000329749 -0.000177749 -9.93178e-05 0.217731 0.0634929
0 2.15385e-16 0.00125804 0.000328883 0.000599532 -7.80597e-05 0.21743 0.0630853
0 2.15385e-16 0.000366867 6.61626e-05 -0.00158662 -0.000334908 0.216408 0.0630676
0 2.15385e-16 -0.00196405 -0.00036104 0.00018579 -0.00014148 0.217272 0.0636349
0 2.15385e-16 0.00115199 0.000204124 -0.000921579 -3.18384e-05 0.21672 0.0638169
0 2.15385e-16 -0.0021753 -0.000238496 0.00146877 0.000280225 0.217659 0.0639447
0 2.15385e-16 -0.00107501 -0.000123662 -0.000441761 5.04767e-06 0.217816 0.0626714
0 2.15385e-16 -0.00252908 -0.000455321 -0.00118505 -0.000244465 0.217729 0.0637711
0 2.15385e-16 0.000174831 5.01797e-05 -0.000570464 -5.9061e-06 0.216713 0.0631474
0 2.15385e-16 0.00170707 0.000281527 -0.000817015 -0.00012035 0.216403 0.0637349
0 2.15385e-16 0.000806027 0.00012876 0.00275085 0.000421536 0.216044 0.0635592
0 2.15385e-16 0.000189913 7.97238e-05 -0.00149945 -0.000296644 0.21715 0.0630106
0 2.15385e-16 -0.000465742 -0.000112411 3.26562e-05 6.26747e-05 0.215782 0.0632452
0 2.15385e-16 0.000262896 3.90475e-05 -5.70364e-05 -4.75351e-05 0.217397 0.0635863
0 2.15385e-16 -0.000563141 -0.00015906 0.00104377 0.000138423 0.21622 0.0634229
0 2.15385e-16 -3.86018e-05 0.000178055 0.000496898 8.64725e-05 0.217033 0.0634789
0 2.15385e-16 -0.000132094 2.43798e-05 0.00103628 2.65385e-05 0.216347 0.0635138
0 2.15385e-16 -0.00360404 -0.000553556 -0.000623595 -0.000176397 0.216945 0.063705
0 2.15385e-16 -0.00337562 -0.000563033 0.00245344 0.000367936 0.216908 0.0638781
0 2.15385e-16 0.00132706 0.000196617 0.00236147 0.000542426 0.218172 0.062353
0 2.15385e-16 0.00162142 0.000351061 0.00214759 0.000290392 0.217041 0.06349
0 2.15385e-16 -0.000588666 -5.44706e-05 -0.000474778 7.15971e-05 0.216792 0.0636075
0 2.15385e-16 -0.000524502 9.53248e-06 -0.00169525 -0.000372319 0.21711 0.0634232
0 2.15385e-16 -0.00251629 -0.000397417 -9.19749e-05 -1.8023e-05 0.217579 0.0631773
0 2.15385e-16 5.26292e-05 -2.60527e-06 3.22228e-05 4.79525e-05 0.216598 0.0625564
0 2.15385e-16 0.00143989 0.000341612 -0.000582418 -0.000112142 0.215854 0.0634376
0 2.15385e-16 -0.000651813 5.43213e-05 -0.00299382 -0.000517809 0.217562 0.0637631
0 2.15385e-16 0.00142866 0.000281034 0.00201356 0.000329573 0.216623 0.0636578
0 2.15385e-16 -0.00171147 -0.000175452 -0.00224591 -0.00014333 0.217084 0.0646825
0 2.15385e-16 0.000172918 -6.14922e-05 0.000571886 8.70787e-05 0.21598 0.0628748
0 2.15385e-16 -0.000358012 -0.000112027 0.000497551 -7.64748e-05 0.217374 0.0630996
0 2.15385e-16 -0.000796989 -6.742e-05 -0.00180025 -0.000196604 0.217823 0.0630449
0 2.15385e-16 -0.00216105 -0.000397247 -0.000903087 -0.000145906 0.216569 0.0636086
0 2.15385e-16 -0.00141443 -0.000161553 -0.00150156 -0.000254403 0.217094 0.0634228
0 2.15385e-16 1.80016e-05 0.000123086 -0.0024565 -0.0003295 0.216807 0.0637917
0 2.15385e-16 -0.00299756 -0.00052409 0.00238938 0.00036846 0.215992 0.0635646
0 2.15385e-16 -0.00165283 -0.000197531 -0.000821332 -0.000271809 0.217841 0.0633732
0 2.15385e-16 -0.000763819 -0.000232855 0.00271779 0.000656568 0.217131 0.0629997
0 2.15385e-16 0.00180782 0.000384143 -0.000206784 -0.000100729 0.216652 0.0630355
0 2.15385e-16 0.00134253 0.000316714 -0.000349942 2.10591e-05 0.216998 0.0629199
0 2.15385e-16 0.000191534 5.26475e-05 -0.00100543 -0.0002147 0.217826 0.0636989
0 2.15385e-16 -0.00366037 -0.00067411 0.00146142 0.000184643 0.216555 0.0634368
0 2.15385e-16 0.00384072 0.000786704 0.000727346 0.000112982 0.216882 0.0631794
0 2.15385e-16 -0.00112248 -0.000178123 0.000339836 7.16576e-05 0.217177 0.0623565
0 2.15385e-16 0.000313804 4.25851e-05 0.000395157 2.92699e-05 0.216308 0.0632483
0 2.15385e-16 0.000601542 9.8433e-05 -0.00317789 -0.00059535 0.219419 0.0628969
0 2.15385e-16 0.000185567 7.05763e-05 0.000170411 2.14187e-06 0.214825 0.0632727
0 2.15385e-16 -0.00184757 -0.000415872 0.000868206 0.000241764 0.21716 0.0633649
0 2.15385e-16 -0.00167185 -0.000206247 -0.00205312 -0.000513431 0.216945 0.0637904
0 2.15385e-16 0.00304559 0.000477584 -0.000357457 -0.000209944 0.215251 0.0637877
0 2.15385e-16 0.00356506 0.000712971 -0.00238661 -0.0005106 0.216884 0.0633186
0 2.15385e-16 0.00178566 0.000327868 0.00177363 0.000292512 0.216548 0.0642837
0 2.15385e-16 -0.00323721 -0.000377884 -0.00335244 -0.000481166 0.218069 0.0637332
0 2.15385e-16 0.00194657 0.000391909 0.0013194 0.000148562 0.217282 0.0637551
0 2.15385e-16 0.000923753 0.000177328 -0.000716911 -8.38982e-05 0.217611 0.0629725
0 2.15385e-16 -0.000341397 -0.000166272 0.00145168 0.000203737 0.216665 0.0627374
0 2.15385e-16 -0.00350194 -0.000600184 -0.000841505 -4.83733e-05 0.21784 0.0636064
0 2.15385e-16 0.00204322 0.000288072 0.000282451 -1.98994e-05 0.21603 0.0636053
0 2.15385e-16 0.00216328 0.000441153 0.00245502 0.000362485 0.217484 0.0639507
0 2.15385e-16 -0.000299436 -0.000132956 0.00347472 0.000578947 0.217404 0.0636411
0 2.15385e-16 -0.00133845 -0.000226526 0.00274598 0.000366354 0.215748 0.0631523
0 2.15385e-16 0.000524094 0.000142853 0.00128253 0.000291677 0.21709 0.0638376
0 2.15385e-16 0.00232912 0.000451673 -0.000837694 -0.000166972 0.216026 0.0640713
0 2.15385e-16 0.000584961 -1.61394e-05 -0.00280484 -0.000487599 0.216328 0.0639408
0 2.15385e-16 0.00292035 0.000460817 0.00199758 0.000389751 0.217172 0.0639606
0 2.15385e-16 0.000128449 1.14683e-05 0.000211228 0.000120219 0.21598 0.0627279
0 2.15385e-16 0.000593545 0.000143417 0.0019371 0.000298146 0.2179 0.0637416
0 2.15385e-16 -0.000343018 -0.000119379 0.000573725 3.37569e-05 0.215942 0.0629603
0 2.15385e-16 0.000509837 0.000121548 -0.00119109 -0.00025621 0.217438 0.062968
0 2.15385e-16 0.00121767 8.74221e-05 -0.00111284 -0.000234665 0.215959 0.0635421
0 2.15385e-16 -0.000616026 -0.000119196 -0.00255033 -0.000499206 0.217387 0.0632467
0 2.15385e-16 -0.000516353 -2.76541e-05 0.00268595 0.000336474 0.216078 0.0629268
0 2.15385e-16 3.86e-05 8.39728e-06 0.00056004 7.8845e-05 0.216349 0.0628652
0 2.15385e-16 0.000392998 2.5697e-05 0.000272859 5.75367e-05 0.215171 0.0632823
0 2.15385e-16 -0.000833572 -0.000120309 -0.00315619 -0.000532159 0.21837 0.0633997
0 2.15385e-16 -9.1594e-05 0.000105424 0.00010677 -1.39482e-06 0.217362 0.0633201
0 2.15385e-16 4.66309e-05 -5.83137e-06 0.00148718 0.000217415 0.217324 0.062885
0 2.15385e-16 0.00359122 0.000639016 0.002396 0.000499741 0.217805 0.0642477
0 2.15385e-16 0.00109843 0.000184937 -0.000642238 -7.4495e-05 0.217011 0.0634827
0 2.15385e-16 0.00116009 0.000237929 0.00129756 7.81057e-05 0.217227 0.0629595
0 2.15385e-16 0.00172803 0.00038375 0.000173744 -3.65839e-05 0.216724 0.0628635
0 2.15385e-16 -0.000126621 1.39763e-05 -0.00396741 -0.000559501 0.217761 0.0635796
0 2.15385e-16 -0.00105138 -0.000324927 0.00162007 0.0002762 0.216344 0.0635014
0 2.15385e-16 0.000111496 -3.62769e-05 -0.00179472 -0.000343658 0.217 0.062692
0 2.15385e-16 0.00165768 0.000264284 0.000970302 0.000239375 0.216356 0.0627174
0 2.15385e-16 -0.00263555 -0.000466717 0.00202679 0.000350894 0.217326 0.0634976
0 2.15385e-16 0.00171915 0.000324284 0.00118072 0.000300498 0.218072 0.0632581
0 2.15385e-16 -0.000786021 -0.000296964 7.61993e-05 9.9139e-05 0.214938 0.0633468
0 2.15385e-16 0.0017963 0.000214551 -8.48109e-05 -9.60192e-05 0.218038 0.0628877
0 2.15385e-16 -0.000443591 -7.08564e-05 0.000199126 -3.34085e-05 0.216766 0.0638903
0 2.15385e-16 -0.000780231 -0.000138115 0.00136647 0.000216616 0.216545 0.0635719
0 2.15385e-16 0.00141159 0.000206183 0.000970559 0.000209236 0.217572 0.0639978
0 2.15385e-16 0.00135408 0.000373843 0.000900003 0.000151134 0.216522 0.0632551
0 2.15385e-16 0.000621124 0.00020246 0.00192405 0.000359447 0.217009 0.0629221
0 2.15385e-16 -0.000816521 3.80976e-05 4.46394e-05 -4.14802e-05 0.216948 0.0631775
0 2.15385e-16 0.00135355 0.000133467 0.00048585 9.03815e-05 0.216529 0.0631119
0 2.15385e-16 0.000361901 7.90994e-05 0.00184115 0.000397684 0.216313 0.0633234
0 2.15385e-16 -0.0014326 -0.000190807 -0.000894248 -0.000155524 0.217648 0.0633541
0 2.15385e-16 -0.00168477 -0.000332873 -0.000114639 -7.94968e-05 0.217847 0.0627366
0 2.15385e-16 0.000800598 8.89666e-05 -0.0025974 -0.000481363 0.217463 0.0631593
0 2.15385e-16 -0.000626826 -7.24337e-05 0.00150322 0.000309934 0.216476 0.0632577
0 2.15385e-16 -0.00283876 -0.000535626 -0.000364065 -2.7598e-05 0.218072 0.0637042
0 2.15385e-16 0.00323422 0.000613916 0.00350202 0.000487436 0.216493 0.0635196
0 2.15385e-16 -0.00138745 -0.000257643 -0.000772473 -0.000122439 0.21707 0.0630778
0 2.15385e-16 -0.00418755 -0.000715889 -0.0021569 -0.000442905 0.217058 0.0637781
0 2.15385e-16 0.00200523 0.000377126 0.000873553 0.000235533 0.217043 0.0624005
0 2.15385e-16 -0.00276202 -0.000457758 -0.00152664 -0.000366949 0.218072 0.0634892
0 2.15385e-16 -0.000910819 -6.79646e-05 0.0013209 0.000226048 0.217539 0.0633931
0 2.15385e-16 0.00261784 0.000470168 -0.00024741 -0.000112782 0.216484 0.0634511
0 2.15385e-16 0.00180916 0.000231796 -0.00109926 -5.678e-05 0.216663 0.063013
0 2.15385e-16 0.00337818 0.000514727 -0.00213438 -0.000343975 0.217385 0.063622
0 2.15385e-16 0.000154678 -3.48454e-05 -0.000920191 -0.000145869 0.215978 0.0625521
0 2.15385e-16 -0.00177743 -0.000226804 0.000944704 -8.51716e-06 0.21817 0.063446
0 2.15385e-16 0.00067888 8.54839e-05 -0.000155631 -3.52688e-05 0.215282 0.0634288
0 2.15385e-16 0.000598614 0.000115596 -0.00204772 -0.000378596 0.216942 0.0622144
0 2.15385e-16 -0.00226723 -0.00027398 -0.000523998 -9.72571e-05 0.215776 0.0636233
0 2.15385e-16 -0.0017527 -0.000199245 -0.00037986 -0.000155786 0.217596 0.0637186
0 2.15385e-16 0.00172588 0.000303248 0.000164952 4.05739e-05 0.217695 0.063349
0 2.15385e-16 -0.00258565 -0.000491621 -0.00244173 -0.000476399 0.217984 0.0637422
0 2.15385e-16 0.0037822 0.000622409 -0.00164937 -0.00022986 0.217223 0.0630151
0 2.15385e-16 0.00054348 8.08141e-05 0.000233303 0.000108261 0.21779 0.0638251
0 2.15385e-16 0.00122692 7.48796e-05 -0.00279302 -0.00032966 0.218234 0.0637369
0 2.15385e-16 0.000536811 0.000129405 -0.00177013 -0.000359251 0.216557 0.0636856
0 2.15385e-16 -0.000250266 -1.63912e-05 -0.00104862 -0.000173342 0.217305 0.0628906
0 2.15385e-16 0.0016846 0.000189304 -5.89116e-05 -2.94415e-05 0.216162 0.0637683
0 2.15385e-16 -0.000735155 -0.00015242 0.00068162 6.64505e-05 0.216266 0.0636011
0 2.15385e-16 0.00109992 0.000281433 -0.00119879 -0.00026344 0.216552 0.062742
0 2.15385e-16 0.00158447 0.00029994 -0.00164625 -0.000335422 0.218316 0.0630215
0 2.15385e-16 0.00183414 0.000367276 0.000869997 0.000314678 0.216439 0.0632916
0 2.15385e-16 0.000897108 9.19027e-05 -0.00194966 -0.000452555 0.217136 0.0638935
0 2.15385e-16 0.000863868 7.46827e-05 -0.00158789 -0.000116174 0.216118 0.0638574
0 2.15385e-16 0.00266954 0.000537394 -0.00125408 -0.000215925 0.216509 0.0630814
0 2.15385e-16 0.00166393 0.000353569 -0.000117459 6.00094e-05 0.216295 0.0631249
0 2.15385e-16 -0.000941942 -0.000152022 -0.000603666 -4.7368e-05 0.217141 0.063914
0 2.15385e-16 -0.00049977 -0.000188222 -0.00198681 -0.00051565 0.217076 0.062783
0 2.15385e-16 0.000316585 -1.71386e-05 0.000786222 1.91267e-05 0.216245 0.0637717
0 2.15385e-16 0.00272977 0.000439413 -0.00128111 -0.00027035 0.216714 0.0637318
0 2.15385e-16 -0.00116904 -0.000210507 -0.00143243 -0.00032047 0.216719 0.0630136
0 2.15385e-16 0.000259888 6.13481e-05 -0.000559719 -7.56813e-05 0.216207 0.0631341
0 2.15385e-16 0.00154384 0.000331644 0.000767836 1.51912e-05 0.217906 0.0629453
0 2.15385e-16 -0.00242274 -0.00048696 -0.00217903 -0.000267916 0.217842 0.0640828
0 2.15385e-16 0.00215332 0.000423888 -0.00313718 -0.00052262 0.217564 0.0637971
0 2.15385e-16 0.00109464 0.000171832 -0.00236919 -0.000392504 0.21834 0.0627431
0 2.15385e-16 -0.000992698 -0.000102408 0.00274585 0.000459296 0.21645 0.063976
0 2.15385e-16 0.0021895 0.000345571 -0.00168936 -0.000316822 0.215988 0.0632
0 2.15385e-16 0.00279382 0.000364644 0.00114281 0.000175356 0.217603 0.0635926
0 2.15385e-16 0.00186398 0.000465555 -0.000659726 -0.000130821 0.216861 0.0625905
0 2.15385e-16 0.000274218 0.000116415 -0.0011356 -0.000140983 0.216689 0.0637903
0 2.15385e-16 0.00130461 0.000182063 -0.000647792 -9.99411e-06 0.217805 0.0631229
0 2.15385e-16 0.000600944 0.000175973 0.000111768 6.77564e-05 0.217464 0.0630959
0 2.15385e-16 0.00369823 0.000745431 0.000637607 0.000198732 0.216003 0.0632463
0 2.15385e-16 0.000844242 5.40443e-05 -0.00100044 -0.000114603 0.21643 0.0636799
0 2.15385e-16 0.00436346 0.000790927 -0.00131411 -0.00018539 0.218273 0.0629318
0 2.15385e-16 -0.000636052 -7.46533e-05 -0.000309054 -1.31808e-05 0.218286 0.0628568
0 2.15385e-16 -0.00165573 -0.000293428 -0.00219392 -0.000368324 0.218264 0.0637254
0 2.15385e-16 0.0045489 0.000814171 0.000166455 -1.69402e-05 0.21624 0.06294
0 2.15385e-16 -0.00261432 -0.000428606 -0.00134076 -0.000117566 0.217584 0.0644544
0 2.15385e-16 0.0031559 0.000634996 0.00286616 0.000413625 0.217348 0.0635961
0 2.15385e-16 0.000858461 0.000148702 0.00211415 0.00041352 0.21711 0.0629675
0 2.15385e-16 0.00344323 0.000604677 -0.000622993 -8.47482e-08 0.217459 0.0629291
0 2.15385e-16 -0.000162183 -9.66907e-05 0.000982624 0.00011894 0.217558 0.0629459
0 2.15385e-16 0.000268834 6.03631e-05 -0.000674524 -0.000200496 0.216367 0.0634041
0 2.15385e-16 0.00108904 0.000171979 -0.00135273 -0.000203622 0.217074 0.0631008
0 2.15385e-16 0.00146664 0.000219203 -0.00301397 -0.000616435 0.216324 0.0630196
0 2.15385e-16 -0.00251411 -0.000506842 0.00109413 0.00018844 0.21813 0.0630711
0 2.15385e-16 -0.000960464 -0.000164257 -0.000460765 -2.43705e-05 0.21777 0.0626703
0 2.15385e-16 0.000473958 -1.10943e-05 0.000430994 1.8417e-05 0.216481 0.0631669
0 2.15385e-16 -0.00143349 -0.000256947 0.00138816 0.00026554 0.216206 0.0634143
0 2.15385e-16 0.00104431 0.000171307 0.0016661 0.00021234 0.216176 0.0630941
0 2.15385e-16 -0.00324292 -0.000561701 -0.000402034 -7.57023e-05 0.217466 0.0633882
0 2.15385e-16 -0.00218348 -0.000361885 1.48846e-05 6.84948e-06 0.216665 0.0626518
0 2.15385e-16 -0.000361043 0.000100643 -0.00198817 -0.000321832 0.217383 0.0634758
0 2.15385e-16 -0.000811967 -0.000137728 -6.03576e-05 -1.29899e-05 0.216068 0.0636813
0 2.15385e-16 0.00178975 0.000326286 0.00181464 0.000115158 0.217018 0.0637466
0 2.15385e-16 0.00154791 0.000261786 0.00119475 0.000289026 0.216987 0.0633578
0 2.15385e-16 0.00346966 0.000585832 -0.000854489 7.02836e-07 0.216443 0.0636616
0 2.15385e-16 -8.62552e-05 1.61869e-05 -0.000361914 3.96586e-05 0.217248 0.0625888
0 2.15385e-16 -0.00301554 -0.000438602 0.00220304 0.000381607 0.217255 0.0633458
0 2.15385e-16 0.000815325 0.000216835 -0.00519225 -0.000902791 0.217544 0.0630379
0 2.15385e-16 -0.00179276 -0.000237558 -0.0022586 -0.000369164 0.216763 0.0641026
0 2.15385e-16 0.00398062 0.000724487 -0.00134677 -0.000419289 0.217211 0.0636056
0 2.15385e-16 0.000323232 7.05141e-05 -5.23926e-05 -2.1776e-05 0.215811 0.0630496
0 2.15385e-16 0.000427418 5.60532e-05 -0.00064771 -0.000216546 0.215727 0.0636458
0 2.15385e-16 0.0017877 0.000246985 0.00323941 0.000290715 0.216516 0.0642319
0 2.15385e-16 0.00063592 -1.25346e-05 -0.00156307 -0.000244869 0.216921 0.0634475
0 2.15385e-16 -0.00186828 -0.000271186 -0.00167793 -0.000323826 0.217922 0.0635581
0 2.15385e-16 -0.000444862 3.75299e-05 0.000569066 8.40526e-05 0.21634 0.0631519
0 2.15385e-16 0.000966168 0.000269075 0.00182906 0.000381939 0.217447 0.0639054
0 2.15385e-16 0.00121218 0.000170373 0.000698098 7.21662e-05 0.21626 0.0628723
0 2.15385e-16 -0.00509342 -0.000938845 -0.00405667 -0.000745258 0.217827 0.0637401
0 2.15385e-16 0.000663535 0.000128307 0.000282362 6.64199e-05 0.215431 0.0630095
0 2.15385e-16 -0.0051642 -0.000888257 0.00147077 0.000160131 0.216612 0.0640965
0 2.15385e-16 0.00379128 0.000620926 0.00282765 0.000384124 0.217503 0.0642044
0 2.15385e-16 0.00164457 0.000248885 -0.000284869 -0.000117723 0.215865 0.0637976
0 2.15385e-16 0.000630975 0.000204184 -0.00269087 -0.000598385 0.21728 0.063261
0 2.15385e-16 0.00493454 0.000881136 -0.00046499 -0.000125546 0.215134 0.0637946
0 2.15385e-16 -0.00108409 -0.000172608 0.00175435 0.000354461 0.217296 0.0626431
0 2.15385e-16 0.00400931 0.000666756 0.00120768 0.000190519 0.217129 0.0635009
0 2.15385e-16 0.00160972 0.000265366 0.000787606 0.000210253 0.215882 0.0637834
0 2.15385e-16 0.00251848 0.000292348 -0.00047948 -0.000166008 0.216842 0.0630701
0 2.15385e-16 -0.00224793 -0.000277081 -0.00290309 -0.000553916 0.217962 0.0643841
0 2.15385e-16 -0.00156168 -0.000231796 -5.06789e-05 -2.34619e-05 0.218338 0.0637522
0 2.15385e-16 -0.00205209 -0.000360465 -0.00285701 -0.000472636 0.217087 0.0636332
0 2.15385e-16 -0.000962061 -9.6978e-05 -0.00197882 -0.00024323 0.217224 0.0637666
0 2.15385e-16 0.00175785 0.000209644 0.00302918 0.000636207 0.217813 0.0633997
0 2.15385e-16 9.82567e-05 5.82047e-05 8.26371e-05 -0.000146482 0.216579 0.0636495
0 2.15385e-16 -0.00238157 -0.000363495 0.00209816 0.000581719 0.217532 0.063732
0 2.15385e-16 -0.00209576 -0.000318506 0.00111741 0.000170722 0.216826 0.0631546
0 2.15385e-16 0.00200119 0.000317482 0.000441387 4.43502e-05 0.217068 0.0637806
0 2.15385e-16 0.00138782 0.0003313 -0.00174241 -0.000340058 0.217037 0.063613
0 2.15385e-16 0.00233127 0.000399409 -0.00150785 -0.000364983 0.21625 0.063539
0 2.15385e-16 0.00155219 0.000382646 0.00185218 0.000229091 0.217753 0.0633648
0 2.15385e-16 0.000676252 0.000110164 0.00181517 0.000399491 0.218041 0.063397
0 2.15385e-16 0.000898784 0.000364364 -0.00302844 -0.000663865 0.217057 0.063288
0 2.15385e-16 -0.00349712 -0.000545999 -0.00268677 -0.000519728 0.218956 0.0637136
0 2.15385e-16 -0.00399259 -0.000681082 0.00259683 0.00044133 0.216906 0.0635178
0 2.15385e-16 0.00145935 0.000256755 -0.00023038 -0.000110812 0.2171 0.0634032
0 2.15385e-16 0.000515262 0.0001304 -0.000844443 -9.55066e-05 0.217104 0.0640585
0 2.15385e-16 0.000530206 -7.88639e-05 -0.00415532 -0.00054431 0.216962 0.0640738
0 2.15385e-16 0.00145069 0.000189617 0.00244989 0.000266815 0.217097 0.0633396
0 2.15385e-16 0.00135909 0.000152067 -0.00167108 -0.000190596 0.216562 0.0634245
0 2.15385e-16 -0.00166464 -0.000248595 -0.00130223 -0.000376376 0.215161 0.0637853
0 2.15385e-16 0.00201552 0.000403469 -0.00191742 -0.00017411 0.217523 0.0634153
0 2.15385e-16 0.000516829 0.000243712 -0.00192582 -0.000223541 0.21721 0.0633461
0 2.15385e-16 0.00124829 0.000265398 0.00143126 0.000217151 0.215881 0.0637964
0 2.15385e-16 -0.00348474 -0.000634151 0.00201422 0.000344455 0.216847 0.063325
0 2.15385e-16 -0.000496297 -0.000159822 -0.00252167 -0.000363707 0.216894 0.0637864
0 2.15385e-16 -0.00172657 -0.00038792 -0.00211847 -0.000303949 0.21676 0.0642399
0 2.15385e-16 6.46172e-05 -8.68193e-05 0.0013928 0.000175153 0.216608 0.0631904
0 2.15385e-16 0.000241406 2.51721e-05 0.000696721 7.63699e-05 0.21744 0.0631191
0 2.15385e-16 0.000883183 0.000138972 -0.000946361 -0.000124688 0.217506 0.0634206
0 2.15385e-16 -0.00132958 -0.000215773 -0.00265649 -0.000309632 0.21718 0.063904
0 2.15385e-16 -0.00175785 -0.000379464 -0.000190851 -9.09337e-06 0.216607 0.063463
0 2.15385e-16 -0.000139449 -5.06303e-05 0.00233525 0.00021211 0.217853 0.063799
0 2.15385e-16 0.000694699 5.15269e-05 -0.00151248 -0.000325722 0.217194 0.0635695
0 2.15385e-16 0.00377275 0.000697734 -0.000903643 -0.000182081 0.216152 0.0635703
0 2.15385e-16 0.000661 0.000252175 0.00263315 0.000496097 0.217775 0.0632448
0 2.15385e-16 0.000738955 0.000230791 -0.00283413 -0.000390019 0.217221 0.0637463
0 2.15385e-16 -0.00339656 -0.000582171 0.000823551 3.08711e-05 0.216377 0.0632698
0 2.15385e-16 0.000150619 7.79602e-06 -0.000277978 -0.000138964 0.215642 0.0635088
0 2.15385e-16 -0.000457615 -0.000102205 -0.000464218 -0.000144085 0.216477 0.063649
0 2.15385e-16 0.0013834 0.000212998 -0.00104566 -0.000256405 0.217354 0.0636622
0 2.15385e-16 0.00217365 0.000371031 0.00078651 9.08433e-05 0.217655 0.0639512
0 2.15385e-16 0.00013774 5.18456e-06 -0.00189456 -0.000253441 0.216542 0.0636428
0 2.15385e-16 0.00175697 0.000147076 -0.000664993 -5.71505e-05 0.215662 0.0638782
0 2.15385e-16 0.00233874 0.000406049 0.00184507 0.000299692 0.217002 0.0628417
0 2.15385e-16 0.00112581 0.000347318 0.000631584 0.000111154 0.21637 0.0633848
0 2.15385e-16 -0.00061754 2.3845e-05 0.00579671 0.000948649 0.217145 0.0631816
0 2.15385e-16 -0.0014684 -0.000128594 0.00159746 0.000227826 0.216649 0.0631319
0 2.15385e-16 -0.000321729 1.44145e-05 0.000780175 0.000122299 0.216376 0.0629771
0 2.15385e-16 0.000565075 4.81588e-05 4.3103e-05 8.53202e-05 0.216213 0.0636527
0 2.15385e-16 0.00296417 0.000422942 -0.000755629 -0.0001645 0.21707 0.0638795
0 2.15385e-16 0.00192511 0.000334177 -0.0012983 -0.000180152 0.217277 0.063227
0 2.15385e-16 -6.18884e-05 -0.000142974 -0.00240257 -0.000417144 0.218004 0.0639378
0 2.15385e-16 8.08376e-05 3.06154e-05 0.0032208 0.000384264 0.21624 0.0636815
0 2.15385e-16 0.00228998 0.000418504 -0.0016634 -0.000195778 0.217259 0.0641198
0 2.15385e-16 0.00411559 0.000664852 0.0035888 0.000428041 0.21705 0.0641276
0 2.15385e-16 -0.00080873 -4.54325e-05 0.000470983 0.000204074 0.216691 0.0628764
0 2.15385e-16 -0.00130347 -0.000239701 0.00153136 0.000272798 0.216221 0.0635292
0 2.15385e-16 0.00084089 0.000125969 0.00297278 0.000539456 0.216073 0.0638427
0 2.15385e-16 0.00137819 0.000166682 0.00113845 0.000318341 0.216762 0.0630046
0 2.15385e-16 -0.00197224 -0.000352502 0.00150907 0.000291929 0.217877 0.0630856
0 2.15385e-16 0.00129953 0.000155021 -0.00162689 -0.000294059 0.216843 0.0626966
0 2.15385e-16 -0.00317845 -0.000586377 0.00279624 0.000290946 0.217227 0.0638578
0 2.15385e-16 -0.00322433 -0.000577072 0.000160183 -7.50383e-05 0.217399 0.0638344
0 2.15385e-16 0.000349749 0.000254817 0.00185486 0.000339342 0.217492 0.0636988
0 2.15385e-16 -0.00111689 -0.000197572 0.000410484 0.000174287 0.216323 0.0630327
0 2.15385e-16 0.00418759 0.000596966 -0.000502163 5.48819e-05 0.217437 0.0637146
0 2.15385e-16 0.000720298 0.000174608 0.000560423 5.52103e-05 0.215993 0.0630065
0 2.15385e-16 0.00115912 0.000228361 0.000189359 7.54059e-05 0.215763 0.0628777
0 2.15385e-16 0.000157473 7.09098e-05 -0.000821534 -0.000131179 0.216581 0.0636042
0 2.15385e-16 0.00187917 0.000249652 -0.00171818 -0.000347952 0.217259 0.0630624
0 2.15385e-16 -0.00139186 -0.000446965 -7.0587e-05 6.81624e-05 0.217642 0.0630319
0 2.15385e-16 -0.00560338 -0.000936088 0.000914384 3.13345e-05 0.217855 0.0637787
0 2.15385e-16 -0.00177444 -0.000330617 -0.00125624 -0.000195678 0.218427 0.062988
0 2.15385e-16 0.00257741 0.000477696 -0.00104748 -0.000186332 0.217341 0.0634088
0 2.15385e-16 -0.00316637 -0.000615818 -0.000545845 -0.000123811 0.217445 0.0637653
0 2.15385e-16 -0.000402117 -9.42496e-05 -0.00182313 -0.000262551 0.217659 0.0629365
0 2.15385e-16 -0.000950663 -9.43646e-05 -0.00105219 -0.000123129 0.217516 0.0632734
0 2.15385e-16 0.000302051 2.60727e-05 -0.00229964 -0.000342983 0.216415 0.0633996
0 2.15385e-16 -0.000601778 5.99821e-05 -0.000660028 1.83722e-05 0.218518 0.0634743
0 2.15385e-16 -0.00252717 -0.000397681 -0.000618847 -0.000212561 0.217439 0.0632481
0 2.15385e-16 0.000484577 0.0001788 2.09106e-05 6.72523e-05 0.216515 0.0630596
0 2.15385e-16 0.00115997 0.000355899 0.00294005 0.000467225 0.217332 0.0630011
0 2.15385e-16 -0.00411964 -0.000576506 -0.000520734 -4.97058e-05 0.217607 0.0633811
0 2.15385e-16 0.000631176 0.000218381 0.003225 0.000529043 0.216426 0.0635998
0 2.15385e-16 0.000931363 0.000109252 0.000414139 6.01588e-05 0.215401 0.0632961
0 2.15385e-16 0.000572896 -9.12184e-05 0.000614676 1.0002e-05 0.216586 0.0632596
0 2.15385e-16 0.000858696 0.000179371 -0.00103832 -0.00015628 0.21599 0.0632946
0 2.15385e-16 0.00173479 0.000174346 -0.00132735 -0.00024764 0.217899 0.0621768
0 2.15385e-16 -0.00109081 -0.000131286 -0.00143773 -0.000197401 0.219298 0.0641175
0 2.15385e-16 -0.0012306 -0.000276991 0.00429757 0.000719483 0.217043 0.0635453
0 2.15385e-16 -0.0018223 -0.000259062 -0.00109564 -7.59436e-05 0.218505 0.0634266
0 2.15385e-16 -0.00215693 -0.00029254 0.000734202 3.08854e-05 0.216784 0.0637347
0 2.15385e-16 0.000879755 0.000151773 -0.000359077 -7.4338e-05 0.216113 0.0641652
0 2.15385e-16 0.00153387 0.000226982 -0.000872822 -0.000205732 0.218016 0.0632001
0 2.15385e-16 0.00199689 0.000300726 0.00597595 0.0010639 0.21769 0.0635061
0 2.15385e-16 0.000732505 0.000242202 -0.000176807 -5.85492e-05 0.215837 0.0622997
0 2.15385e-16 -0.000649675 4.43055e-06 0.00122722 0.000179506 0.216899 0.0628828
0 2.15385e-16 0.00117304 0.000261456 0.000178248 9.7583e-05 0.216071 0.0634604
0 2.15385e-16 -0.000546 -0.000223098 -0.000955066 -0.000121915 0.217062 0.0635293
0 2.15385e-16 -0.00176427 -0.000229993 -0.00107992 -0.000242269 0.216527 0.0634549
0 2.15385e-16 0.00171784 0.0002479 -0.000820657 -0.000186643 0.216172 0.0630881
0 2.15385e-16 -0.00100477 -0.000194926 -0.00212256 -0.000296401 0.217447 0.0638154
0 2.15385e-16 -0.00340417 -0.00063077 -0.00278904 -0.000289193 0.217391 0.0638459
0 2.15385e-16 -0.000475222 -6.30302e-05 -0.00347726 -0.000538687 0.217318 0.063571
0 2.15385e-16 0.00191208 0.000260516 0.00202175 0.000314354 0.216795 0.0628829
0 2.15385e-16 0.000970258 0.000102617 -0.000438155 2.59722e-05 0.216585 0.063709
0 2.15385e-16 0.00265504 0.000451929 0.000491179 -7.81601e-06 0.216307 0.0641061
0 2.15385e-16 -0.000722397 3.30429e-05 -0.000534533 5.44068e-05 0.21601 0.0639059
0 2.15385e-16 -0.00270606 -0.000391814 -0.00120364 -0.000177728 0.217747 0.0633764
0 2.15385e-16 -0.000784925 -0.000103743 0.00030238 2.14611e-05 0.217521 0.063541
0 2.15385e-16 -0.00129031 -0.000142451 -0.000214134 2.96573e-05 0.21605 0.0635071
0 2.15385e-16 0.000229742 6.26709e-05 -0.000911153 -0.000146729 0.215911 0.0637862
0 2.15385e-16 0.000876296 0.000143455 -0.000155208 4.88133e-05 0.216563 0.0631653
0 2.15385e-16 -0.000312559 -7.21505e-06 0.000205423 -2.16495e-05 0.216316 0.0632531
0 2.15385e-16 0.00482516 0.000801391 -0.00324833 -0.000517516 0.217435 0.0643136
0 2.15385e-16 -0.00121685 -0.000260717 0.000390796 -4.95763e-05 0.217405 0.0631022
0 2.15385e-16 -0.00162595 -0.000253086 -0.000155433 -0.000153152 0.215943 0.0636184
0 2.15385e-16 0.00241105 0.00038852 -0.00132133 -0.000160998 0.217561 0.0627504
0 2.15385e-16 -0.00192953 -0.000212793 0.000535049 0.000167708 0.216996 0.0635952
0 2.15385e-16 -0.00052595 -5.94957e-05 0.00153065 0.000243828 0.217407 0.0635163
0 2.15385e-16 0.00187068 0.000316092 -0.000117994 2.03115e-05 0.216141 0.0627017
0 2.15385e-16 -0.000309967 -4.15081e-05 -0.00175703 -0.00038495 0.216874 0.0631443
0 2.15385e-16 -0.0011966 -0.00023018 0.00088534 0.000257298 0.217075 0.0629536
0 2.15385e-16 -0.00212725 -0.000322711 -0.000920278 -0.000160127 0.215368 0.0638359
0 2.15385e-16 0.000495135 0.000117392 0.00038765 5.51339e-05 0.216012 0.0629937
0 2.15385e-16 -0.00131568 -0.000107177 -0.00130429 -0.0003451 0.216853 0.0635246
0 2.15385e-16 -0.00110719 -0.000221465 0.00045186 2.1055e-05 0.216218 0.0632132
0 2.15385e-16 -0.000232394 -2.87063e-05 0.00177191 0.000356478 0.218 0.0631811
0 2.15385e-16 0.00451762 0.000700811 5.13319e-05 -5.19507e-05 0.216272 0.0632292
0 2.15385e-16 0.00173506 0.000454443 -0.00160644 -0.000111383 0.216952 0.0631826
0 2.15385e-16 0.00388542 0.000625971 -0.0017843 -0.000325659 0.216935 0.0625433
0 2.15385e-16 0.000230813 4.91851e-05 0.00108238 0.000149216 0.216187 0.0636396
0 2.15385e-16 0.00372123 0.00075255 -0.00183996 -0.00032917 0.217508 0.0633083
0 2.15385e-16 -0.000296199 -1.9979e-05 -0.000645519 -0.000258535 0.217302 0.0628564
0 2.15385e-16 0.000255056 -4.30093e-06 -0.00142122 -0.000247593 0.216616 0.0634468
0 2.15385e-16 -0.00280314 -0.000407181 -0.00140613 -0.000201503 0.217355 0.0641474
0 2.15385e-16 -0.0031185 -0.000467132 -2.54822e-05 3.8104e-05 0.216698 0.0637783
0 2.15385e-16 -0.000449443 -8.38203e-05 0.000703299 0.000130427 0.217413 0.0631354
0 2.15385e-16 0.000876151 0.000203212 0.00108266 0.00017308 0.215877 0.0628896
0 2.15385e-16 -0.000748686 -7.11529e-05 0.00121544 0.000183496 0.216662 0.0634784
0 2.15385e-16 0.00110795 0.000247584 0.000358358 0.000107101 0.217166 0.0636698
0 2.15385e-16 -0.00314323 -0.000483197 0.00143204 0.000156518 0.217917 0.0628874
0 2.15385e-16 0.00113137 0.000146322 0.00216652 0.000514481 0.216838 0.0634034
0 2.15385e-16 0.00190725 0.000363017 -7.78284e-05 -0.00014368 0.217103 0.0635878
0 2.15385e-16 -0.0017036 -0.000334521 -0.000406582 -6.11205e-05 0.216359 0.0635622
0 2.15385e-16 -0.000270005 -8.73984e-06 -0.00241746 -0.000336085 0.217738 0.0640325
0 2.15385e-16 -0.00168268 -0.000356515 0.00299984 0.000479355 0.217603 0.0636211
0 2.15385e-16 0.000301466 5.86657e-05 0.00339303 0.000568019 0.216923 0.0629599
0 2.15385e-16 0.00113067 0.000196735 -0.00100206 -0.000281273 0.217461 0.0636108
0 2.15385e-16 0.00165631 0.000305008 -0.00281574 -0.00053844 0.217404 0.0634871
0 2.15385e-16 -0.000102937 7.55889e-06 0.00135812 0.0001995 0.216419 0.064023
0 2.15385e-16 0.000806782 0.000185588 0.000805365 -8.02392e-05 0.216659 0.0637117
0 2.15385e-16 0.00016487 0.000129691 0.000477151 0.000122522 0.216761 0.0632905
0 2.15385e-16 0.000105037 1.58801e-05 0.000133519 0.000145499 0.216295 0.0630242
0 2.15385e-16 -0.000137533 -3.32735e-05 0.00184301 0.000304569 0.217226 0.0638866
0 2.15385e-16 -1.56558e-06 7.74122e-05 -0.00304219 -0.000442085 0.216387 0.0636866
0 2.15385e-16 0.00254777 0.000453497 0.000326862 5.2506e-05 0.216728 0.0634915
0 2.15385e-16 0.00102385 0.000128876 0.00222884 0.000328092 0.216272 0.0632323
0 2.15385e-16 0.00100959 0.000103316 0.000819974 4.35779e-05 0.216562 0.063226
0 2.15385e-16 -8.10411e-05 -9.67136e-05 -0.000306434 -1.39002e-05 0.216249 0.0633274
0 2.15385e-16 0.00110817 0.000151854 0.000207739 -9.92068e-05 0.216661 0.0632967
0 2.15385e-16 0.00226288 0.000452755 0.000920977 6.39538e-05 0.217385 0.0633364
0 2.15385e-16 0.00169527 0.000253324 -9.16317e-05 3.56927e-05 0.216865 0.0641661
0 2.15385e-16 -0.0026189 -0.000477326 -0.00397442 -0.000553351 0.21686 0.0644472
0 2.15385e-16 0.000976158 0.000137736 -0.00144894 -0.000221834 0.216818 0.0636552
0 2.15385e-16 -0.00122932 -0.000304422 0.00237263 0.000314555 0.217201 0.0632212
0 2.15385e-16 -0.00350292 -0.000595807 0.000735453 0.000139436 0.217929 0.0630635
0 2.15385e-16 0.000323312 6.92255e-05 -0.00155902 -0.000341197 0.218291 0.0631794
0 2.15385e-16 -0.00176283 -0.000283616 -0.000595235 -0.000155236 0.217877 0.0633253
0 2.15385e-16 4.13354e-05 -2.23849e-05 -0.000126477 -0.000170824 0.21709 0.0637221
0 2.15385e-16 -0.00206656 -0.000372624 0.00163969 0.000241194 0.217632 0.0637367
0 2.15385e-16 -0.00132153 -0.000116403 -0.00208331 -0.000405596 0.21754 0.0633555
0 2.15385e-16 -0.00166772 -0.000365375 -0.00274337 -0.000553067 0.217505 0.0633842
0 2.15385e-16 -0.000178034 -1.21157e-05 0.00105798 0.000105958 0.217325 0.0632998
0 2.15385e-16 -0.00162383 -0.000276956 -0.000176699 -4.34829e-05 0.218327 0.0634395
0 2.15385e-16 0.00122294 0.000334912 0.00145936 0.000213322 0.217195 0.0626561
0 2.15385e-16 -0.000111917 -0.000175055 -0.000724069 -1.15203e-05 0.215828 0.0640693
0 2.15385e-16 9.75242e-05 1.49185e-05 0.000595122 0.00022514 0.215237 0.0627268
0 2.15385e-16 -0.00218936 -0.000444051 -0.00236098 -0.000414885 0.218008 0.0637694
0 2.15385e-16 0.00348087 0.000689858 -0.0013118 -0.000206027 0.216324 0.0634819
0 2.15385e-16 -0.000264078 9.22596e-05 -0.000681409 -8.78699e-05 0.216003 0.0632497
0 2.15385e-16 0.00357535 0.000713319 -0.000514235 -1.09904e-05 0.217238 0.0633317
0 2.15385e-16 -0.00257243 -0.000358112 0.0036679 0.000690666 0.217091 0.0629665
0 2.15385e-16 0.00063721 7.78584e-05 0.0018362 0.00039404 0.216081 0.0625473
0 2.15385e-16 0.000434553 5.49085e-05 -0.00190408 -0.000288973 0.216788 0.0635488
0 2.15385e-16 0.00164646 0.000289821 -0.00343405 -0.000554299 0.218072 0.0633829
0 2.15385e-16 -0.00111525 -0.00022106 0.00207882 0.000298059 0.215291 0.0637247
0 2.15385e-16 8.2379e-05 0.000109073 0.000517747 7.23138e-05 0.218015 0.0636209
0 2.15385e-16 0.00150447 0.000311922 -0.00185939 -0.000218043 0.215477 0.0639256
0 2.15385e-16 0.00154799 0.000216935 0.00244946 0.000294676 0.217229 0.0635028
0 2.15385e-16 0.00148143 0.000235326 0.00275265 0.000505068 0.217816 0.0628563
0 2.15385e-16 0.00177895 0.000208629 0.00119189 0.000198633 0.217962 0.0627847
0 2.15385e-16 -0.0013233 -0.000213147 -0.00159234 -0.000359214 0.217498 0.0630866
0 2.15385e-16 -0.0016637 -0.000295058 -0.00461967 -0.000815316 0.216884 0.0637283
0 2.15385e-16 0.000719743 0.000167749 0.00116298 0.00015854 0.216794 0.0634983
0 2.15385e-16 -0.000833281 -2.63367e-05 -0.000245427 -9.72344e-06 0.216282 0.0641447
0 2.15385e-16 -0.00033023 -0.000156686 0.00263019 0.000398457 0.216234 0.0632756
0 2.15385e-16 -0.000844178 -0.0001667 -0.0027421 -0.00057779 0.217775 0.062822
0 2.15385e-16 -0.00276811 -0.00058938 0.00176281 0.000306154 0.21818 0.0629613
0 2.15385e-16 0.00282657 0.000564207 0.000840747 9.96009e-05 0.217834 0.0630623
0 2.15385e-16 0.00121664 0.000347147 -0.000939873 -0.000313306 0.216131 0.0630395
0 2.15385e-16 -0.00270122 -0.000484084 0.00274789 0.000408245 0.218296 0.0631354
0 2.15385e-16 0.00333954 0.00062479 -0.00146057 -0.000224319 0.215946 0.0630312
0 2.15385e-16 -0.00165035 -0.000281228 0.000233704 7.01125e-06 0.217734 0.0628212
0 2.15385e-16 0.00372994 0.000599589 7.59382e-05 1.80289e-05 0.217356 0.0626721
0 2.15385e-16 0.000843278 0.000169203 0.000538047 0.000198202 0.21526 0.0628013
0 2.15385e-16 0.00230041 0.000381155 0.00166237 0.000189845 0.216537 0.0625835
0 2.15385e-16 0.0023988 0.00051527 -0.00318855 -0.000436099 0.217383 0.0628718
0 2.15385e-16 -0.000517055 4.69636e-05 0.00101129 0.000111578 0.217019 0.0634888
0 2.15385e-16 0.000898576 0.000169744 0.0024907 0.000579049 0.216162 0.0631083
0 2.15385e-16 0.00264127 0.00030279 -0.00123611 -0.000284058 0.217712 0.0631942
0 2.15385e-16 0.00087232 0.000236375 0.00243685 0.000323617 0.217554 0.0630596
0 2.15385e-16 -0.00011269 2.87994e-05 -0.001625 -0.000253667 0.217798 0.0626467
0 2.15385e-16 1.96244e-05 0.000146792 -0.000325552 -3.02594e-05 0.216833 0.0635604
0 2.15385e-16 0.00253456 0.000403823 -0.00266498 -0.000383218 0.216037 0.0635892
0 2.15385e-16 -0.00168053 -0.000288623 0.00413012 0.000688044 0.215653 0.063515
0 2.15385e-16 -0.000422218 -5.98282e-05 0.0016354 0.000212112 0.216715 0.0633562
0 2.15385e-16 -0.00112057 -0.000217093 0.000885925 0.000302788 0.216656 0.0626957
0 2.15385e-16 0.00409489 0.000751692 -0.00357608 -0.000544936 0.216754 0.06371
0 2.15385e-16 -0.000204469 -3.18664e-05 -0.00127675 -7.33342e-05 0.216995 0.0630222
0 2.15385e-16 0.000760634 0.00022146 0.00270781 0.000339754 0.216655 0.0626984
0 2.15385e-16 5.22348e-05 9.4804e-05 -0.00460791 -0.00080126 0.218906 0.0631628
0 2.15385e-16 0.00203208 0.000321446 0.000349627 -9.68611e-05 0.218033 0.0631231
0 2.15385e-16 0.00095656 0.000319948 -0.00117649 -9.92051e-05 0.217273 0.0633317
0 2.15385e-16 0.000402005 0.000118936 0.00153882 0.000373631 0.216939 0.0632248
0 2.15385e-16 -0.000999488 -0.000179558 -0.000543608 -2.7867e-05 0.217623 0.0632794
0 2.15385e-16 1.87327e-05 -4.84839e-05 0.00117161 0.000218472 0.216759 0.0634941
0 2.15385e-16 0.000560231 3.39798e-05 0.00345385 0.000449867 0.217423 0.0635298
0 2.15385e-16 -0.000265138 -7.55534e-05 -0.000585325 -2.03103e-05 0.216625 0.0628441
0 2.15385e-16 -0.000231087 3.4012e-05 -0.000769006 -0.000100348 0.216886 0.0631434
0 2.15385e-16 0.00036584 4.09066e-05 0.000337842 -4.92222e-05 0.217183 0.0625459
0 2.15385e-16 -0.000134304 3.25651e-05 -0.000948933 -0.000258667 0.215325 0.0636433
0 2.15385e-16 0.00368472 0.000687971 1.81242e-06 -1.12428e-05 0.217604 0.0633248
0 2.15385e-16 0.000188471 4.47956e-05 0.000567472 0.000132629 0.216074 0.0634764
0 2.15385e-16 -6.01261e-06 1.99786e-05 -0.00162723 -0.00029212 0.217213 0.0630499
0 2.15385e-16 -0.00089061 -0.000222836 0.000194677 -1.14264e-05 0.216549 0.0628225
0 2.15385e-16 -0.000602837 -7.67386e-05 0.00220189 0.000414405 0.216231 0.0634434
0 2.15385e-16 0.000413448 -2.91016e-05 0.000270028 7.46697e-05 0.216377 0.0623324
0 2.15385e-16 -0.000472451 -4.23412e-05 0.000606482 0.000150991 0.215933 0.0630988
0 2.15385e-16 0.000279436 -6.54676e-05 -0.00185199 -0.00030434 0.21632 0.0633909
0 2.15385e-16 0.000709661 9.28691e-05 0.000219401 9.63691e-05 0.217043 0.0625313
0 2.15385e-16 -0.00253662 -0.000476547 0.000771173 0.000186334 0.218122 0.0634572
0 2.15385e-16 -0.00151709 -0.000254067 0.0026592 0.000271522 0.216712 0.0638593
0 2.15385e-16 -0.00140979 -0.000174316 0.0017447 0.000195051 0.216191 0.0632336
0 2.15385e-16 0.00141931 0.000378404 -3.54901e-05 0.000188699 0.216825 0.0636591
0 2.15385e-16 -0.00119983 -0.000235395 -0.00108581 -0.000110437 0.216346 0.0631821
0 2.15385e-16 0.000466466 8.05399e-07 0.000286688 -0.000117105 0.216067 0.0635085
0 2.15385e-16 -0.00616176 -0.00100189 0.00135193 0.000359402 0.216295 0.0635237
0 2.15385e-16 -0.000377815 0.000124133 -0.00342015 -0.00060875 0.217209 0.0642084
0 2.15385e-16 -0.00211984 -0.00027208 0.00235624 0.000477327 0.217303 0.0637678
0 2.15385e-16 -0.00221624 -0.000336904 -0.00067661 -0.000147371 0.217065 0.0635026
0 2.15385e-16 -0.000869895 -0.000192945 0.00109511 0.000269942 0.217221 0.0626931
0 2.15385e-16 -0.00197778 -0.000416235 -0.000470578 3.7821e-05 0.216118 0.0638674
0 2.15385e-16 0.0025332 0.000490353 -0.00187885 -0.000292531 0.217916 0.0637315
0 2.15385e-16 0.00140183 0.000301849 -0.00214613 -0.000271195 0.216572 0.0636163
0 2.15385e-16 -0.00224699 -0.000356352 5.63437e-05 -6.66464e-05 0.217658 0.063237
0 2.15385e-16 0.00207036 0.000343222 0.00113962 0.000111638 0.216399 0.0634683
0 2.15385e-16 -0.0010835 -8.30761e-05 -0.00123365 -0.000115667 0.218022 0.0632754
0 2.15385e-16 -0.0035156 -0.000630707 0.00229411 0.000401371 0.21675 0.0635117
0 2.15385e-16 0.00361232 0.000598304 0.000204068 -0.000180621 0.217798 0.0633993
0 2.15385e-16 0.00195382 0.00032342 -0.00260771 -0.000369564 0.215862 0.0634003
0 2.15385e-16 -0.00141637 -0.000285291 0.00141971 0.000202211 0.215557 0.0636872
0 2.15385e-16 -0.000491465 4.64209e-05 0.00193639 0.000317133 0.21528 0.0640598
0 2.15385e-16 0.000179023 0.000124089 -0.000190053 -5.04039e-05 0.216638 0.0630692
0 2.15385e-16 4.76944e-05 -7.80302e-05 0.000355538 -3.80566e-05 0.215545 0.0639638
0 2.15385e-16 0.000838379 0.00017437 -0.000438949 -0.000103456 0.216054 0.0633209
0 2.15385e-16 -0.000521516 -2.52682e-06 -0.00176694 -0.000180345 0.217075 0.0645093
0 2.15385e-16 -0.00269712 -0.000491226 0.000712924 -1.39259e-05 0.21698 0.0634013
0 2.15385e-16 0.000955298 8.51487e-05 0.00199229 0.000352159 0.21698 0.0634344
0 2.15385e-16 -0.000695503 -0.000108462 0.00175805 0.000417047 0.2155 0.0635303
0 2.15385e-16 -0.000158458 -7.79809e-05 0.00187531 0.000367183 0.21621 0.0633315
0 2.15385e-16 0.00010307 0.000111774 -0.00116104 -0.000142608 0.217584 0.0627369
0 2.15385e-16 -0.0019829 -0.000286724 -0.00336362 -0.00056328 0.217512 0.0637885
0 2.15385e-16 0.00178928 0.000414403 0.00167586 6.18367e-05 0.216379 0.063202
0 2.15385e-16 -0.00138525 -0.0002201 0.00100151 0.000332132 0.2171 0.0633379
0 2.15385e-16 -0.0037312 -0.000717148 0.00267425 0.000387388 0.21804 0.0638772
0 2.15385e-16 -0.00100058 -0.000149912 -0.00224814 -0.000545097 0.217904 0.0636484
0 2.15385e-16 0.000951743 9.11875e-05 0.00148964 0.000194938 0.217566 0.0633737
0 2.15385e-16 0.0022063 0.000312936 -0.00124532 -8.88107e-05 0.217427 0.06341
0 2.15385e-16 0.00167475 0.000294931 0.000602016 -5.27643e-06 0.21776 0.0637062
0 2.15385e-16 -0.000196616 1.95416e-06 0.00125681 0.000203395 0.216093 0.0636299
0 2.15385e-16 -0.00240322 -0.000402553 -0.00120984 -0.000409157 0.217345 0.0634222
0 2.15385e-16 -1.32373e-05 0.000102909 -0.000452912 -9.92581e-05 0.21658 0.0633517
0 2.15385e-16 0.000270885 -1.09843e-05 0.00138162 0.00027144 0.216429 0.0634705
0 2.15385e-16 -0.00524461 -0.000802 -0.00189614 -0.000302304 0.217485 0.0637789
0 2.15385e-16 0.000393686 0.000151972 0.0013521 0.000201834 0.216629 0.0630487
0 2.15385e-16 -0.000532247 -0.000119793 -0.000544536 -8.25899e-05 0.216759 0.0633831
0 2.15385e-16 0.00179328 0.000310347 -0.000458365 -0.000125708 0.216186 0.0632896
0 2.15385e-16 0.000901749 6.55629e-05 -0.00182553 -0.00026253 0.216316 0.0636834
0 2.15385e-16 0.00180442 0.000325641 -0.00236414 -0.000398072 0.216653 0.0636933
0 2.15385e-16 0.000539319 0.000155665 0.00418702 0.000621474 0.217271 0.0630971
0 2.15385e-16 0.00246399 0.000492837 0.00303035 0.000426704 0.21768 0.0635134
0 2.15385e-16 -0.0016267 -0.000362486 -0.00102904 -0.000190294 0.217728 0.0633806
0 2.15385e-16 0.00249919 0.0004644 0.000107357 0.000144356 0.218318 0.0640944
0 2.15385e-16 0.00261778 0.000466135 -0.00187928 -0.000276294 0.215644 0.0633794
0 2.15385e-16 -7.48668e-05 9.39346e-06 -0.000126929 3.73093e-05 0.216823 0.0629653
0 2.15385e-16 0.0024129 0.000381619 0.00112325 0.000174225 0.216901 0.0638938
0 2.15385e-16 -0.000463995 -0.000157381 0.00147599 0.000310339 0.216705 0.0632192
0 2.15385e-16 -0.0019429 -0.000327044 3.57057e-05 2.60546e-06 0.217412 0.0630258
0 2.15385e-16 -0.00231635 -0.00039129 -0.00512358 -0.00089731 0.217755 0.0644645
0 2.15385e-16 -0.00113475 -0.000300262 -0.00170884 -0.000338812 0.216521 0.0633346
0 2.15385e-16 0.00224514 0.000519597 0.00309866 0.000483211 0.216657 0.0638986
0 2.15385e-16 -0.00289438 -0.000483864 0.00108073 0.000215471 0.217364 0.0636261
0 2.15385e-16 0.000694785 0.000199976 -0.00175364 -0.000345903 0.217652 0.0632419
0 2.15385e-16 -0.00197757 -0.000416654 0.000399504 0.000158208 0.216972 0.0634964
0 2.15385e-16 0.00210069 0.000264918 0.00422456 0.000687684 0.215696 0.0636984
0 2.15385e-16 -0.00168542 -0.000234768 0.00142056 0.000322963 0.217434 0.0630571
0 2.15385e-16 0.00309348 0.000499275 0.000923112 0.000132636 0.216141 0.0634764
0 2.15385e-16 0.0024332 0.000450174 0.000599593 9.735e-06 0.217495 0.0628463
0 2.15385e-16 0.000397323 0.000122817 -0.000357575 -3.368e-05 0.216274 0.0625791
0 2.15385e-16 -0.000762817 -9.97535e-05 0.000785951 3.86971e-05 0.21629 0.0639836
0 2.15385e-16 0.000378394 -0.000106296 -0.00050086 5.95839e-05 0.216737 0.0636241
0 2.15385e-16 0.00166793 0.000355046 -0.0011587 -0.000295231 0.217459 0.0629715
0 2.15385e-16 0.000225927 0.000105019 0.00200387 0.000360616 0.215831 0.063157
0 2.15385e-16 -0.0024726 -0.000305516 -0.0003368 1.44337e-06 0.217224 0.0639585
0 2.15385e-16 -0.0005657 -0.000171836 -0.00110456 -0.0002671 0.216081 0.0634135
0 2.15385e-16 -0.000669716 -8.05653e-07 -0.00168472 -0.000289708 0.218508 0.0635615
0 2.15385e-16 0.00242286 0.000483015 0.00105483 0.000115933 0.217722 0.0640475
0 2.15385e-16 0.000708307 0.000144196 0.000159023 6.34635e-05 0.216335 0.0626743
0 2.15385e-16 -0.000581195 -7.89129e-05 -0.00246217 -0.000483127 0.21848 0.0631655
0 2.15385e-16 0.00357576 0.000767986 -0.000136541 0.000115206 0.216573 0.0634505
0 2.15385e-16 0.00171066 0.000312461 -0.000333928 9.66095e-05 0.216666 0.0637013
0 2.15385e-16 0.00312555 0.000510592 -0.00336735 -0.000587413 0.217968 0.0635217
0 2.15385e-16 0.00109609 0.000237368 -0.000466555 -6.40031e-05 0.215798 0.0636092
0 2.15385e-16 0.00124573 0.000231562 -0.0003123 1.26298e-05 0.21622 0.0633357
0 2.15385e-16 -0.00122583 -0.000120989 0.00168852 0.000248827 0.216313 0.0637981
0 2.15385e-16 0.00248163 0.000445566 0.00144342 0.000248767 0.21744 0.0633972
0 2.15385e-16 -0.00269125 -0.000365973 0.000514702 7.11909e-05 0.21564 0.0635074
0 2.15385e-16 -0.000553895 -5.0171e-05 0.000616455 6.48929e-05 0.215879 0.0625782
0 2.15385e-16 -0.00177135 -0.000453699 0.00259329 0.000480297 0.21772 0.0634824
0 2.15385e-16 0.0035022 0.000622321 -0.00164435 -0.000205576 0.217492 0.0630058
0 2.15385e-16 0.00144905 0.000368677 0.00197702 0.000196223 0.216627 0.0633295
0 2.15385e-16 0.00151845 0.000254208 -0.00191398 -0.000395803 0.216361 0.0635896
0 2.15385e-16 -0.00174098 -0.00026039 -0.00296661 -0.000394971 0.217585 0.0639525
0 2.15385e-16 -0.000826306 -0.000181099 0.00131069 0.000307139 0.217992 0.0627135
0 2.15385e-16 -0.00184914 -0.00039739 -0.000364449 -6.17418e-05 0.216494 0.0635826
0 2.15385e-16 0.00438332 0.000826673 -6.71859e-05 -6.45786e-05 0.216229 0.0634083
0 2.15385e-16 -0.00150787 -0.000150743 0.000289025 -1.10378e-05 0.216135 0.0636114
0 2.15385e-16 0.00190391 0.000321324 0.00171042 0.0001763 0.217251 0.0636413
0 2.15385e-16 0.000132933 8.62136e-06 0.00143 4.57275e-05 0.21686 0.0628916
0 2.15385e-16 -0.00135544 -0.000140685 0.000445122 -7.52082e-05 0.216477 0.0634367
0 2.15385e-16 0.000672789 0.000111224 -0.00169765 -0.000222413 0.216931 0.0637897
0 2.15385e-16 -0.000331019 -1.57976e-05 4.95956e-05 1.38089e-05 0.216419 0.0633241
0 2.15385e-16 0.00179517 0.000516004 -0.00412553 -0.000745361 0.21822 0.0634867
0 2.15385e-16 0.00109077 0.000304485 -0.00129662 -3.00077e-05 0.215502 0.0640414
0 2.15385e-16 -0.00301699 -0.000617869 0.00143001 0.000390278 0.217195 0.0638389
0 2.15385e-16 -0.000762582 -0.000122954 -0.00145547 -0.000437173 0.21616 0.0633405
0 2.15385e-16 0.000193649 2.80745e-05 -0.000715354 -0.000233683 0.216914 0.0629346
0 2.15385e-16 -0.00270016 -0.000352376 -0.000649698 7.13948e-05 0.217212 0.0633999
0 2.15385e-16 0.000651744 0.000154941 -0.000521147 -0.00020368 0.218268 0.0635562
0 2.15385e-16 0.00165019 0.000282327 -0.000266039 -9.48599e-05 0.216992 0.0634408
0 2.15385e-16 -0.0013331 -0.000168895 0.00165108 0.000194825 0.216258 0.0636111
0 2.15385e-16 0.00093843 0.000190265 0.00112563 0.000211099 0.216563 0.0633379
0 2.15385e-16 -0.00160468 -7.28249e-05 0.00215388 0.000376247 0.216406 0.0640057
0 2.15385e-16 -0.000476585 -0.00013471 0.00123561 0.000205501 0.216377 0.0630818
0 2.15385e-16 0.00212405 0.000322256 0.00150537 0.000222352 0.21704 0.0630905
0 2.15385e-16 -0.000951638 -7.97178e-05 -0.000775615 -8.32312e-05 0.217334 0.0638093
0 2.15385e-16 -5.22129e-05 -8.44827e-06 4.63682e-05 1.50862e-05 0.216398 0.0634926
0 2.15385e-16 -0.0012264 -0.000140101 -0.00109263 -0.00032322 0.21753 0.0629236
0 2.15385e-16 -0.0039554 -0.000536134 0.000374039 0.000133133 0.217417 0.0638549
0 2.15385e-16 0.00121492 0.000232466 -0.00123374 -0.000185288 0.215289 0.0630002
0 2.15385e-16 0.00157323 0.000370272 0.000951899 0.000138901 0.217533 0.0629204
0 2.15385e-16 -0.00286127 -0.000508277 0.000392719 7.1242e-06 0.218062 0.0633307
0 2.15385e-16 0.00177403 0.000262008 0.00054691 0.000113856 0.217542 0.0632583
0 2.15385e-16 -5.88673e-05 -2.38866e-05 -0.00105185 -0.000171611 0.218184 0.0625803
0 2.15385e-16 -0.000746611 -0.000154171 0.00200761 0.000348075 0.216439 0.063716
0 2.15385e-16 -0.00318474 -0.000638694 -0.00243301 -0.000326637 0.217149 0.0635691
0 2.15385e-16 -0.000481539 -0.000117095 0.00239199 0.000370637 0.215891 0.0635788
0 2.15385e-16 0.000655189 8.29211e-05 -3.23966e-05 -3.21354e-05 0.216964 0.0633346
0 2.15385e-16 0.000167077 0.000151634 0.00094615 0.000209462 0.216762 0.0635805
0 2.15385e-16 -0.00319064 -0.000442143 -0.00256399 -0.000350368 0.217603 0.0634089
0 2.15385e-16 0.00193766 0.000170245 0.000496241 0.000143469 0.216434 0.0638565
0 2.15385e-16 0.000755076 0.000194789 -0.000493777 -4.96744e-05 0.216519 0.0635182
0 2.15385e-16 -5.5056e-05 0.000117386 0.0039353 0.000763571 0.21668 0.0631753
0 2.15385e-16 5.35408e-05 -8.59912e-05 0.00264954 0.000366458 0.217071 0.0630609
0 2.15385e-16 -0.000244103 -4.58306e-05 0.00163134 0.000139746 0.214984 0.0630367
0 2.15385e-16 0.00190974 0.00036612 -0.00183532 -0.000401624 0.217435 0.0625586
0 2.15385e-16 -0.00148922 -0.000213085 -0.00133908 -0.000319368 0.21652 0.0632966
0 2.15385e-16 0.00324751 0.000531371 -0.00253318 -0.00037267 0.216129 0.0636049
0 2.15385e-16 8.06973e-05 7.57243e-05 -0.00150481 -0.000300268 0.216079 0.063564
0 2.15385e-16 -0.000618552 -0.00015764 0.00137525 9.40086e-05 0.216173 0.0639047
0 2.15385e-16 0.00234364 0.000451227 -1.04569e-05 5.62962e-05 0.216893 0.063063
0 2.15385e-16 -0.00113251 -0.000218571 -0.000205723 1.65503e-05 0.21655 0.062663
0 2.15385e-16 -0.00156861 -0.000205604 0.000203988 5.90381e-05 0.21762 0.0629465
0 2.15385e-16 -0.00177355 -0.000353196 0.00288409 0.000697271 0.21633 0.0636156
0 2.15385e-16 -0.00202843 -0.000376266 0.00103813 3.90688e-05 0.216615 0.0630564
0 2.15385e-16 -0.000122671 8.16872e-05 -0.000757978 -1.06009e-05 0.216289 0.0626508
0 2.15385e-16 -0.00169663 -0.000346245 -0.00116909 -0.000268832 0.217472 0.0635997
0 2.15385e-16 -0.00180599 -0.000394747 -0.00042436 -0.00023478 0.218396 0.0632525
0 2.15385e-16 0.00199028 0.00019451 0.000396219 8.97599e-05 0.216063 0.0638161
0 2.15385e-16 0.00220219 0.000463167 0.000579247 0.000197587 0.215797 0.0642514
0 2.15385e-16 -0.000824716 -5.97194e-05 0.00172753 0.000204393 0.216784 0.0635378
0 2.15385e-16 -0.00045663 -0.000129737 0.000356172 2.72916e-05 0.215903 0.0631672
0 2.15385e-16 0.00354663 0.000643556 0.000611136 0.00021463 0.216042 0.0639744
0 2.15385e-16 -0.00125649 -0.00027683 0.0004835 0.000113658 0.216071 0.0643463
0 2.15385e-16 -0.00174916 -0.000252535 0.000754091 0.000139657 0.217377 0.063012
0 2.15385e-16 -0.000271845 5.76639e-06 0.0011487 0.000123297 0.217599 0.0628238
0 2.15385e-16 0.000863882 0.000165949 0.00250989 0.00040416 0.216345 0.0638258
0 2.15385e-16 0.000884889 0.000186057 0.00201938 0.0003408 0.217434 0.063307
0 2.15385e-16 0.0023662 0.000391021 -0.000437629 -5.07165e-05 0.217467 0.0634635
0 2.15385e-16 0.00305087 0.00056045 0.00213977 0.000385638 0.216801 0.0632958
0 2.15385e-16 0.000715871 0.000158946 0.00136623 0.000238308 0.216206 0.0634393
0 2.15385e-16 0.00169647 0.00019297 -0.000696543 -5.60933e-05 0.21781 0.0633747
0 2.15385e-16 -0.00130997 -0.000252119 0.000568286 -3.29581e-05 0.217141 0.0636587
0 2.15385e-16 0.00504658 0.000716619 -0.000161985 4.13221e-05 0.215678 0.0637075
0 2.15385e-16 -0.00136878 -0.000124629 0.000107787 5.39302e-05 0.216855 0.0635107
0 2.15385e-16 -0.00194686 -0.00041533 0.00379874 0.000640615 0.217458 0.0630516
0 2.15385e-16 0.00160634 0.000232237 0.00114195 0.000124137 0.215992 0.0641001
0 2.15385e-16 -0.00216425 -0.000416314 0.00270873 0.000464008 0.217717 0.0635769
0 2.15385e-16 -0.000133627 4.21527e-05 -0.000138018 0.000128489 0.217182 0.0639829
0 2.15385e-16 0.000628591 0.000103943 0.00403424 0.000572873 0.215429 0.0636397
0 2.15385e-16 0.00398971 0.000522766 -0.000108615 0.000137572 0.2171 0.0639017
0 2.15385e-16 -0.000684523 -8.08293e-05 0.000634109 0.000174364 0.216444 0.0632168
0 2.15385e-16 -0.000105947 3.87844e-05 -0.00250128 -0.000309339 0.216242 0.0635728
0 2.15385e-16 -0.00164469 -0.000211389 -0.000456198 -8.77667e-06 0.218168 0.0640962
0 2.15385e-16 0.00230347 0.000420668 0.0032996 0.000464424 0.216619 0.0640402
0 2.15385e-16 0.00100869 6.05552e-05 0.000995881 0.000119558 0.216298 0.0634925
0 2.15385e-16 -0.00383314 -0.000596082 -0.00266168 -0.000428674 0.217114 0.0636278
0 2.15385e-16 -0.000345632 -0.000175277 -0.000785039 -0.0001683 0.216597 0.0634148
0 2.15385e-16 -0.00133489 -0.000246679 -0.00136318 -0.000322027 0.217427 0.06355
0 2.15385e-16 -0.00245858 -0.000415475 0.00204102 0.00017547 0.216385 0.0638243
0 2.15385e-16 -0.000877875 -0.000234096 0.00213499 0.000389281 0.217533 0.0628858
0 2.15385e-16 -0.000868817 -0.000118118 0.000720535 5.24274e-05 0.216645 0.063211
0 2.15385e-16 -0.00178466 -0.000466693 -0.00611197 -0.000916094 0.218538 0.063882
0 2.15385e-16 0.00241086 0.000370516 -0.00190725 -0.000268299 0.21604 0.0639252
0 2.15385e-16 0.00111875 0.000178015 -0.00212015 -0.000285892 0.215928 0.0638685
0 2.15385e-16 -0.00334723 -0.000478865 -0.000691028 -7.34735e-05 0.216486 0.0636837
0 2.15385e-16 0.00152472 0.000158712 0.00161037 0.000108006 0.217753 0.0632241
0 2.15385e-16 0.00530257 0.00087568 -0.00263923 -0.000292739 0.216832 0.063507
0 2.15385e-16 -0.00127943 -0.000190125 -0.000361851 -0.000107297 0.218067 0.0633046
0 2.15385e-16 0.00235978 0.000401018 -0.00173922 -0.000238292 0.216543 0.0626765
0 2.15385e-16 0.000438633 -0.000106181 0.000176419 6.36583e-05 0.216678 0.0637414
0 2.15385e-16 0.000202947 0.000205363 -0.00126094 -0.000268101 0.217047 0.0629771
0 2.15385e-16 9.13854e-05 4.34377e-05 -0.000958977 -0.000226999 0.216376 0.0631786
0 2.15385e-16 0.000905982 -5.05246e-06 0.00137186 0.000186109 0.216367 0.0634901
0 2.15385e-16 0.000934035 0.000242562 4.58765e-05 3.1613e-05 0.217203 0.0630144
0 2.15385e-16 0.000133714 -4.08245e-05 0.000698625 0.000237805 0.217504 0.0626885
0 2.15385e-16 0.00127265 0.000250303 -0.0027402 -0.0005104 0.217263 0.063688
0 2.15385e-16 -0.00121225 -0.000207029 0.000392218 8.58294e-05 0.216692 0.0630877
0 2.15385e-16 -0.00141832 -0.000246563 -0.000637873 -0.000100405 0.21671 0.0634599
0 2.15385e-16 0.00139519 0.000232811 0.000853574 0.000199589 0.215965 0.0639513
0 2.15385e-16 0.00329274 0.000525876 -0.00178443 -0.000259916 0.217025 0.0623766
0 2.15385e-16 -0.00102492 -4.56892e-05 -0.000855296 -0.000216349 0.215668 0.0635206
0 2.15385e-16 -0.00353602 -0.000652881 -0.00100987 -0.000186919 0.218325 0.0641452
0 2.15385e-16 -0.00100559 -0.000127586 -0.000532239 -0.000136365 0.216494 0.063495
0 2.15385e-16 -0.00183319 -0.000265772 -0.0015384 -0.00023195 0.217712 0.063303
0 2.15385e-16 -7.47223e-05 1.36622e-05 0.000316178 7.13699e-05 0.21641 0.0636837
0 2.15385e-16 -0.00327247 -0.000607865 -0.00157104 -0.000250117 0.217589 0.0641831
0 2.15385e-16 0.00196577 0.000229279 0.00329503 0.000603982 0.216394 0.0638086
0 2.15385e-16 0.0007261 6.41281e-05 0.000453019 0.000114941 0.215945 0.0623575
0 2.15385e-16 0.000239149 -1.95034e-05 0.00142314 0.000113706 0.217475 0.0632575
0 2.15385e-16 -3.11685e-05 1.05659e-05 0.000310467 0.000171335 0.216972 0.0632288
0 2.15385e-16 -0.000378085 -0.000110569 0.00233016 0.000223204 0.217103 0.0641303
0 2.15385e-16 -0.00158583 -0.000253141 0.00247098 0.000330233 0.215928 0.063391
0 2.15385e-16 0.000366236 0.000169255 -0.00286405 -0.000574668 0.21591 0.063479
0 2.15385e-16 -0.00183158 -0.000252076 0.000337787 -8.14923e-05 0.216338 0.0634566
0 2.15385e-16 -0.00211563 -0.000376504 0.000853091 0.000222824 0.216792 0.063602
0 2.15385e-16 -0.00445646 -0.000752698 -0.00250743 -0.000378958 0.217753 0.0631352
0 2.15385e-16 0.00129575 0.000315714 -0.000259359 1.40272e-05 0.216985 0.0631459
0 2.15385e-16 -0.00154838 -0.00016146 0.00145739 0.000307882 0.214283 0.0636414
0 2.15385e-16 0.00393403 0.000761258 0.000289149 0.000156615 0.216892 0.0631865
0 2.15385e-16 -0.00328683 -0.000614364 -0.000611884 9.22927e-05 0.218452 0.0630288
0 2.15385e-16 -0.00138265 -0.000115493 0.001609 0.000176663 0.216509 0.0634457
0 2.15385e-16 0.00158765 0.000236271 0.00297792 0.000516101 0.217179 0.0639454
0 2.15385e-16 0.000402286 0.000132078 0.00107204 0.000241299 0.217944 0.0634391
0 2.15385e-16 -0.000981636 -0.000186797 -0.000550966 -8.96081e-05 0.217006 0.0634133
0 2.15385e-16 -0.00180391 -0.00025132 0.00175207 0.000201481 0.217391 0.0635709
0 2.15385e-16 -0.00133227 -0.000161677 -0.00132616 -0.000387567 0.21717 0.0639543
0 2.15385e-16 -0.00394336 -0.000701952 0.00181019 0.000407002 0.217548 0.0631758
0 2.15385e-16 -0.00118779 -6.47258e-05 -0.000255236 -3.8273e-05 0.215894 0.0630876
0 2.15385e-16 -0.00238689 -0.000443199 -0.00442418 -0.000763589 0.218864 0.0635157
0 2.15385e-16 0.00296143 0.000400426 -0.00140365 -0.000139913 0.216356 0.063936
0 2.15385e-16 0.00053742 -2.88612e-05 0.00141979 0.000317488 0.217599 0.0636101
0 2.15385e-16 -0.00357825 -0.000618869 0.000306817 0.000165037 0.217752 0.0632062
0 2.15385e-16 0.00231638 0.000552407 -0.00220851 -0.000281603 0.217269 0.0636791
0 2.15385e-16 -0.000125979 -1.04146e-05 -0.000692704 -9.44597e-05 0.216754 0.0629837
0 2.15385e-16 0.000819042 8.08013e-05 0.00181365 0.000370274 0.216182 0.0631177
0 2.15385e-16 -0.000580777 -0.000150611 -0.00117516 -0.000243936 0.215876 0.0633295
0 2.15385e-16 0.00120694 0.000118086 0.00140633 0.000162177 0.216738 0.0630029
0 2.15385e-16 -0.00260566 -0.000405015 -0.00197345 -0.000478738 0.217369 0.0632124
0 2.15385e-16 -0.00333327 -0.000566387 0.00144121 0.000284765 0.21834 0.0638145
0 2.15385e-16 0.00616936 0.00110222 0.00241003 0.000358504 0.216493 0.0633274
0 2.15385e-16 0.00348262 0.000746365 -0.00229974 -0.000383503 0.217762 0.0636249
0 2.15385e-16 0.000334557 6.73394e-05 -0.00168323 -0.000285365 0.216344 0.0635096
0 2.15385e-16 -0.00332715 -0.000541213 0.00177212 0.000315377 0.217247 0.0633265
0 2.15385e-16 -0.000116165 8.09825e-06 -0.00228843 -0.000353602 0.218466 0.0632175
0 2.15385e-16 0.00130679 0.000248454 -0.000490829 -0.000102792 0.216738 0.0632557
0 2.15385e-16 0.00279233 0.000479263 -0.00147508 -0.000220542 0.218156 0.0635754
0 2.15385e-16 0.0013534 0.000182307 -0.000552982 -0.000209937 0.216646 0.0635941
0 2.15385e-16 -0.000983314 -4.2195e-05 0.00289352 0.000414198 0.218149 0.0623565
0 2.15385e-16 -0.000813325 -0.000185838 0.00318713 0.000445682 0.217844 0.063064
0 2.15385e-16 0.000832983 0.000103078 5.66748e-05 -0.00011135 0.21765 0.0630774
0 2.15385e-16 0.00335474 0.000613321 -0.000946062 -0.000252861 0.216908 0.0634676
0 2.15385e-16 -0.000360284 8.04133e-05 -0.00276513 -0.000449114 0.217992 0.0632214
0 2.15385e-16 0.00237501 0.000373325 0.000249369 3.52958e-05 0.216366 0.0625646
0 2.15385e-16 0.00316438 0.000472051 0.000194913 9.97602e-05 0.217266 0.0626634
0 2.15385e-16 -0.000764538 -0.000166979 -0.00244274 -0.000247294 0.217574 0.0639154
0 2.15385e-16 0.000401692 9.59678e-05 -0.00247022 -0.000299183 0.217237 0.0637617
0 2.15385e-16 -0.000870229 -0.000202296 0.000675191 0.000172369 0.216922 0.0635769
0 2.15385e-16 -0.00222606 -0.000438304 -0.00370959 -0.000634024 0.218865 0.0627893
0 2.15385e-16 -0.000457545 -3.40081e-05 -0.000136726 1.02582e-05 0.21642 0.0635151
0 2.15385e-16 -0.000495685 -9.49007e-05 -0.00219305 -0.000398764 0.217295 0.0630673
0 2.15385e-16 -0.00191271 -0.000285039 -0.000986406 -0.000221431 0.217462 0.0634939
0 2.15385e-16 0.00159689 0.00031549 -0.00121222 -0.000211382 0.216282 0.0633382
0 2.15385e-16 0.000957886 4.46617e-06 0.00157062 0.000203597 0.217838 0.0637714
0 2.15385e-16 -0.00178423 -0.00046116 0.0019517 0.000317807 0.217674 0.0633844
0 2.15385e-16 -0.00016508 -4.78932e-05 0.00201192 0.000360303 0.217849 0.0632845
0 2.15385e-16 -0.00201853 -0.000389137 -0.00195194 -0.000398043 0.217321 0.0632336
0 2.15385e-16 -0.000269822 2.64057e-05 -0.000415801 -0.00012735 0.217105 0.0632645
0 2.15385e-16 0.00310158 0.000492154 -7.36775e-05 -0.000132136 0.217062 0.0632618
0 2.15385e-16 0.00359379 0.000532488 -0.000353149 7.82665e-05 0.216904 0.0638877
0 2.15385e-16 -6.84314e-06 9.88571e-05 0.00194131 0.000425598 0.215991 0.0633824
0 2.15385e-16 -0.00257062 -0.000498669 -0.00116539 -0.000124989 0.217925 0.0635507
0 2.15385e-16 -0.000608552 -0.000135476 -6.50344e-05 0.000149208 0.217527 0.0631692
0 2.15385e-16 0.00209765 0.000368896 0.000561959 -4.06459e-06 0.216651 0.0632908
0 2.15385e-16 0.000897369 0.00012514 0.0010006 0.000225331 0.217111 0.0630331
0 2.15385e-16 0.00173967 0.000288277 0.0014136 0.000194303 0.21769 0.0625994
0 2.15385e-16 -0.00125905 -0.000281106 0.00277584 0.000529081 0.216478 0.0632057
0 2.15385e-16 0.00053048 5.49382e-05 -0.000986752 -0.000224281 0.216656 0.0637525
0 2.15385e-16 0.00172429 0.000381818 0.00190649 0.000281562 0.217356 0.0631372
0 2.15385e-16 0.00224015 0.000476925 -0.000739894 -9.46339e-05 0.217445 0.0631106
0 2.15385e-16 -0.00177035 -0.000271001 0.000939819 8.37014e-05 0.216914 0.063711
0 2.15385e-16 -0.00337803 -0.000618819 8.53551e-05 -1.48573e-05 0.217934 0.0639771
0 2.15385e-16 -0.000113878 4.73527e-06 0.000650109 2.3256e-05 0.21589 0.0635307
0 2.15385e-16 0.00248954 0.00042936 0.00166428 0.000373214 0.217287 0.063489
0 2.15385e-16 0.00209803 0.00038603 -0.00271173 -0.000471304 0.216826 0.0637375
0 2.15385e-16 -0.00271824 -0.000437793 -0.000902819 -0.000204176 0.216728 0.063428
0 2.15385e-16 0.000521746 7.14824e-05 0.000153769 -0.00011467 0.217131 0.0632628
0 2.15385e-16 1.08692e-05 1.70697e-05 -0.00192942 -0.00025721 0.217254 0.0632548
0 2.15385e-16 0.000660603 0.00019984 -0.00303569 -0.000359205 0.217094 0.0640468
0 2.15385e-16 0.00103483 8.99542e-05 0.00120779 0.000198875 0.217335 0.0634254
0 2.15385e-16 0.00242267 0.000500225 0.00203331 0.00038039 0.217528 0.0632262
0 2.15385e-16 0.0016752 0.000302484 -0.000117812 -1.67069e-05 0.218013 0.0634004
0 2.15385e-16 -0.00183773 -0.000442853 0.00058831 0.000170522 0.217026 0.0625546
0 2.15385e-16 -0.00438404 -0.00091499 -0.000525218 2.10745e-05 0.218641 0.0633065
0 2.15385e-16 0.00262129 0.000406877 -0.0014191 -0.000127821 0.215855 0.0638092
0 2.15385e-16 0.000586698 0.000170695 9.01089e-05 0.000105735 0.21603 0.0631774
0 2.15385e-16 0.00238641 0.000361015 -0.00398488 -0.000783849 0.218047 0.063583
0 2.15385e-16 0.000481351 2.57316e-05 0.000387944 2.29971e-05 0.217152 0.0640728
0 2.15385e-16 -0.00138007 -0.000239197 -0.000416677 -1.22931e-05 0.217266 0.063975
0 2.15385e-16 0.000789569 3.41173e-05 0.00389909 0.00072739 0.215325 0.0636157
0 2.15385e-16 0.00096936 0.000128023 -0.000536392 -9.35962e-05 0.216257 0.0638963
0 2.15385e-16 -0.00171738 -0.000264102 -0.00256068 -0.000320399 0.217555 0.0639527
0 2.15385e-16 0.00132542 0.000291439 0.00173308 0.000312876 0.21807 0.0633631
0 2.15385e-16 0.00115943 0.000171745 0.000646838 0.000165636 0.216762 0.063864
0 2.15385e-16 0.000293041 -5.1616e-06 0.00235041 0.000605529 0.216517 0.0636465
0 2.15385e-16 0.00183262 0.000267508 0.000810568 0.000101807 0.216896 0.063637
0 2.15385e-16 4.32693e-05 -1.84521e-05 0.00133521 0.000269764 0.216786 0.0639562
0 2.15385e-16 0.000591671 -5.70236e-05 0.00430735 0.000737958 0.217064 0.0632985
0 2.15385e-16 -0.00359711 -0.000562101 0.0022517 0.000394929 0.217605 0.063477
0 2.15385e-16 -0.00220277 -0.000403713 -0.000255886 -4.60336e-05 0.217781 0.0634903
0 2.15385e-16 -0.00172539 -0.000467924 0.00396337 0.000568961 0.216666 0.0631416
0 2.15385e-16 0.000373692 4.41341e-05 -0.00132868 -0.000129974 0.216089 0.0637397
0 2.15385e-16 -0.000676899 -0.000206767 0.000652677 5.95413e-05 0.216312 0.0639306
0 2.15385e-16 -0.000873036 -0.000173196 0.00304659 0.000577035 0.216957 0.0648703
0 2.15385e-16 0.000922052 0.000160561 -0.00101387 -0.000207784 0.216895 0.06326
0 2.15385e-16 -0.00198131 -0.000324379 0.00190554 0.00016807 0.215983 0.0631291
0 2.15385e-16 0.00102265 0.000278386 0.000243783 -8.03305e-06 0.217016 0.0630144
0 2.15385e-16 -0.00294774 -0.000503559 -0.000667521 -0.000195724 0.217714 0.0640781
0 2.15385e-16 0.00206999 0.000355269 0.00128595 8.2954e-05 0.216382 0.0640797
0 2.15385e-16 0.000194756 0.000146163 -0.00134252 -0.000366124 0.217443 0.0629811
0 2.15385e-16 -0.00256087 -0.000370701 -0.00185394 -0.000319399 0.217713 0.0637637
0 2.15385e-16 -0.00428472 -0.000850844 0.000798535 0.00019117 0.217775 0.0633055
0 2.15385e-16 -0.000889072 -0.000266233 -0.000203118 -0.000119563 0.216621 0.063724
0 2.15385e-16 0.000755585 6.72404e-05 -0.00272322 -0.000439939 0.217674 0.0634848
0 2.15385e-16 0.000784681 0.000176595 0.00402306 0.000658223 0.2177 0.0629273
0 2.15385e-16 0.00170064 0.000291787 -0.00358403 -0.000666598 0.21793 0.063519
0 2.15385e-16 3.05122e-05 -4.60652e-05 0.00334555 0.000465409 0.215945 0.0634094
0 2.15385e-16 -0.00275832 -0.00051625 0.000661911 0.000194105 0.21781 0.063251
0 2.15385e-16 0.00224404 0.000268168 0.000366434 -3.65131e-05 0.215797 0.0635037
0 2.15385e-16 -0.000785493 -0.000148506 0.00172253 0.000265581 0.217064 0.063439
0 2.15385e-16 -0.000722585 -5.71097e-05 -0.00332837 -0.000694193 0.218136 0.0626454
0 2.15385e-16 -0.000533318 -9.48768e-05 -0.0012287 -0.000237059 0.217731 0.0623164
0 2.15385e-16 -0.000842111 -4.46331e-05 -0.000161021 9.07578e-05 0.215779 0.0632431
0 2.15385e-16 -0.000387439 -6.00659e-06 0.00149159 0.000263357 0.216647 0.0630613
0 2.15385e-16 -0.00117139 -0.000211551 -0.000321391 -3.38088e-05 0.217001 0.0626203
0 2.15385e-16 -0.000679985 -9.00936e-05 -0.000270091 -0.000141135 0.217388 0.0634591
0 2.15385e-16 -0.000869301 -0.000176002 0.00227292 0.000370569 0.217456 0.0632949
0 2.15385e-16 -0.00187445 -0.00039117 -7.14812e-05 -0.00018993 0.21633 0.0633045
0 2.15385e-16 -0.000498276 -0.000192889 0.000772681 0.000149931 0.217059 0.0632941
0 2.15385e-16 0.00333646 0.00056973 0.000525841 5.03225e-05 0.21638 0.0637167
0 2.15385e-16 0.00110429 0.00012715 0.00326745 0.000657407 0.217526 0.0637152
0 2.15385e-16 -0.00210406 -0.000188615 3.67528e-05 0.000184302 0.217179 0.0643138
0 2.15385e-16 -0.0014162 -0.000283246 -0.00183819 -0.000423079 0.217478 0.0637269
0 2.15385e-16 0.000636371 0.000103387 -0.00132582 -0.000142143 0.217023 0.0640963
0 2.15385e-16 0.0021403 0.00040045 -0.00056476 -9.45568e-05 0.217475 0.0623463
0 2.15385e-16 0.00251098 0.000496491 0.00293898 0.000520276 0.217253 0.0634642
0 2.15385e-16 0.00119043 0.000107565 -0.00256158 -0.000335562 0.218379 0.0631365
0 2.15385e-16 -0.00302063 -0.000588141 0.00069522 0.00023101 0.217549 0.0633821
0 2.15385e-16 0.00168965 0.000209359 -0.00098239 -0.000176789 0.21728 0.0632337
0 2.15385e-16 0.00205923 0.000377367 -0.00041124 -0.000144436 0.216047 0.0637458
0 2.15385e-16 -0.00264631 -0.000570412 -0.00207882 -0.000374195 0.217738 0.0639033
0 2.15385e-16 -0.000192052 -8.52515e-05 0.00315293 0.00050992 0.216123 0.0634217
0 2.15385e-16 -0.000144473 -6.81768e-05 0.00241483 0.000444888 0.216927 0.0628539
0 2.15385e-16 0.000754257 0.000168965 0.00209652 0.000327879 0.216963 0.0633096
0 2.15385e-16 0.00136353 0.000363426 -0.00100056 -0.000136374 0.216599 0.0633637
0 2.15385e-16 0.00245516 0.000469568 0.00210829 0.000359377 0.216724 0.0627981
0 2.15385e-16 -0.00081825 -4.59238e-05 -0.000731165 -5.36627e-05 0.218374 0.0629879
0 2.15385e-16 0.00121809 0.000128549 -0.000231165 -7.14699e-05 0.217205 0.0629419
0 2.15385e-16 0.000869738 8.33752e-05 -0.000674855 -0.000210313 0.215489 0.0633524
0 2.15385e-16 0.000518102 -7.49566e-05 -0.000419461 -0.000175955 0.216709 0.0629994
0 2.15385e-16 0.000372768 4.88074e-05 0.00107749 0.000215043 0.215644 0.0626445
0 2.15385e-16 0.00265282 0.000556882 -0.00116886 -0.000255065 0.217857 0.0631138
0 2.15385e-16 0.000686553 0.000259639 -0.00185822 -0.000306955 0.217348 0.0626991
0 2.15385e-16 -0.00187085 -0.000346415 -0.000506945 -5.86238e-05 0.218121 0.0635504
0 2.15385e-16 -0.000835194 -0.000231606 0.000213926 0.000130312 0.215741 0.0633835
0 2.15385e-16 0.00105387 6.53542e-05 0.0037817 0.000684543 0.218003 0.0630569
0 2.15385e-16 -0.000896407 -0.000122884 -0.000490559 -3.62219e-05 0.21645 0.0638397
0 2.15385e-16 0.000407634 5.69905e-05 0.00275012 0.000380423 0.216523 0.0637655
0 2.15385e-16 0.00404231 0.000806577 -0.000373274 -4.40059e-05 0.216909 0.0631485
0 2.15385e-16 -0.00153275 -0.000220488 0.00119398 8.15096e-05 0.217093 0.0639564
0 2.15385e-16 0.00169241 0.000231875 0.00129629 0.000266395 0.216907 0.0628077
0 2.15385e-16 0.00136283 0.000184153 -0.00271765 -0.000358873 0.21775 0.0631902
0 2.15385e-16 0.00195309 0.000310301 -0.000410041 1.93219e-05 0.217162 0.0628097
0 2.15385e-16 -0.00217211 -0.000342844 0.000349022 0.000220415 0.216626 0.0627896
0 2.15385e-16 0.00110578 0.000232247 0.00281547 0.000459821 0.217708 0.0636161
0 2.15385e-16 0.000371375 0.000201505 -0.00119086 -0.000170005 0.217803 0.0633292
0 2.15385e-16 -0.00138591 -0.000193626 0.00116179 0.000184734 0.217505 0.0630174
0 2.15385e-16 -0.00136528 -0.000354601 0.00143841 0.000399161 0.217045 0.0634843
0 2.15385e-16 -0.000719192 -0.000232391 0.00283952 0.000288645 0.216633 0.0635609
0 2.15385e-16 0.000437525 0.000124701 0.000572825 7.62094e-05 0.216524 0.0632282
0 2.15385e-16 -0.00314077 -0.000496145 0.00168083 0.000333416 0.218117 0.0628527
0 2.15385e-16 0.00172352 0.000341263 -0.00125772 -0.000168578 0.21656 0.0632544
0 2.15385e-16 0.0030255 0.000552502 -0.00148092 -0.000338925 0.218257 0.0633267
0 2.15385e-16 0.000774929 9.72052e-05 0.00322306 0.000455081 0.217747 0.0631144
0 2.15385e-16 0.00455114 0.000707215 -0.000829593 -0.000138857 0.216198 0.0638119
0 2.15385e-16 -0.00083725 -8.33883e-05 -0.00117729 -0.000251814 0.21676 0.0633335
0 2.15385e-16 0.00232884 0.000305569 0.000791854 0.000117754 0.216167 0.064003
0 2.15385e-16 -0.00186538 -0.000339788 -0.000954769 -8.657e-05 0.218006 0.0635806
0 2.15385e-16 0.00193738 0.000181474 3.60784e-06 1.50262e-05 0.217703 0.063136
0 2.15385e-16 -1.05755e-05 -8.75812e-05 0.00169603 0.000352478 0.216743 0.0631824
0 2.15385e-16 5.92905e-05 3.93568e-05 0.000174578 2.72125e-05 0.215938 0.0634661
0 2.15385e-16 0.000833523 0.000146127 -0.000847783 -0.000212817 0.216128 0.0631587
0 2.15385e-16 -0.000446044 3.08049e-05 -0.00143959 -0.000164312 0.218252 0.0630726
0 2.15385e-16 0.00304492 0.000511629 0.00185533 0.000259954 0.217183 0.062988
0 2.15385e-16 0.00239116 0.000331777 0.00215528 0.000338741 0.21762 0.0637919
0 2.15385e-16 -0.000228106 5.82075e-06 -0.00163012 -0.00030647 0.217276 0.0633281
0 2.15385e-16 -4.97017e-05 -2.46502e-05 0.00249082 0.000386124 0.216928 0.063548
0 2.15385e-16 -0.00333568 -0.000420387 0.00104166 0.000305076 0.216817 0.0637057
0 2.15385e-16 6.44721e-07 -5.30755e-05 -0.000133386 -0.000117401 0.21468 0.0630415
0 2.15385e-16 0.00137139 0.00021605 -0.000600758 -6.83089e-05 0.216155 0.062809
0 2.15385e-16 -0.0012749 -0.000247458 0.00104613 0.000111349 0.216366 0.063212
0 2.15385e-16 0.000976608 4.31425e-05 -0.00226761 -0.0003518 0.217146 0.0634666
0 2.15385e-16 -0.000995676 -6.08219e-05 0.00175421 0.000339865 0.217306 0.0631235
0 2.15385e-16 -5.72933e-05 7.01632e-05 -0.00235176 -0.000428707 0.216998 0.0635362
0 2.15385e-16 0.00117528 9.53485e-05 0.00051922 0.000109479 0.21716 0.0628392
0 2.15385e-16 -0.000914847 -0.000128233 -0.000613014 -0.000233538 0.216013 0.0639865
0 2.15385e-16 -2.51732e-05 -7.08963e-06 0.00325504 0.000555044 0.216694 0.0630277
0 2.15385e-16 -0.00250823 -0.000402345 -0.000292112 6.76499e-06 0.218093 0.0633397
0 2.15385e-16 -0.000896583 -0.000196658 0.000491032 8.90447e-05 0.215726 0.0639135
0 2.15385e-16 0.00165643 0.000136641 -0.00394201 -0.000679893 0.217584 0.0632718
0 2.15385e-16 -0.00101914 -0.000143197 0.00086855 0.000178163 0.217153 0.0624862
0 2.15385e-16 0.000164574 -4.1529e-05 -0.00142692 -0.000288012 0.215981 0.063795
0 2.15385e-16 -0.00222851 -0.000418482 -7.24971e-05 -4.69486e-05 0.21762 0.0627693
0 2.15385e-16 -0.00245211 -0.000472474 -0.000145994 0.000114266 0.217051 0.06349
0 2.15385e-16 -0.00156859 -0.000208183 0.000454085 0.000125883 0.215812 0.0638646
0 2.15385e-16 -0.00101495 -0.000135719 0.00145872 0.00022416 0.217143 0.0635044
0 2.15385e-16 -0.00259559 -0.000571143 -0.000280279 -4.02357e-05 0.21897 0.0632664
0 2.15385e-16 -0.00131933 -0.000234256 -0.000570738 -0.000242922 0.216113 0.0638487
0 2.15385e-16 -0.000669697 -0.000149892 0.00100931 0.000197926 0.2165 0.0639719
0 2.15385e-16 -0.00167015 -0.000269981 -0.00179623 -0.000327426 0.218523 0.0634805
0 2.15385e-16 0.00129078 0.000167513 -0.00225063 -0.000399744 0.216773 0.0631737
0 2.15385e-16 0.000943622 0.000208337 -0.000775509 -5.23095e-05 0.21673 0.0624828
0 2.15385e-16 -0.000704868 -0.000220937 0.000943614 0.000150359 0.217173 0.0631092
0 2.15385e-16 -1.47438e-05 -2.85125e-05 -0.00257225 -0.000435452 0.217824 0.0637187
0 2.15385e-16 0.00141105 0.000257406 -0.000961082 -0.000254489 0.217134 0.0635718
0 2.15385e-16 -0.00127997 -0.000136362 0.00122223 0.00015879 0.217512 0.0633058
0 2.15385e-16 0.000309347 0.000118852 -0.000767336 -0.000211417 0.216255 0.0630266
0 2.15385e-16 0.00206901 0.000402732 0.00147947 0.000194412 0.215846 0.0631692
0 2.15385e-16 0.00090206 0.00020289 -0.00218451 -0.000300077 0.217784 0.0632796
0 2.15385e-16 0.000568118 0.000104093 -5.8206e-05 7.966e-06 0.21521 0.0634061
0 2.15385e-16 0.00353037 0.000561296 -0.000563812 -2.6048e-06 0.216976 0.0633298
0 2.15385e-16 -0.00257658 -0.000386599 0.00240363 0.000279749 0.216772 0.0633962
0 2.15385e-16 -0.00122617 -0.000295719 -0.00108507 -0.000164587 0.21768 0.0631665
0 2.15385e-16 0.00110583 0.000305938 0.000879275 0.000215538 0.217216 0.063098
0 2.15385e-16 -0.00176175 -0.000362479 0.000566975 8.76863e-05 0.215793 0.0635251
0 2.15385e-16 0.000611975 -1.06646e-05 -0.00120341 -0.000226572 0.216331 0.0629911
0 2.15385e-16 -0.000583757 -0.000142629 -0.000453477 -3.30836e-05 0.216993 0.0632115
0 2.15385e-16 0.00231719 0.000374442 -0.00038643 -2.8189e-05 0.216984 0.0631564
0 2.15385e-16 -0.00431086 -0.00064382 -9.98733e-05 4.93632e-06 0.217105 0.063473
0 2.15385e-16 -0.000969543 -0.000248269 -0.00031519 -5.47345e-05 0.217304 0.0631325
0 2.15385e-16 0.00235183 0.000332583 0.000816657 0.000172993 0.217216 0.0632207
0 2.15385e-16 0.00469619 0.00078762 0.000573356 3.60536e-05 0.2175 0.0632681
0 2.15385e-16 0.000247472 0.000119468 0.00127451 0.000157977 0.216532 0.0630058
0 2.15385e-16 0.00232741 0.00043452 0.00108238 6.69897e-05 0.218535 0.063171
0 2.15385e-16 0.000403305 0.000107856 0.00152933 0.000144923 0.217069 0.0631211
0 2.15385e-16 -0.00147996 -0.000181845 -0.000325801 -0.000108465 0.217461 0.063412
0 2.15385e-16 -0.00239844 -0.000458184 0.00032674 -1.21019e-05 0.217877 0.0638135
0 2.15385e-16 0.000307738 7.61486e-05 0.00475272 0.000747683 0.217813 0.0632956
0 2.15385e-16 0.000296527 -4.78392e-05 0.00369105 0.000703027 0.216893 0.063849
0 2.15385e-16 -8.03052e-05 -7.76977e-05 -0.00131954 -0.000321243 0.217972 0.0628351
0 2.15385e-16 -0.00238393 -0.000405591 0.00406157 0.000572751 0.216329 0.0633173
0 2.15385e-16 -0.00379546 -0.000627959 -0.00112718 -1.21792e-05 0.217969 0.0641502
0 2.15385e-16 -0.00202502 -0.000396241 -0.00125025 -0.000169519 0.218079 0.0634496
0 2.15385e-16 0.00251729 0.00050077 -0.00186536 -0.000329503 0.216262 0.0635196
0 2.15385e-16 -0.000834399 -0.000190956 0.000660988 0.000116384 0.216527 0.0634119
0 2.15385e-16 -0.00344024 -0.000574489 -0.00177074 -0.000228795 0.216254 0.0633356
0 2.15385e-16 0.00185834 0.000277357 0.000936836 0.000227817 0.215667 0.062969
0 2.15385e-16 -0.00145567 -0.000285328 -0.00379861 -0.000687106 0.217493 0.0637324
0 2.15385e-16 -0.00142633 -0.000217948 -0.000752627 -0.00015296 0.217444 0.0632955
0 2.15385e-16 -0.00179027 -0.000356481 0.0033292 0.000482908 0.216486 0.0637747
0 2.15385e-16 -0.000991145 -0.000159774 0.00418282 0.00077573 0.217357 0.0638179
0 2.15385e-16 0.0032537 0.000533708 0.000913305 0.00019112 0.216473 0.064406
0 2.15385e-16 0.000205801 -2.13588e-05 0.000964599 3.09675e-05 0.216935 0.0636914
0 2.15385e-16 0.000454186 0.000177192 0.0036211 0.000477451 0.216099 0.0636295
0 2.15385e-16 0.00205615 0.000408253 -0.00148797 -0.000227003 0.217564 0.062828
0 2.15385e-16 6.98439e-05 -5.90063e-05 0.00240083 0.000389 0.217103 0.0628538
0 2.15385e-16 -0.000641076 9.57236e-05 0.00083236 0.0002056 0.216879 0.0641014
0 2.15385e-16 -0.000799529 -4.7531e-05 -0.00211896 -0.000425096 0.216918 0.06291
0 2.15385e-16 -0.000972857 -7.23601e-05 0.00197285 0.000275607 0.216267 0.0636387
0 2.15385e-16 -0.00148381 -0.000200283 -0.000832719 -8.42116e-05 0.21858 0.0635723
0 2.15385e-16 0.0021885 0.000440544 -0.00093332 -0.000177053 0.216687 0.0635679
0 2.15385e-16 -0.00295838 -0.000551255 -0.00041667 -0.000106875 0.216547 0.064015
0 2.15385e-16 -0.00125384 -0.00027653 -0.000339238 -5.05362e-05 0.218139 0.0635048
0 2.15385e-16 -0.000302663 2.32354e-06 0.0012847 0.000167523 0.216869 0.0626764
0 2.15385e-16 0.00336408 0.000673324 0.000655097 8.58516e-05 0.216928 0.0634342
0 2.15385e-16 0.00182489 0.000215976 0.000558683 0.000105811 0.216518 0.0630478
0 2.15385e-16 -0.000503266 -0.000106886 -0.00194864 -0.000487808 0.217779 0.0634838
0 2.15385e-16 -0.0013247 -0.000184488 0.00267253 0.000347588 0.216548 0.0637078
0 2.15385e-16 -0.000748682 -0.000103829 -0.00181478 -0.000381275 0.216699 0.0629254
0 2.15385e-16 0.00318711 0.000659289 -0.000781413 -5.9029e-05 0.217974 0.0632598
0 2.15385e-16 -0.00113528 -0.000120325 -0.000685368 -0.00018965 0.216942 0.0637705
0 2.15385e-16 0.00031078 9.13114e-05 8.03869e-05 0.000134031 0.216982 0.0630722
0 2.15385e-16 0.00155552 0.000262817 0.000975563 1.74197e-05 0.215971 0.0629751
0 2.15385e-16 0.000807068 0.000113341 -0.00104533 -0.000252666 0.217343 0.0626803
0 2.15385e-16 -0.00142679 -0.000164354 0.000614329 3.59743e-05 0.216697 0.063419
0 2.15385e-16 0.000138855 3.83015e-05 0.000661593 0.000168453 0.216746 0.0628769
0 2.15385e-16 -0.000580775 -0.000162368 0.00036964 -1.87544e-05 0.216821 0.0629034
0 2.15385e-16 0.000574702 0.00011473 -0.00380104 -0.000727519 0.218193 0.0635457
0 2.15385e-16 -0.000987237 -0.000261823 0.00157815 0.000214473 0.217244 0.0631243
0 2.15385e-16 0.00167858 0.000276017 -0.00019035 1.94361e-06 0.216932 0.0635619
0 2.15385e-16 0.00016855 9.8189e-05 0.0026652 0.000483168 0.21587 0.0633533
0 2.15385e-16 -0.000959955 -0.000218705 -0.000938961 -6.76689e-05 0.217522 0.0635283
0 2.15385e-16 -0.0016239 -0.000190612 -0.00310885 -0.00054422 0.219177 0.064321
0 2.15385e-16 -0.00111348 -0.000279957 -0.00161555 -0.000290717 0.216159 0.0632086
0 2.15385e-16 -0.000416386 -3.28899e-05 -0.0010737 -0.000106731 0.217538 0.0634122
0 2.15385e-16 0.00163084 0.000308434 -0.00294409 -0.00048612 0.217455 0.0636288
0 2.15385e-16 0.0001085 0.000132968 0.000124884 5.80368e-05 0.215886 0.0634603
0 2.15385e-16 -0.00041008 -0.000104191 -0.00352755 -0.000671964 0.218497 0.0636737
0 2.15385e-16 -0.00229453 -0.000493683 -0.00183291 -0.000307043 0.217079 0.0635022
0 2.15385e-16 -0.00243217 -0.000347065 -0.00153224 -0.000219949 0.217336 0.0635405
0 2.15385e-16 -0.000151824 -9.97491e-06 0.00150356 0.000216813 0.218639 0.0637405
0 2.15385e-16 0.000383907 9.63833e-05 0.000405969 2.18042e-05 0.215802 0.0637098
0 2.15385e-16 -0.000872 -6.54371e-05 0.00165464 0.00032373 0.216722 0.0634905
0 2.15385e-16 0.000598121 0.00010355 6.85662e-05 7.84062e-05 0.21686 0.0631517
0 2.15385e-16 0.000559579 -6.58295e-05 -0.00192066 -0.000414579 0.216174 0.0628433
0 2.15385e-16 -5.34383e-05 -7.06338e-05 0.0017354 0.000242356 0.217512 0.0631812
0 2.15385e-16 -0.000384157 -8.01929e-05 0.00115446 8.13331e-05 0.216215 0.0629991
0 2.15385e-16 0.00253486 0.000372745 0.00206279 0.000475361 0.217294 0.0634795
0 2.15385e-16 -0.00147585 -0.000280644 0.000658089 3.21785e-05 0.216836 0.0635642
0 2.15385e-16 0.000426703 8.0726e-05 -0.00196596 -0.000432223 0.216777 0.0631689
0 2.15385e-16 -0.000898421 -0.000133379 0.000225226 0.000130874 0.216192 0.0631029
0 2.15385e-16 -0.000909398 -0.000274376 0.00100529 1.72825e-05 0.215865 0.0637389
0 2.15385e-16 -0.000527897 -9.33265e-05 -0.00203481 -0.000277167 0.218536 0.0630767
0 2.15385e-16 0.000860406 0.000120623 -6.092e-05 -2.06527e-05 0.215973 0.0630123
0 2.15385e-16 0.00352613 0.000524004 -0.00160348 -0.000290147 0.217131 0.0636111
0 2.15385e-16 0.00196356 0.000289294 -0.00185285 -0.000319853 0.216766 0.0629675
0 2.15385e-16 -0.00189567 -0.000283983 -0.000466788 -0.000124568 0.218272 0.0635388
0 2.15385e-16 -0.00150756 -0.000310881 -0.000341669 -1.93674e-05 0.216054 0.0632355
0 2.15385e-16 -0.0012702 -0.000245735 0.000568915 4.07278e-05 0.216344 0.0631704
0 2.15385e-16 -9.71711e-05 -6.55424e-05 0.00157053 0.000259067 0.216632 0.0631685
0 2.15385e-16 0.0010819 0.000167979 5.08926e-05 -2.68385e-05 0.217268 0.0631543
0 2.15385e-16 0.00112949 0.000255654 0.00418416 0.000658767 0.217488 0.0635289
0 2.15385e-16 0.00163859 0.000252643 -0.00113203 -0.000136761 0.21747 0.0634132
0 2.15385e-16 -0.000569697 -0.000199568 -0.00377811 -0.000621895 0.216991 0.0639077
0 2.15385e-16 -0.000842961 -0.000205594 -0.00116291 -0.000242992 0.217488 0.0636085
0 2.15385e-16 9.19211e-05 -0.000138426 0.000680263 0.00024788 0.21595 0.062019
0 2.15385e-16 0.0007112 5.51706e-05 -0.00341306 -0.000565162 0.217885 0.0640913
0 2.15385e-16 -0.000441897 -0.000152677 -0.000908747 -0.000244137 0.217608 0.0628052
0 2.15385e-16 -0.00211892 -0.000320084 0.0056122 0.00102663 0.216719 0.0631205
0 2.15385e-16 -0.000762126 -8.43318e-05 9.65621e-05 -7.10301e-05 0.216817 0.0632866
0 2.15385e-16 -0.000454191 -1.37763e-05 -0.000208977 7.46669e-06 0.217604 0.0631267
0 2.15385e-16 -0.00141814 -0.00034483 0.00174365 0.000376983 0.218054 0.0634525
0 2.15385e-16 0.000312567 2.38396e-05 -0.00599049 -0.00097318 0.217156 0.0632368
0 2.15385e-16 0.000401212 4.64894e-05 0.00329638 0.000414696 0.215792 0.0632146
0 2.15385e-16 0.001784 0.000437339 0.000134119 1.67851e-05 0.217413 0.063609
0 2.15385e-16 0.00155036 0.000353365 -7.87956e-05 -5.35178e-06 0.217051 0.0632323
0 2.15385e-16 -0.000737472 -0.000181895 0.00377925 0.00070356 0.216981 0.0631419
0 2.15385e-16 -0.00277073 -0.000538122 0.00484165 0.0008185 0.216946 0.0632593
0 2.15385e-16 -0.00100698 -8.83855e-05 -0.00196103 -0.000397312 0.216856 0.0633082
0 2.15385e-16 0.0011661 0.000103627 0.000497814 8.95461e-05 0.217055 0.0634197
0 2.15385e-16 0.00261264 0.000475171 -0.00401454 -0.000698671 0.217477 0.0632108
0 2.15385e-16 0.00245551 0.000514774 -0.00179889 -0.000397591 0.217439 0.0634373
0 2.15385e-16 -0.000306548 1.35391e-05 -0.000356444 -4.23898e-05 0.215452 0.0629244
0 2.15385e-16 -0.00441086 -0.000814507 0.000823471 0.000182383 0.217808 0.0637396
0 2.15385e-16 0.00174681 0.000299262 -0.00122195 -7.29062e-05 0.218102 0.0637543
0 2.15385e-16 0.00177695 0.000274422 -0.000669816 -0.00024273 0.216385 0.0628487
0 2.15385e-16 0.000735653 0.000216717 -0.00263137 -0.000357166 0.217359 0.0630897
0 2.15385e-16 -0.000575573 -0.000134641 -0.000217524 -5.39996e-05 0.216372 0.0637048
0 2.15385e-16 0.00127453 0.000232236 -0.000123325 -2.01236e-05 0.217449 0.062691
0 2.15385e-16 0.000623858 0.000217606 0.00110362 0.000315958 0.216096 0.0630955
0 2.15385e-16 0.000670555 9.51165e-05 0.001235 0.000212757 0.216917 0.0633172
0 2.15385e-16 -0.00196495 -0.000401084 0.000586423 0.000101455 0.217652 0.0635236
0 2.15385e-16 -0.00171161 -0.000336241 -0.000287761 -5.14023e-05 0.216657 0.0632539
0 2.15385e-16 -0.00203657 -0.00033182 -0.00267084 -0.000457041 0.218689 0.0636341
0 2.15385e-16 -0.000829335 -9.13e-05 -0.00264133 -0.000456222 0.21645 0.0629325
0 2.15385e-16 -0.002831 -0.000347754 -0.00263719 -0.000243044 0.218651 0.0642268
0 2.15385e-16 -0.00106506 -0.000239903 -0.00126969 -0.000334201 0.215554 0.0640609
0 2.15385e-16 -0.000900873 -0.000101528 -0.000325322 -5.04872e-05 0.21766 0.0631091
0 2.15385e-16 0.00140571 0.000235125 -0.00157226 -0.00023369 0.215829 0.0630771
0 2.15385e-16 0.00114724 0.000300706 -0.00169919 -0.000180746 0.217337 0.063988
0 2.15385e-16 -0.00129553 -0.000318397 0.00359958 0.000639613 0.215761 0.0632479
0 2.15385e-16 0.00147774 0.000254933 0.002824 0.000602927 0.216019 0.0629881
0 2.15385e-16 0.00290624 0.000540364 -0.00097192 -0.000143681 0.217181 0.0639243
0 2.15385e-16 0.00129205 0.000250885 -0.00119619 -0.000156942 0.217629 0.0632695
0 2.15385e-16 -0.00290267 -0.000456078 0.000538286 9.06762e-05 0.216087 0.0631993
0 2.15385e-16 -0.00409868 -0.000766004 -0.000289005 -0.000127161 0.217641 0.0628762
0 2.15385e-16 -0.00162435 -0.000260039 -0.00154124 -0.000276199 0.216833 0.0638033
0 2.15385e-16 -0.000108465 8.4389e-06 0.00144203 0.000153081 0.216617 0.0627891
0 2.15385e-16 0.00219925 0.000261386 -0.00101657 -0.000198105 0.215934 0.0635382
0 2.15385e-16 -0.00161584 -0.000150761 0.00103256 0.000321923 0.217502 0.0629757
0 2.15385e-16 0.000452488 1.86986e-05 -0.0011313 -0.000297823 0.216299 0.0631276
0 2.15385e-16 0.000532095 9.7294e-05 -0.0023177 -0.000381835 0.216673 0.0633626
0 2.15385e-16 0.0011391 6.4456e-05 -0.00151738 -0.000112311 0.216767 0.0637197
0 2.15385e-16 -0.00124374 -0.000115545 -0.00146362 -0.000319693 0.218137 0.0633137
0 2.15385e-16 -0.000540238 2.62164e-06 0.000994399 0.000155355 0.216247 0.0628396
0 2.15385e-16 0.00292436 0.000521081 0.00192514 0.000316013 0.216881 0.0634494
0 2.15385e-16 0.000648751 -1.58871e-05 -0.00378706 -0.000508189 0.217509 0.0632901
0 2.15385e-16 0.00308433 0.000632963 0.00265833 0.00045675 0.217498 0.0636734
0 2.15385e-16 0.00259075 0.00036544 0.000838225 0.00011811 0.216207 0.0637772
0 2.15385e-16 0.002598 0.00044915 -0.00028703 3.1754e-05 0.217003 0.0632205
0 2.15385e-16 0.000265517 7.36762e-06 -0.00138663 -0.000228148 0.215253 0.0638044
0 2.15385e-16 0.00190735 0.000420072 0.0032615 0.000631686 0.216883 0.0632153
0 2.15385e-16 -0.000631677 -0.000107855 -0.000420399 -8.39195e-05 0.216475 0.0632295
0 2.15385e-16 -0.000539813 -0.00020385 0.00163444 0.000349719 0.21674 0.0624833
0 2.15385e-16 -0.000670751 -0.000213938 0.000647734 8.00854e-05 0.216915 0.063559
0 2.15385e-16 -0.00150403 -0.000265733 0.000917927 2.94537e-05 0.216767 0.062379
0 2.15385e-16 0.000436791 -4.03784e-05 0.00269032 0.000438025 0.217658 0.0638225
0 2.15385e-16 -0.00230425 -0.000445233 0.000809125 8.88699e-05 0.217847 0.0635697
0 2.15385e-16 0.00445489 0.000671826 0.00102809 0.000218554 0.216865 0.0642687
0 2.15385e-16 -0.00125412 -0.00021647 -0.00107809 -0.000114049 0.216427 0.0636049
0 2.15385e-16 -0.00122287 -0.000201806 0.000404271 0.000132728 0.21627 0.0629751
0 2.15385e-16 0.000322847 0.000206634 -0.000438392 -4.40957e-06 0.217714 0.0625681
0 2.15385e-16 -0.00113591 -0.000287238 0.00198395 0.000195425 0.217312 0.0637408
0 2.15385e-16 0.00105476 0.000202623 0.00132679 0.000343881 0.216413 0.0635719
0 2.15385e-16 0.000869851 0.000205219 -0.00371007 -0.000636661 0.21843 0.0637958
0 2.15385e-16 -0.000573744 -9.39137e-05 -6.63003e-05 -0.000103021 0.216839 0.0630917
0 2.15385e-16 -0.00352649 -0.000774965 0.00127028 0.000191029 0.218469 0.0625159
0 2.15385e-16 -0.00142934 -0.000220009 0.00170673 0.000393864 0.215938 0.0635901
0 2.15385e-16 0.000573803 0.000175591 0.000673139 7.53672e-05 0.217643 0.0633405
0 2.15385e-16 0.000217108 0.000227253 0.00251125 0.00035664 0.217614 0.0632059
0 2.15385e-16 -0.000392766 -0.000105943 0.000798933 0.00026961 0.216134 0.0624668
0 2.15385e-16 -0.00192495 -0.000346897 -0.000346337 1.05067e-06 0.21786 0.0633933
0 2.15385e-16 0.00232672 0.000388848 0.00124903 0.000196443 0.217474 0.0626978
0 2.15385e-16 -0.00029514 -3.47332e-05 -1.72047e-05 2.83958e-05 0.216281 0.0631812
0 2.15385e-16 -0.00192233 -0.000477216 -0.000907686 -9.71746e-05 0.217557 0.063645
0 2.15385e-16 -0.00157033 -0.000148227 -0.00140184 -8.03487e-05 0.217786 0.0635045
0 2.15385e-16 0.00176156 0.000294552 -0.000764973 -0.000170578 0.216679 0.0638029
0 2.15385e-16 -0.000628699 -7.78943e-05 0.00350152 0.000523329 0.215962 0.0639749
0 2.15385e-16 -0.00375075 -0.000508664 -0.00278014 -0.000459714 0.218236 0.0636689
0 2.15385e-16 0.00146445 0.000336618 -2.75512e-05 -3.24471e-05 0.21743 0.0627095
0 2.15385e-16 -0.00048582 -3.0489e-05 -0.00120821 -0.000241586 0.217041 0.0627442
0 2.15385e-16 -0.000327711 -0.000170661 0.00185794 0.000185539 0.216182 0.0633895
0 2.15385e-16 -0.00232585 -0.000290439 0.00354506 0.00057597 0.217333 0.0628611
0 2.15385e-16 -0.000519764 -9.30906e-05 0.000848246 0.000141207 0.216295 0.0630183
0 2.15385e-16 -0.0020823 -0.000448744 0.000723165 5.40646e-05 0.216661 0.0632726
0 2.15385e-16 -0.000158749 -0.000111569 0.00220684 0.000287309 0.216276 0.0634093
0 2.15385e-16 0.000801336 0.000216152 -0.00136869 -0.000303575 0.216665 0.0635555
0 2.15385e-16 0.0025272 0.000503166 0.00202196 0.000439406 0.216744 0.0636391
0 2.15385e-16 -0.000504703 -0.000125199 0.00156441 0.000160427 0.216099 0.0632253
0 2.15385e-16 0.000345943 1.71026e-05 -0.000107957 5.59055e-05 0.216549 0.0636808
0 2.15385e-16 -0.000358799 -8.13532e-05 0.00178516 0.000328391 0.216203 0.0627945
0 2.15385e-16 -0.00199484 -0.000384676 0.00226545 0.000313196 0.216486 0.0635753
0 2.15385e-16 0.00207587 0.000412452 0.000550913 9.18007e-06 0.217265 0.0632719
0 2.15385e-16 0.00135507 0.000422984 -0.00162263 -0.000279396 0.217373 0.0634249
0 2.15385e-16 -0.00103742 -0.000253741 -0.00268111 -0.000540109 0.217406 0.0631297
0 2.15385e-16 0.00150378 0.000214879 7.49204e-05 4.59076e-05 0.215933 0.0633166
0 2.15385e-16 -0.000202581 -1.91044e-05 0.000550629 -3.52209e-05 0.217172 0.0629383
0 2.15385e-16 0.00248476 0.000460351 0.000931218 3.39976e-05 0.217853 0.0633598
0 2.15385e-16 -0.000720502 -0.00011991 -0.00112824 -0.00020361 0.217131 0.063544
0 2.15385e-16 0.00308397 0.00064692 -0.000354582 -4.66617e-05 0.216019 0.06315
0 2.15385e-16 -0.000622627 -6.58887e-05 -0.00187946 -0.000486299 0.216855 0.0630543
0 2.15385e-16 0.00400643 0.000818722 0.000990019 0.000175515 0.21596 0.0631489
0 2.15385e-16 0.00153408 0.000229272 -0.00438671 -0.000820066 0.217126 0.0633345
0 2.15385e-16 0.000121723 -4.54435e-06 -0.0014972 -0.000280742 0.217998 0.063061
0 2.15385e-16 -0.00112054 -0.000213631 0.00164345 0.000266373 0.217365 0.0636602
0 2.15385e-16 -0.00081575 -0.00026578 0.000971799 0.000161809 0.216135 0.0628375
0 2.15385e-16 -0.00050812 2.35564e-05 0.000452332 0.000113766 0.216169 0.0631914
0 2.15385e-16 0.00153369 0.000309668 0.00234047 0.000293597 0.218555 0.0630606
0 2.15385e-16 -3.7855e-05 5.79863e-05 0.0012345 0.00028056 0.215345 0.0631605
0 2.15385e-16 -0.00257808 -0.000371746 0.00379199 0.000517421 0.216735 0.0639486
0 2.15385e-16 0.00189307 0.000460564 0.00202892 0.000406524 0.217092 0.0639105
0 2.15385e-16 0.00117643 0.000116326 -0.000728597 -0.000120957 0.217596 0.0633812
0 2.15385e-16 0.000720706 0.000284457 0.00222541 0.000224526 0.216733 0.0637476
0 2.15385e-16 -4.51234e-05 -8.96267e-05 0.00231359 0.000319229 0.217013 0.0632562
0 2.15385e-16 0.00108539 0.000183336 0.00203201 0.000361761 0.216131 0.0635696
0 2.15385e-16 0.00135191 0.000136489 0.00209822 0.00037372 0.217051 0.0630629
0 2.15385e-16 0.000550751 3.76364e-05 0.000797239 -0.000120335 0.216143 0.0638881
0 2.15385e-16 -0.00107204 -0.000338166 0.000804838 4.96609e-05 0.216721 0.0632572
0 2.15385e-16 0.0040081 0.000609317 -5.80573e-05 2.72342e-05 0.216296 0.0638001
0 2.15385e-16 0.00227066 0.000463239 0.00268583 0.000321939 0.217048 0.0639499
0 2.15385e-16 0.00152618 0.00029816 -0.00256397 -0.000421241 0.216857 0.0630577
0 2.15385e-16 0.0017964 0.000258125 0.000753612 0.000193266 0.216749 0.0630752
0 2.15385e-16 7.4402e-06 -3.09188e-05 0.00324121 0.000467808 0.216646 0.063006
0 2.15385e-16 -0.00170107 -0.000235851 -0.00165758 -0.000423807 0.218273 0.0633183
0 2.15385e-16 0.00044489 4.88995e-05 0.00258824 0.000375754 0.216103 0.0643492
0 2.15385e-16 0.0011521 0.000139948 0.000502607 9.13245e-05 0.216852 0.0627746
0 2.15385e-16 0.00136597 0.000291575 0.00100266 0.000122178 0.215983 0.0637242
0 2.15385e-16 0.0010865 0.000123579 -0.0013466 -0.000160195 0.216364 0.0630231
0 2.15385e-16 0.00358521 0.000681561 0.00203384 0.00038777 0.217504 0.0629165
0 2.15385e-16 0.000517468 0.000103593 -0.00188358 -0.000451967 0.215357 0.0632334
0 2.15385e-16 -0.000628022 -0.000168803 -0.000991233 -0.000171628 0.217535 0.0626144
0 2.15385e-16 0.000516402 7.45684e-06 -0.00247424 -0.000411806 0.216967 0.0634525
0 2.15385e-16 -0.000657765 -0.0002159 -0.000405001 -0.000118166 0.216444 0.0628039
0 2.15385e-16 -0.00083362 -0.000132254 0.00190821 0.000393654 0.216691 0.0631793
0 2.15385e-16 -0.000389186 2.9287e-06 -0.000228443 1.32505e-05 0.217577 0.0630726
0 2.15385e-16 0.00137331 0.000180417 -0.00183119 -0.000362323 0.216461 0.0629601
0 2.15385e-16 -0.00212543 -0.000295142 -0.0019217 -0.000294458 0.217231 0.0635006
0 2.15385e-16 0.00282523 0.000568347 0.00216475 0.000365809 0.216186 0.0640512
0 2.15385e-16 -0.000436368 -3.64534e-05 3.40995e-05 4.41868e-06 0.216892 0.0632208
0 2.15385e-16 0.000190602 -4.07145e-06 0.00463261 0.000675807 0.217031 0.0633383
0 2.15385e-16 -0.00116409 -0.00015242 -0.000722739 -0.000178132 0.216026 0.0633237
0 2.15385e-16 0.000124133 -5.13041e-05 -0.00201529 -0.000406414 0.216092 0.0631831
0 2.15385e-16 -0.00249388 -0.000516773 -0.000465439 -7.15267e-05 0.216802 0.0637039
0 2.15385e-16 0.00174549 0.000348637 -0.0031741 -0.000641624 0.218424 0.0626467
0 2.15385e-16 -0.00344138 -0.000629207 0.00107032 4.57903e-05 0.217517 0.0636624
0 2.15385e-16 0.0018682 0.000220237 -0.0013229 -0.000113024 0.21807 0.063204
0 2.15385e-16 -0.00310341 -0.000539768 -0.000825786 -0.000110619 0.217243 0.0644123
0 2.15385e-16 -0.000188641 1.33301e-05 0.00227011 0.000414819 0.216187 0.0634354
0 2.15385e-16 0.00217575 0.000451317 -0.00249155 -0.00033864 0.217097 0.0635476
0 2.15385e-16 0.00126654 0.000367689 -0.000430031 -0.000174931 0.216625 0.0633495
0 2.15385e-16 0.00114412 0.000178774 -0.0012277 -0.00016817 0.217354 0.0633462
0 2.15385e-16 -0.000270441 7.47934e-07 0.000462159 0.000181249 0.217237 0.0633751
0 2.15385e-16 0.00325951 0.000515475 0.000288698 0.000140323 0.216877 0.0634968
0 2.15385e-16 -0.00267471 -0.000522265 -0.000168217 -7.5421e-05 0.217667 0.0635603
0 2.15385e-16 -0.00107716 -0.000196843 -0.00169129 -0.000246502 0.217233 0.0630236
0 2.15385e-16 0.00262059 0.000380099 -0.000352765 -0.000116455 0.217393 0.0636722
0 2.15385e-16 -0.00288108 -0.000460955 -0.00250624 -0.00046457 0.215866 0.0645335
0 2.15385e-16 0.000480768 0.000123184 0.00103951 0.000156674 0.216447 0.0634036
0 2.15385e-16 -0.000576097 -0.000115347 -0.00140676 -0.000250194 0.217499 0.0631884
0 2.15385e-16 -0.000825109 -0.000211189 0.00152382 0.000245433 0.216806 0.0638244
0 2.15385e-16 -0.0015364 -0.000306363 0.000307669 1.84879e-05 0.216354 0.0623847
0 2.15385e-16 0.000787587 0.000189762 0.00159746 0.000220025 0.216021 0.0636362
0 2.15385e-16 0.00144444 0.00028248 0.0013907 -1.99822e-05 0.217691 0.0640648
0 2.15385e-16 -0.000508035 -7.63388e-05 0.000186797 0.000129645 0.214964 0.0636875
0 2.15385e-16 0.00149691 0.000196884 -0.00331573 -0.000555694 0.21732 0.062987
0 2.15385e-16 0.00176855 0.000230302 -0.000208448 5.17868e-05 0.215069 0.0634372
0 2.15385e-16 -0.00103609 -4.91551e-05 -0.000760956 -0.000129263 0.217579 0.0633591
0 2.15385e-16 -0.00196059 -0.000296607 0.00171878 0.000301066 0.215785 0.0630727
0 2.15385e-16 0.00303215 0.000586503 -0.000573007 -0.000105093 0.218186 0.0630405
0 2.15385e-16 0.00102899 0.000146324 0.00358909 0.000689744 0.217513 0.0632878
0 2.15385e-16 0.00164645 0.000185403 0.0023217 0.000452797 0.216993 0.0634428
0 2.15385e-16 -1.30415e-05 0.000142206 -0.0010316 -7.58063e-05 0.217763 0.0637743
0 2.15385e-16 -0.00228227 -0.000557522 0.000171709 -1.17306e-05 0.218314 0.0632323
0 2.15385e-16 -3.98826e-05 -2.80314e-05 0.000192981 0.000220064 0.216837 0.0629761
0 2.15385e-16 0.00247209 0.0004216 0.00139375 0.000328417 0.216992 0.0636779
0 2.15385e-16 0.00119105 0.00020595 0.00291611 0.000341462 0.216203 0.063464
0 2.15385e-16 -0.000990863 -0.000183005 0.00120513 0.000227701 0.21584 0.0634873
0 2.15385e-16 -0.000113544 8.40595e-06 -4.16566e-05 -7.39402e-05 0.21639 0.0626228
0 2.15385e-16 0.00154621 0.000252274 -0.00203511 -0.000378732 0.216724 0.0635719
0 2.15385e-16 0.00144308 0.000341431 0.00211329 0.000275423 0.215606 0.0634712
0 2.15385e-16 -0.000825991 -0.000203251 -0.00134734 -0.00017127 0.217612 0.0632739
0 2.15385e-16 0.000943615 7.85051e-05 -0.000311164 -9.25316e-05 0.216824 0.063077
0 2.15385e-16 0.00241667 0.000485402 -0.00225607 -0.000417874 0.216285 0.0631922
0 2.15385e-16 -0.00219899 -0.000353508 9.60935e-05 1.30316e-05 0.217035 0.0625611
0 2.15385e-16 0.00362088 0.000568712 0.000994037 5.59597e-05 0.215203 0.0637043
0 2.15385e-16 0.000674934 -1.17005e-05 0.000136971 -8.34926e-05 0.21614 0.0635673
0 2.15385e-16 0.0014571 0.000191399 -0.00258208 -0.000472024 0.217729 0.0633603
0 2.15385e-16 0.00192377 0.000374667 0.0019402 0.000333683 0.216792 0.0642386
0 2.15385e-16 -0.000166858 -6.76285e-05 -3.59729e-05 8.77912e-05 0.21623 0.0629352
0 2.15385e-16 0.000394866 7.21518e-05 -5.72981e-05 6.34454e-05 0.21669 0.0638212
0 2.15385e-16 -0.00100866 -0.000150773 0.00091418 0.000219843 0.216374 0.063564
0 2.15385e-16 5.32831e-05 1.41736e-05 -0.000997204 -0.000178403 0.215706 0.0638375
0 2.15385e-16 0.000443337 1.07317e-05 0.000851263 0.000150991 0.21785 0.06297
0 2.15385e-16 -0.00146032 -0.000308256 -0.00138331 -0.00017214 0.216923 0.0640458
0 2.15385e-16 0.00196415 0.000376557 0.000881082 -2.21549e-05 0.217072 0.0632375
0 2.15385e-16 -0.00236212 -0.000381926 0.00212809 0.000241867 0.217321 0.0637374
0 2.15385e-16 -0.00133467 -0.000197182 0.00106763 0.000203963 0.216681 0.0634568
0 2.15385e-16 0.00299956 0.000454828 0.00430763 0.000666397 0.216905 0.0631064
0 2.15385e-16 0.000893994 0.000162659 -0.00203553 -0.000314638 0.216695 0.0635264
0 2.15385e-16 0.000763954 2.19407e-05 0.00023022 6.84755e-06 0.21657 0.0629613
0 2.15385e-16 -0.00104225 -0.000201375 -0.000955318 -0.00019465 0.216987 0.0637909
0 2.15385e-16 0.00241811 0.000354836 -0.00094245 -0.000107777 0.217225 0.0629635
0 2.15385e-16 0.00174609 0.000321841 0.00234714 0.0003855 0.21841 0.0637079
0 2.15385e-16 -0.00320997 -0.000569196 0.000640862 0.000124751 0.217662 0.0631469
0 2.15385e-16 0.0022149 0.000429108 -0.000785197 -1.50529e-06 0.21682 0.0635068
0 2.15385e-16 0.00236471 0.00030522 -0.000620506 -0.000157161 0.2176 0.0631266
0 2.15385e-16 0.000960346 0.000116857 0.000402018 -0.000102546 0.216844 0.0631808
0 2.15385e-16 -0.00267183 -0.000506759 -0.000940876 -0.000135226 0.217148 0.0636279
0 2.15385e-16 -0.00037153 8.93435e-05 0.0018604 0.000216763 0.218431 0.0634862
0 2.15385e-16 -0.00152698 -0.000259729 0.000403875 2.62882e-05 0.218116 0.0633863
0 2.15385e-16 -0.00121606 -0.000123473 -0.000998086 -0.000203739 0.217145 0.0631498
0 2.15385e-16 0.000265047 5.96227e-05 0.000908274 7.62412e-05 0.216859 0.0624408
0 2.15385e-16 -0.00220047 -0.000508892 0.00200725 0.000255648 0.21776 0.0636692
0 2.15385e-16 0.00154882 0.000289197 -0.000645899 -1.93606e-05 0.21679 0.0636239
0 2.15385e-16 -0.00189338 -0.000330794 0.00217566 0.000297253 0.217013 0.0643839
0 2.15385e-16 -0.00245481 -0.000321058 0.000542347 4.34957e-05 0.216868 0.0641537
0 2.15385e-16 -0.00119363 -0.00025432 0.00203459 0.000459858 0.216922 0.0632686
0 2.15385e-16 -8.60397e-05 7.74116e-06 0.000293733 7.40449e-05 0.215522 0.0624964
0 2.15385e-16 -0.000603317 -9.45454e-06 -0.000612865 -3.87033e-05 0.217775 0.063731
0 2.15385e-16 0.00407486 0.000722416 -0.00123636 -0.000171827 0.217798 0.0636532
0 2.15385e-16 -6.42522e-06 -7.3332e-05 0.0015182 0.000195287 0.21576 0.0635545
0 2.15385e-16 9.67122e-05 3.00158e-05 -6.76103e-05 4.65914e-06 0.216498 0.0631695
0 2.15385e-16 0.00103864 0.00031663 -0.000761665 -0.000159363 0.217474 0.0624542
0 2.15385e-16 -0.000884754 1.20936e-05 -0.00224519 -0.00045561 0.217845 0.0636002
0 2.15385e-16 -0.00200383 -0.000375983 -7.30552e-05 -4.40624e-06 0.217501 0.0636392
0 2.15385e-16 0.00166562 0.000351921 0.00187416 0.000278408 0.217943 0.0627434
0 2.15385e-16 1.30736e-05 3.97712e-05 0.000420071 0.000252474 0.217976 0.0631612
0 2.15385e-16 -0.00174932 -0.000347985 -0.000600292 -0.000145708 0.217596 0.0634749
0 2.15385e-16 -0.000238704 -3.27854e-05 -0.00126237 -0.000232975 0.216672 0.0634802
0 2.15385e-16 0.00217392 0.00022107 0.00111269 0.000111984 0.217674 0.0628485
0 2.15385e-16 0.000157767 5.13985e-05 -0.00164611 -0.0003401 0.217776 0.0637211
0 2.15385e-16 -0.000829198 -0.000153157 0.000359203 3.83327e-05 0.2169 0.0635021
0 2.15385e-16 -0.00191697 -0.000231338 0.000357401 7.05073e-05 0.217413 0.0635008
0 2.15385e-16 0.000356656 3.47118e-05 0.000283978 0.000131759 0.216477 0.0631743
0 2.15385e-16 2.54712e-05 8.98474e-05 0.00264453 0.000406556 0.217857 0.0632323
0 2.15385e-16 -0.000445978 -4.84021e-05 0.0021818 0.000315013 0.217426 0.0636122
0 2.15385e-16 -0.00160296 -0.000351268 0.00116372 9.05657e-05 0.216038 0.0636021
0 2.15385e-16 -0.000712356 -0.00013141 0.00113173 0.000205244 0.216168 0.063538
0 2.15385e-16 0.000807443 0.000136829 -0.00052787 -0.00012224 0.217198 0.0631535
0 2.15385e-16 0.000466028 0.000108691 0.00133731 0.000328161 0.216308 0.0625972
0 2.15385e-16 -0.00196568 -0.000390131 0.00158848 0.000328088 0.217675 0.0632243
0 2.15385e-16 0.00157739 0.000388334 -0.000131462 8.16739e-05 0.218455 0.0632426
0 2.15385e-16 0.00031564 -1.68088e-05 -0.00195752 -0.000297429 0.217164 0.063885
0 2.15385e-16 -0.00196615 -0.000380374 0.00162156 0.000288741 0.217038 0.0634994
0 2.15385e-16 -0.000152716 1.78995e-05 -0.0018603 -0.000270487 0.217506 0.063411
0 2.15385e-16 -0.000218717 -0.000171569 0.000632968 1.04157e-06 0.21749 0.0634867
0 2.15385e-16 -0.00313827 -0.00055622 0.000815709 3.48585e-05 0.218083 0.0639948
0 2.15385e-16 0.00185108 0.000356587 0.00068015 2.77493e-05 0.217478 0.063502
0 2.15385e-16 -0.00216966 -0.000378847 -0.00336184 -0.000428936 0.218983 0.0641454
0 2.15385e-16 0.00189784 0.000222089 0.00248584 0.000326879 0.216811 0.063599
0 2.15385e-16 -0.00303008 -0.000724744 -0.00050919 -0.000103354 0.217912 0.0637514
0 2.15385e-16 -0.000494681 -0.000154704 0.00149625 0.000291957 0.217382 0.0630274
0 2.15385e-16 -0.00225581 -0.0002944 -0.00129098 -0.000164492 0.217054 0.064186
0 2.15385e-16 -1.93358e-05 0.000139863 0.00320347 0.000507492 0.216995 0.0624243
0 2.15385e-16 -6.98593e-05 -0.000143037 0.000704711 3.906e-05 0.21588 0.0629244
0 2.15385e-16 5.75999e-05 2.25571e-05 0.000410551 -7.51438e-06 0.217099 0.0626542
0 2.15385e-16 -0.0002173 -4.14148e-05 -0.00117257 -0.000107295 0.217656 0.0631176
0 2.15385e-16 -0.0012286 -0.000150109 -0.00101512 -0.000237521 0.217683 0.063699
0 2.15385e-16 -0.00423374 -0.000721424 0.00189747 0.000404838 0.216754 0.0634651
0 2.15385e-16 -0.00125352 -0.000262572 -0.00279179 -0.000472919 0.218891 0.0635311
0 2.15385e-16 8.79378e-05 -3.57847e-05 -0.00199869 -0.000287211 0.216094 0.0634099
0 2.15385e-16 -0.001697 -0.00032514 0.00258702 0.000292294 0.216953 0.0631797
0 2.15385e-16 -0.00392816 -0.000610344 -0.000932796 -0.000129303 0.216731 0.0634864
0 2.15385e-16 -0.00112841 -0.000159571 0.00299285 0.000569006 0.215777 0.0626224
0 2.15385e-16 0.000151418 2.67436e-06 0.000649037 0.000238992 0.216338 0.0629775
0 2.15385e-16 -0.00309917 -0.000606895 -0.000427395 -0.000155396 0.217258 0.0635775
0 2.15385e-16 0.00177829 0.000349472 -0.00263891 -0.000358795 0.217701 0.0631711
0 2.15385e-16 0.00236587 0.000438755 -0.00195144 -0.000309415 0.21687 0.0635747
0 2.15385e-16 -0.000234052 -9.94166e-05 0.00167719 0.00025326 0.217073 0.0632698
0 2.15385e-16 0.000125941 1.73155e-05 -0.00245567 -0.000284203 0.217933 0.0635204
0 2.15385e-16 0.000341407 -7.28288e-05 0.00081824 0.000112436 0.216335 0.0629657
0 2.15385e-16 -0.00522363 -0.000939786 0.000500561 4.25173e-05 0.217532 0.0632735
0 2.15385e-16 0.000232626 5.35412e-05 0.000808016 0.00020112 0.216127 0.0628085
0 2.15385e-16 -0.00126571 -0.000287258 -0.00237435 -0.000650978 0.217349 0.0626429
0 2.15385e-16 -0.00174952 -0.000437479 -0.00103801 -0.000192317 0.217152 0.0630132
0 2.15385e-16 -0.000899848 -0.000152941 0.00180185 0.000331451 0.217267 0.0628987
0 2.15385e-16 0.00140707 0.000318129 -0.000780099 -6.94413e-05 0.217447 0.0634989
0 2.15385e-16 0.00118916 0.000285624 0.000907886 4.54871e-05 0.216867 0.0637132
0 2.15385e-16 -0.00010543 -0.000236159 0.000795067 1.61733e-06 0.216649 0.0620966
0 2.15385e-16 -0.000225316 7.42607e-05 0.00141963 0.000271675 0.217259 0.0632125
0 2.15385e-16 -0.000381489 -4.23247e-05 0.00102706 0.00016986 0.218218 0.0624395
0 2.15385e-16 -0.000239923 4.32266e-05 0.000671448 0.000191145 0.216427 0.0629444
0 2.15385e-16 -0.000413942 -0.000102745 -0.00120207 -0.000132683 0.217605 0.0629045
0 2.15385e-16 -0.000877965 -0.000109476 -8.74093e-06 -6.84983e-05 0.21751 0.0632659
0 2.15385e-16 -0.00252541 -0.000517903 0.000293988 2.43351e-05 0.217306 0.0636331
0 2.15385e-16 -0.00229029 -0.000409772 -0.00291763 -0.000454629 0.21882 0.0638929
0 2.15385e-16 -0.00218047 -0.000399724 0.000128558 5.91394e-05 0.216599 0.0629833
0 2.15385e-16 0.00562639 0.000994818 0.00162913 0.000438144 0.216112 0.0633513
0 2.15385e-16 0.00253246 0.000312568 -0.0016699 -0.000293545 0.216576 0.0634479
0 2.15385e-16 0.0013445 0.000272539 0.00287157 0.000487315 0.216925 0.0628288
0 2.15385e-16 0.00244274 0.000373813 -0.00151332 -0.00039406 0.217806 0.0633966
0 2.15385e-16 0.00249225 0.000500894 0.00125015 5.27027e-06 0.215762 0.0635263
0 2.15385e-16 -0.0014107 -0.000197122 -0.000185289 -9.27736e-05 0.216387 0.0630605
0 2.15385e-16 0.00186018 0.000279933 0.00115009 0.000116075 0.2165 0.0642155
0 2.15385e-16 0.00143928 0.000264486 -0.000233184 -8.24951e-05 0.215322 0.063015
0 2.15385e-16 -0.00183092 -0.000357277 -0.00347514 -0.000734941 0.217965 0.0636734
0 2.15385e-16 0.000833352 2.9979e-05 -0.000111513 -3.43041e-05 0.217116 0.0636201
0 2.15385e-16 0.000208004 4.55081e-05 0.00313764 0.000497928 0.216557 0.0628378
0 2.15385e-16 0.000392436 0.000167394 -0.000287912 8.90884e-05 0.216218 0.063453
0 2.15385e-16 2.21185e-05 -8.47611e-05 -0.00160892 -0.0002871 0.21755 0.0630933
0 2.15385e-16 -0.00168366 -0.000335748 0.00208341 0.000401837 0.216325 0.0634193
0 2.15385e-16 -0.0030917 -0.000619914 -0.0012525 -0.000218469 0.21711 0.0638166
0 2.15385e-16 -0.000256496 -4.48256e-05 -0.000494006 -4.95571e-05 0.215858 0.063943
0 2.15385e-16 0.00102405 0.000159921 -0.00233707 -0.000333228 0.217214 0.0637219
0 2.15385e-16 -0.000964453 -1.38834e-05 -0.00212963 -0.000321132 0.216671 0.0639546
0 2.15385e-16 -0.00161764 -0.000280361 0.00145266 8.24726e-05 0.216033 0.0629416
0 2.15385e-16 0.00167244 0.000356717 0.00213522 0.000411277 0.217422 0.0631702
0 2.15385e-16 -0.00119915 -0.000219855 -0.0010884 -0.000135449 0.217547 0.0637976
0 2.15385e-16 0.00295576 0.00041792 0.000653372 0.000103672 0.216986 0.0633391
0 2.15385e-16 -0.00142435 -0.000413532 -0.000124386 8.06716e-05 0.216651 0.0633541
0 2.15385e-16 0.00162499 0.000244336 -0.000247721 6.6141e-05 0.216604 0.0633273
0 2.15385e-16 0.00384628 0.000701523 0.00114485 0.00017653 0.21779 0.0631284
0 2.15385e-16 0.00139787 0.00026587 0.000448556 -5.56922e-06 0.2161 0.0629909
0 2.15385e-16 -0.00159848 -0.000235921 0.001199 0.000215801 0.216992 0.0636292
0 2.15385e-16 0.00104028 0.000156078 -0.0032996 -0.000701939 0.217025 0.0631813
0 2.15385e-16 0.00157983 0.00023774 -0.00233994 -0.00038827 0.21742 0.0634139
0 2.15385e-16 -0.00227765 -0.000402065 0.00234543 0.00057589 0.217946 0.0634495
0 2.15385e-16 0.000494414 0.000140787 -0.00282366 -0.000511757 0.216873 0.0632675
0 2.15385e-16 -0.00115372 -0.000141715 0.00225034 0.000366793 0.217592 0.0626512
0 2.15385e-16 -0.000849099 -0.000243466 0.00256862 0.000460992 0.217128 0.0631028
0 2.15385e-16 0.0034495 0.000556279 -0.00076211 -0.00012175 0.216788 0.0628332
0 2.15385e-16 -0.00223922 -0.000416007 0.000923032 0.00019341 0.217596 0.063014
0 2.15385e-16 0.00252952 0.000455429 0.0036018 0.00067629 0.217422 0.0642269
0 2.15385e-16 -0.00307062 -0.000466786 -0.000511764 -0.000119652 0.216718 0.0641092
0 2.15385e-16 0.00193019 0.000367635 -0.000578383 -0.000208652 0.216124 0.063564
0 2.15385e-16 -0.00195362 -0.00040436 -0.00432811 -0.000609674 0.216861 0.0629834
0 2.15385e-16 -0.00250015 -0.000459176 -0.000442953 -7.38083e-05 0.216346 0.0635113
0 2.15385e-16 0.00146315 0.00027537 -0.00125412 -0.000201678 0.216771 0.0627672
0 2.15385e-16 -0.00157782 -0.00023675 -0.0011539 -0.000299658 0.216963 0.0636877
0 2.15385e-16 0.000822233 0.000126359 -0.000844258 -0.000164742 0.216955 0.0629759
0 2.15385e-16 0.00320486 0.000696147 0.00462008 0.000653113 0.217467 0.0640796
0 2.15385e-16 -0.00151349 -0.000296697 0.00330731 0.000606664 0.216321 0.0630554
0 2.15385e-16 0.00260646 0.000363222 -0.00174978 -0.000179878 0.217724 0.0624908
0 2.15385e-16 -0.002878 -0.000437234 -0.00189014 -0.000368572 0.217084 0.0638087
0 2.15385e-16 -0.00250616 -0.00040658 -0.000465821 -5.29961e-05 0.217249 0.0636044
0 2.15385e-16 -0.000812879 9.14654e-06 0.00165736 0.000258033 0.218111 0.0636974
0 2.15385e-16 -0.00363598 -0.000589727 -0.000448864 -9.57543e-05 0.217236 0.0634774
0 2.15385e-16 0.000538293 0.000117457 -0.00278906 -0.000414935 0.218071 0.0634041
0 2.15385e-16 -0.00283964 -0.000381609 0.00193351 0.000310343 0.21625 0.0632383
0 2.15385e-16 0.000417032 -5.33274e-05 0.00198508 0.000241764 0.216503 0.0629575
0 2.15385e-16 0.00363035 0.000576013 0.00293953 0.000394755 0.217546 0.0631968
0 2.15385e-16 0.00292809 0.000534637 -0.00283776 -0.000391871 0.217089 0.0637096
0 2.15385e-16 -6.28229e-05 -2.86993e-05 0.00206699 0.000389387 0.217337 0.0632601
0 2.15385e-16 0.00317096 0.000639419 0.00102148 0.000180769 0.217497 0.0637512
0 2.15385e-16 -0.00198991 -0.000537464 0.00155537 0.000204973 0.217455 0.0633493
0 2.15385e-16 0.00216538 0.000349695 -0.00117092 -0.000330565 0.216943 0.0631196
0 2.15385e-16 0.000369206 5.92638e-05 0.000843158 0.000106944 0.216719 0.0630292
0 2.15385e-16 -0.000323372 -0.000131759 0.0012528 0.000296334 0.216568 0.0629648
0 2.15385e-16 -0.00212646 -0.000423806 -0.00114525 -0.000175945 0.216999 0.0640828
0 2.15385e-16 0.00234705 0.000292584 -0.00176414 -0.000255468 0.216403 0.0636389
0 2.15385e-16 -0.0010864 -0.000216917 0.000837479 8.67506e-05 0.216575 0.0631167
0 2.15385e-16 0.000536643 8.85355e-05 0.000609259 -2.30406e-05 0.21587 0.0631231
0 2.15385e-16 0.0030033 0.000530811 0.000488625 0.000121925 0.216239 0.0628906
0 2.15385e-16 -0.00261668 -0.000448775 0.000862234 0.00015796 0.217014 0.0645597
0 2.15385e-16 0.000190288 3.1109e-06 -0.00121314 -9.74543e-05 0.215472 0.0636767
0 2.15385e-16 -0.000123385 5.43813e-05 -0.00313373 -0.000423525 0.216775 0.0640714
0 2.15385e-16 0.00122391 0.000284828 -0.00110294 -0.000144602 0.217892 0.0642519
0 2.15385e-16 -0.00154909 -0.000343596 0.00135927 0.000305329 0.216819 0.0633345
0 2.15385e-16 -0.00126627 -0.000140729 0.000302417 0.000199367 0.216525 0.0636315
0 2.15385e-16 -0.00138032 -0.000375149 0.000946744 0.000171061 0.218013 0.0632982
0 2.15385e-16 0.00127414 0.000115669 0.00273982 0.000554157 0.215181 0.0640431
0 2.15385e-16 0.00100173 0.000188086 0.00128799 9.51801e-05 0.216155 0.0631508
0 2.15385e-16 0.00223887 0.000431302 -0.00138162 -0.000240718 0.216391 0.0637694
0 2.15385e-16 -0.00295232 -0.000508566 0.000640825 0.000150931 0.217085 0.0637311
0 2.15385e-16 0.00149636 0.000295526 0.00256051 0.000410791 0.216677 0.0642061
0 2.15385e-16 -0.00417734 -0.000731037 0.000791994 0.000109937 0.216773 0.0638499
0 2.15385e-16 -0.00416523 -0.000713326 -0.00259944 -0.000366931 0.216738 0.0636841
0 2.15385e-16 -0.00314305 -0.000518089 -7.55465e-05 3.22459e-05 0.217168 0.0640188
0 2.15385e-16 -7.47859e-05 -6.50646e-05 -0.00217921 -0.000514504 0.217113 0.0628043
0 2.15385e-16 0.00250431 0.000332556 0.00188024 0.000352457 0.216749 0.0632762
0 2.15385e-16 -0.00153149 -0.000202149 -0.00068159 -2.18051e-05 0.217785 0.0635222
0 2.15385e-16 0.00208345 0.000485191 0.00116005 0.000203166 0.216507 0.062864
0 2.15385e-16 -0.000155755 -0.000140044 0.000874222 0.000247301 0.217001 0.0630008
0 2.15385e-16 0.000835485 -3.61399e-05 0.00156432 0.000314326 0.2165 0.0639156
0 2.15385e-16 -0.000237561 3.42979e-05 -0.000102784 -0.000149142 0.216408 0.0631447
0 2.15385e-16 -0.000751048 -0.0002077 -3.18106e-05 -1.69726e-05 0.216435 0.0628252
0 2.15385e-16 -0.00223848 -0.000390191 -0.000906053 -4.3231e-05 0.217147 0.0639371
0 2.15385e-16 0.00175921 0.000319709 0.00131652 9.24704e-05 0.215777 0.0635595
0 2.15385e-16 0.00100472 0.00030388 3.44437e-05 5.13366e-05 0.217068 0.0626969
0 2.15385e-16 -0.0010701 -0.000188671 -0.000161306 -1.51422e-05 0.21617 0.0634738
0 2.15385e-16 3.5107e-06 -6.55595e-05 0.000533647 4.66668e-05 0.217481 0.0632191
0 2.15385e-16 -0.00153007 -0.000359664 0.000842691 0.000183372 0.216465 0.0636132
0 2.15385e-16 0.00120284 0.000195503 0.00201244 0.000393436 0.21885 0.0633554
0 2.15385e-16 0.00153439 0.000265143 -0.00337939 -0.000500108 0.217078 0.0637632
0 2.15385e-16 -0.00187988 -0.000263432 -0.00154315 -0.00021296 0.21776 0.0639342
0 2.15385e-16 0.000663542 0.000125215 0.000529038 0.000254475 0.216461 0.0632852
0 2.15385e-16 0.000669429 5.22892e-05 -0.00108269 -0.000421435 0.215522 0.0634414
0 2.15385e-16 0.00112015 0.000101132 0.00444437 0.000777666 0.217748 0.0625126
0 2.15385e-16 -0.00174867 -0.000398564 -0.000723121 -0.000236083 0.217661 0.0633446
0 2.15385e-16 0.000893576 0.000117644 -0.00106722 -0.000173113 0.216183 0.0639751
0 2.15385e-16 0.0021693 0.000488872 0.00395735 0.000631942 0.217795 0.0626283
0 2.15385e-16 0.00341255 0.000684187 -0.00175998 -0.000412382 0.216538 0.0628891
0 2.15385e-16 -0.00114211 -1.65987e-05 0.00382552 0.000704759 0.21662 0.0628952
0 2.15385e-16 0.000858802 0.000152953 -0.00319052 -0.000428585 0.217028 0.0637995
0 2.15385e-16 3.20353e-05 -4.52241e-05 -0.00102519 -0.000129699 0.216496 0.0631656
0 2.15385e-16 -0.0011766 -0.000144017 -0.000279811 3.60846e-05 0.216755 0.0634989
0 2.15385e-16 -0.000613614 -0.000117186 -0.00265117 -0.000415389 0.218726 0.0630403
0 2.15385e-16 0.00272669 0.000417284 5.67976e-05 3.18298e-05 0.2174 0.0629573
0 2.15385e-16 0.00149869 0.00022588 0.00274183 0.000365339 0.216568 0.0631754
0 2.15385e-16 0.000761763 0.000214133 0.00300471 0.000480431 0.217052 0.0639905
0 2.15385e-16 -0.000466382 -1.25338e-05 2.13707e-05 4.98626e-05 0.217419 0.0632866
0 2.15385e-16 0.00223491 0.000378244 0.00145311 0.000230069 0.218272 0.0636703
0 2.15385e-16 -0.00316981 -0.000502079 0.000917954 0.000301078 0.217906 0.0636514
0 2.15385e-16 -0.00346856 -0.000456017 0.00354806 0.00052407 0.217482 0.064283
0 2.15385e-16 0.000748122 6.64037e-05 0.00422961 0.000648489 0.217765 0.0633223
0 2.15385e-16 -0.00067632 6.00738e-05 -0.00120678 -0.000134519 0.217758 0.0636064
0 2.15385e-16 -0.00117541 -0.000177513 0.00154821 0.000269618 0.216059 0.063488
0 2.15385e-16 -0.00359528 -0.000501771 -0.00225117 -0.000402654 0.216845 0.0630887
0 2.15385e-16 0.000785432 0.000149462 -0.00117017 -0.000170497 0.216115 0.0629823
0 2.15385e-16 -0.000465765 -9.18302e-05 0.00257167 0.000480437 0.216736 0.0633339
0 2.15385e-16 -0.00219551 -0.00042599 -0.000747517 -7.57266e-05 0.217975 0.0634722
0 2.15385e-16 -0.00210739 -0.000299045 -0.00241586 -0.000399824 0.217292 0.0641996
0 2.15385e-16 0.00226871 0.000478821 0.00118787 0.000123309 0.216913 0.0624575
0 2.15385e-16 0.00156083 0.000290523 -0.00232596 -0.000481858 0.217018 0.0633497
0 2.15385e-16 0.00163538 0.000336449 0.00168664 0.000283107 0.216715 0.0641207
0 2.15385e-16 0.00221194 0.000482069 -0.00265183 -0.000381712 0.218215 0.0630659
0 2.15385e-16 0.00108324 0.000254942 0.00213266 0.000242127 0.21713 0.062898
0 2.15385e-16 -0.00124474 -0.000205724 0.0015233 0.000236672 0.216356 0.0633356
0 2.15385e-16 0.00120761 0.000162644 -0.000970086 -0.000148934 0.217261 0.0630654
0 2.15385e-16 -0.00602361 -0.00105824 -0.00108277 -7.85876e-05 0.217457 0.0630852
0 2.15385e-16 -0.00172604 -0.000289215 0.00177185 0.000297451 0.217866 0.0638156
0 2.15385e-16 0.000589308 0.000131783 0.00075397 0.000207047 0.217743 0.0627041
0 2.15385e-16 0.00291188 0.000423569 -0.00392243 -0.000649274 0.218596 0.0631534
0 2.15385e-16 -0.00103579 -0.000192183 0.00172081 0.000136857 0.217423 0.0639492
0 2.15385e-16 -0.00050205 -0.000123885 -0.00012344 7.38341e-05 0.21439 0.0638445
0 2.15385e-16 0.00126988 0.000239392 -0.0004763 -4.65342e-05 0.216333 0.0638214
0 2.15385e-16 -0.00112963 -0.000200553 -0.00106814 -0.00025111 0.216501 0.0634782
0 2.15385e-16 0.000378162 6.72444e-05 -0.00223174 -0.000310528 0.216278 0.0635125
0 2.15385e-16 -0.00300826 -0.000533961 -9.35049e-05 1.4236e-05 0.217465 0.0635904
0 2.15385e-16 0.00176506 0.000385144 0.00313125 0.000465592 0.217192 0.0630342
0 2.15385e-16 -0.000452277 -7.03559e-05 -0.0021719 -0.00028624 0.217464 0.0633258
0 2.15385e-16 -0.00288148 -0.000488976 -0.00180085 -0.000276129 0.216961 0.0635695
0 2.15385e-16 0.00382651 0.000642517 0.000178639 5.26657e-05 0.2167 0.0635512
0 2.15385e-16 -0.000895959 -0.00011402 -0.00256559 -0.000462578 0.21774 0.0636364
0 2.15385e-16 -0.00200351 -0.000407896 -0.00213388 -0.000383279 0.217524 0.0633237
0 2.15385e-16 0.00272537 0.000389787 0.00337577 0.000665053 0.217868 0.0638369
0 2.15385e-16 -0.00128278 -0.00027318 -0.00125947 -0.000173814 0.217908 0.0636161
0 2.15385e-16 -0.00106629 -9.36293e-05 0.00220005 0.000334904 0.215665 0.0633956
0 2.15385e-16 -0.000782432 -0.000139736 0.000270586 5.74348e-06 0.217332 0.063318
0 2.15385e-16 -0.00328055 -0.00055224 -0.001565 -0.000343557 0.218062 0.0636418
0 2.15385e-16 -0.00163167 -0.000230492 -3.58683e-05 1.5234e-05 0.216238 0.063386
0 2.15385e-16 -0.00225547 -0.000509834 0.000312201 5.65365e-06 0.217759 0.0634536
0 2.15385e-16 -0.00202227 -0.000480516 0.000994757 0.000122404 0.217375 0.0637415
0 2.15385e-16 -0.00174447 -0.000406521 0.00114205 0.000113137 0.216896 0.0633724
0 2.15385e-16 0.00142972 0.00019613 -0.00176486 -0.000305665 0.217491 0.0628071
0 2.15385e-16 0.000812791 0.000237369 -7.19474e-07 4.6573e-05 0.216864 0.0631849
0 2.15385e-16 -0.000188774 9.31781e-05 -0.00170237 -0.000331115 0.217577 0.0632463
0 2.15385e-16 -0.00133696 -0.000217447 -0.0023056 -0.000371991 0.217508 0.0631975
0 2.15385e-16 0.00300142 0.000405793 0.00140802 0.000270402 0.216926 0.0640471
0 2.15385e-16 0.00268716 0.000378784 -0.00117783 -0.000130663 0.215794 0.0633304
0 2.15385e-16 0.000384848 -2.57178e-05 -0.00220459 -0.000308241 0.21849 0.0632926
0 2.15385e-16 0.000292261 3.9368e-05 0.000226197 -4.08226e-05 0.216613 0.0627953
0 2.15385e-16 -0.000328118 -9.12405e-05 0.00125286 0.000290579 0.216979 0.0641579
0 2.15385e-16 0.000794532 9.03235e-05 0.000551225 0.000128713 0.21452 0.063385
0 2.15385e-16 -0.00151671 -0.000277641 -0.000524283 -8.60833e-05 0.217282 0.0632843
0 2.15385e-16 0.000183772 -5.77925e-05 0.000315846 1.6262e-07 0.216624 0.0623597
0 2.15385e-16 -0.00194704 -0.000418886 -0.000310451 -6.78297e-05 0.21713 0.063852
0 2.15385e-16 0.00074098 7.97798e-05 0.00467963 0.000734333 0.216469 0.0635632
0 2.15385e-16 -8.28621e-05 3.90863e-05 -0.0013993 -0.000127945 0.217223 0.0639706
0 2.15385e-16 -0.00285623 -0.000486868 0.00232479 0.00043496 0.216246 0.0630419
0 2.15385e-16 0.0015605 0.000241902 -0.000138873 -5.20526e-05 0.217036 0.0633038
0 2.15385e-16 0.00316936 0.000526888 -0.00437884 -0.000831692 0.216582 0.0634026
0 2.15385e-16 0.00490549 0.000896493 -9.93262e-05 -3.19532e-05 0.217613 0.0632414
0 2.15385e-16 0.0012849 0.000228913 -0.00152807 -0.000165285 0.217499 0.0635478
0 2.15385e-16 -0.000706605 -9.02115e-05 -0.00262699 -0.000356574 0.217508 0.0636784
0 2.15385e-16 0.00196064 0.000199657 -0.0024789 -0.000402908 0.216387 0.0636057
0 2.15385e-16 -0.000675634 -0.000175206 0.0025798 0.00049319 0.217438 0.0634957
0 2.15385e-16 -0.000285342 -0.000203537 0.00117885 4.26159e-05 0.216414 0.0630168
0 2.15385e-16 -0.00158919 -0.000208726 0.000547282 0.000141613 0.21778 0.0635216
0 2.15385e-16 0.000832409 0.000153064 -0.00176853 -0.000296406 0.21705 0.0630095
0 2.15385e-16 0.00411528 0.000767698 0.000162194 6.7128e-05 0.216948 0.0636325
0 2.15385e-16 0.00344703 0.0006112 -0.00130379 -0.000175556 0.216882 0.063436
0 2.15385e-16 -0.000884129 -0.000321516 -0.000297944 -0.000159903 0.215585 0.063749
0 2.15385e-16 -0.000561754 -5.11553e-05 0.0022418 0.000350068 0.216991 0.0640739
0 2.15385e-16 0.000491604 4.83893e-05 0.000738822 0.000222644 0.216707 0.0629931
0 2.15385e-16 0.000232064 -0.000110211 -0.000942704 -0.000187858 0.216353 0.0635765
0 2.15385e-16 0.000148506 -0.000101793 0.00362158 0.00056244 0.216297 0.0634939
0 2.15385e-16 -0.000792924 -0.00018846 0.00138158 0.00021927 0.216174 0.0636889
0 2.15385e-16 0.00355942 0.000630942 -0.0010196 -2.76521e-05 0.216741 0.063581
0 2.15385e-16 -0.00127022 -0.000353197 0.000796322 0.000178588 0.217189 0.0630106
0 2.15385e-16 0.00100951 9.04846e-05 0.00053701 -2.78245e-05 0.217665 0.0635634
0 2.15385e-16 -0.00118612 -0.000418278 0.000628094 0.000100211 0.217245 0.062536
0 2.15385e-16 0.000346206 0.000126647 -0.000945236 -5.91058e-05 0.216914 0.0633858
0 2.15385e-16 -0.00213409 -0.000398285 0.0039452 0.000697964 0.216762 0.0629465
0 2.15385e-16 -0.00199745 -0.000401584 -0.00389978 -0.000568381 0.21811 0.0632612
0 2.15385e-16 -0.000352233 -4.5705e-05 -0.00166143 -0.000398611 0.216576 0.0626663
0 2.15385e-16 0.00044918 6.75086e-05 0.000668807 0.000149019 0.215493 0.0632152
0 2.15385e-16 -0.0010115 -0.000170634 -0.00200917 -0.000240373 0.216525 0.0634777
0 2.15385e-16 -0.00105459 -0.000166339 0.000491823 0.00029367 0.217519 0.0632711
0 2.15385e-16 -0.00327042 -0.000587866 -0.000176645 -5.21041e-05 0.217724 0.0633813
0 2.15385e-16 -0.000378417 -3.77768e-05 -0.00376998 -0.000642046 0.218407 0.0637102
0 2.15385e-16 -0.00278404 -0.000480163 -0.00137398 -0.000165675 0.216745 0.0647167
0 2.15385e-16 2.38926e-05 0.000164793 -0.00256807 -0.000413176 0.218007 0.063529
0 2.15385e-16 0.00213669 0.000401018 -0.000611925 -0.000193285 0.216608 0.0633442
0 2.15385e-16 -0.00349706 -0.000638132 0.00213835 0.000351767 0.2171 0.063663
0 2.15385e-16 0.00128079 0.000355335 0.000276299 7.56358e-05 0.215998 0.0627389
0 2.15385e-16 0.00145617 0.000107324 -0.000388432 -7.73204e-05 0.215914 0.0643543
0 2.15385e-16 0.00113506 9.15663e-05 0.00104123 0.000156879 0.218064 0.0633964
0 2.15385e-16 0.00300541 0.000589744 0.00233499 0.000318732 0.217695 0.0627606
0 2.15385e-16 -0.000539664 -3.9364e-06 0.00109143 -6.25821e-06 0.215998 0.0636045
0 2.15385e-16 -0.00173697 -0.000451656 -0.00344827 -0.000537073 0.217835 0.0638414
0 2.15385e-16 -3.89971e-05 3.22383e-05 0.0014456 0.000294173 0.216705 0.0633683
0 2.15385e-16 0.000346237 -0.00012173 -0.000256248 2.28518e-05 0.216775 0.0631391
0 2.15385e-16 0.00039602 0.000108088 0.00137038 7.41602e-05 0.217866 0.0637114
0 2.15385e-16 -0.000334437 -0.000138982 0.000244705 6.01951e-05 0.21523 0.0627736
0 2.15385e-16 0.00327135 0.000398486 0.000661533 0.000155064 0.216905 0.0628159
0 2.15385e-16 0.000673772 0.000188572 0.00125974 0.000224369 0.216449 0.0638013
0 2.15385e-16 0.000510253 9.62253e-05 0.00089004 0.000130562 0.217136 0.0621726
0 2.15385e-16 0.00124264 0.000105777 -0.00518538 -0.000830954 0.217802 0.0633383
0 2.15385e-16 -0.00149319 -0.000271473 0.000578335 0.000161503 0.216348 0.0633282
0 2.15385e-16 -0.000244382 -8.17242e-05 0.00157347 0.000203028 0.2169 0.0622858
0 2.15385e-16 0.00207482 0.00038251 0.00119848 0.000312116 0.216808 0.0634681
0 2.15385e-16 -0.00104227 -0.000223966 -0.000187331 -0.000115319 0.216745 0.0632685
0 2.15385e-16 -0.00232884 -0.000389431 0.00122021 0.000171933 0.216454 0.0628472
0 2.15385e-16 -0.000706878 -6.31029e-05 0.00220799 0.000348734 0.216654 0.0636732
0 2.15385e-16 0.000412388 9.52514e-05 -0.003015 -0.000568402 0.217624 0.0634802
0 2.15385e-16 -0.00033629 -0.000155929 -0.000402829 -6.12027e-05 0.215398 0.0635826
0 2.15385e-16 0.00171051 0.00035443 -0.00226757 -0.000431557 0.217383 0.0628042
0 2.15385e-16 0.000890616 0.00012332 -0.00211724 -0.000223047 0.217952 0.0632472
0 2.15385e-16 -0.00169832 -0.000473005 0.00197738 9.99035e-05 0.216414 0.0641025
0 2.15385e-16 -8.21652e-05 -8.50177e-05 0.00115359 0.00023039 0.215838 0.0633049
0 2.15385e-16 -0.00326133 -0.000658061 0.000577482 7.06778e-05 0.217302 0.0633785
0 2.15385e-16 -0.00182321 -0.000269686 0.00455523 0.000669205 0.216314 0.0633736
0 2.15385e-16 -0.00264522 -0.00044747 -0.0037609 -0.000687832 0.21729 0.0636217
0 2.15385e-16 -6.56356e-05 -3.71079e-05 -0.00108398 -0.00022752 0.216326 0.0639526
0 2.15385e-16 -0.000214802 -0.000209164 0.000339151 8.2678e-05 0.216331 0.0633248
0 2.15385e-16 -0.000891032 -3.69802e-05 9.7201e-05 -0.000112082 0.216873 0.0634153
0 2.15385e-16 -0.00393847 -0.000657653 0.000101074 0.000103742 0.217815 0.0632737
0 2.15385e-16 0.000921055 8.92713e-05 0.00245189 0.000392055 0.217979 0.062745
0 2.15385e-16 0.000223917 3.76631e-05 0.000563478 0.000113043 0.216647 0.06307
0 2.15385e-16 -0.00147393 -0.00026139 -0.000259197 -4.3724e-05 0.216453 0.0632889
0 2.15385e-16 -0.000490118 -0.000100836 -0.00122538 -0.000136323 0.217364 0.0637782
0 2.15385e-16 -0.000280077 7.38241e-06 0.00104288 6.03497e-06 0.217087 0.0634416
0 2.15385e-16 -0.000826646 -0.000144107 0.000855202 0.000278584 0.217179 0.062967
0 2.15385e-16 0.00164629 0.000193833 -0.00259315 -0.000478651 0.21589 0.0625319
0 2.15385e-16 0.00183221 0.000447682 -0.00394955 -0.000499108 0.217117 0.0634633
0 2.15385e-16 -0.00122069 -0.000196154 -0.000951384 -0.000145693 0.217436 0.0637101
0 2.15385e-16 0.000947008 6.89762e-05 -0.00131511 -0.000121795 0.216392 0.0634439
0 2.15385e-16 -0.0036398 -0.000676487 -0.0018635 -0.000340097 0.2171 0.0632024
0 2.15385e-16 -0.00103497 -0.000301261 -0.000569015 -3.14374e-05 0.217662 0.0633767
0 2.15385e-16 -0.000945915 -0.000226874 -0.00224318 -0.000379068 0.217217 0.0637783
0 2.15385e-16 -0.00185443 -0.000542312 -0.000398218 4.82899e-05 0.216673 0.0636241
0 2.15385e-16 0.00152775 0.000320856 -0.00118635 -0.000295561 0.216087 0.0639447
0 2.15385e-16 0.00053977 0.000121793 0.000947583 7.51339e-05 0.215877 0.06325
0 2.15385e-16 -0.00142673 -0.000212174 -0.00167346 -0.00038084 0.216965 0.0633017
0 2.15385e-16 -0.000500186 1.28036e-05 -0.00178048 -0.000290679 0.217278 0.0635453
0 2.15385e-16 -0.000914153 -0.000129166 0.00110744 0.000176937 0.216845 0.0628102
0 2.15385e-16 0.00183433 0.000380907 -0.000898666 -4.28395e-05 0.21586 0.0627835
0 2.15385e-16 0.00406007 0.000639451 -1.35869e-05 -9.12073e-05 0.216681 0.0637726
0 2.15385e-16 0.00102956 0.000158751 -0.000124117 -8.71767e-05 0.216927 0.0631771
0 2.15385e-16 0.00175674 0.000316102 0.00175533 0.000328195 0.216466 0.0624779
0 2.15385e-16 6.14588e-05 6.23102e-05 -0.000911449 -0.000178898 0.217216 0.0625767
0 2.15385e-16 -0.00137195 -0.000105663 -0.00316688 -0.000519399 0.217677 0.0638704
0 2.15385e-16 0.000225806 0.000109266 -0.000765262 -8.55488e-05 0.217153 0.0630535
0 2.15385e-16 -0.00103502 -0.000122393 0.00248856 0.000444111 0.217696 0.0631659
0 2.15385e-16 0.000927784 0.00019065 -0.000337925 3.93403e-05 0.217296 0.0630478
0 2.15385e-16 0.00142516 0.00023043 -0.000395232 -8.93092e-05 0.216737 0.0635739
0 2.15385e-16 0.00269828 0.000378667 0.00254222 0.000433828 0.217742 0.0634564
0 2.15385e-16 -0.00130758 -0.000254633 0.000169543 4.88595e-05 0.216539 0.0633754
0 2.15385e-16 -0.00167688 -0.00025653 0.001251 0.00018869 0.217785 0.0632194
0 2.15385e-16 0.00103207 0.000240933 -0.00329379 -0.000694053 0.217073 0.063025
0 2.15385e-16 -0.000296036 -1.80557e-05 0.00327733 0.000474 0.218116 0.0628825
0 2.15385e-16 -0.00247848 -0.00046547 -0.00216732 -0.000228335 0.218088 0.0642789
0 2.15385e-16 0.00210362 0.000425295 0.000150304 8.50539e-05 0.217373 0.0629147
0 2.15385e-16 -0.00376442 -0.000632069 -0.00120752 -0.000249019 0.217821 0.063389
0 2.15385e-16 0.00260356 0.000451553 -0.00183152 -0.000313626 0.217555 0.0635655
0 2.15385e-16 -0.00024445 -0.000172475 -0.00121828 -0.00027175 0.215134 0.0640398
0 2.15385e-16 0.00174007 0.000235782 0.000509562 4.96353e-05 0.217291 0.0642377
0 2.15385e-16 0.0026667 0.000455921 -0.00153862 -0.000206424 0.217099 0.0633485
0 2.15385e-16 0.000291841 6.87497e-05 -0.00374165 -0.000554998 0.218204 0.063953
0 2.15385e-16 -0.000923119 -0.000154132 -0.00250376 -0.000339442 0.216973 0.0640974
0 2.15385e-16 0.000898012 0.000266346 -0.00176419 -0.000249735 0.21691 0.0628979
0 2.15385e-16 -0.00363229 -0.000802815 -0.00253493 -0.000476579 0.217676 0.0637185
0 2.15385e-16 0.00144071 0.0002141 0.000195284 -5.05522e-05 0.216094 0.0633943
0 2.15385e-16 0.000411672 9.87921e-05 -0.00163981 -0.000162462 0.216373 0.0629192
0 2.15385e-16 -0.000988657 -0.000136135 0.00146926 0.000277038 0.216602 0.0632158
0 2.15385e-16 -0.00240616 -0.000391327 -0.000902809 -8.77086e-05 0.216656 0.0638514
0 2.15385e-16 -0.00140235 -0.000251951 0.00109113 0.000191961 0.216359 0.0628904
0 2.15385e-16 0.0017748 0.000385067 -0.000814757 -0.00017915 0.217224 0.0626024
0 2.15385e-16 -0.00128686 -0.000219269 0.00147872 0.000160306 0.21655 0.0639036
0 2.15385e-16 -0.00135579 -9.56405e-05 0.000154161 1.37152e-05 0.216415 0.0638383
0 2.15385e-16 0.000160357 -2.37038e-05 -0.00181537 -0.000280229 0.216645 0.062598
0 2.15385e-16 0.000793334 0.00021594 0.000230857 4.67061e-05 0.216175 0.0637352
0 2.15385e-16 -0.000237675 -7.39176e-05 -0.00343261 -0.000578566 0.218567 0.0627098
0 2.15385e-16 -0.00192284 -0.0002834 0.000366037 0.000106551 0.217271 0.0637867
0 2.15385e-16 -0.00139476 -0.000410322 -0.000193788 -3.69934e-05 0.217244 0.0628163
0 2.15385e-16 0.000647173 9.10379e-05 0.000317682 0.00012873 0.216416 0.0628065
0 2.15385e-16 -0.000851677 -8.40637e-05 0.000618512 3.81614e-05 0.217805 0.0631853
0 2.15385e-16 0.000514085 0.000136071 -0.000163302 -0.000142485 0.216598 0.0634656
0 2.15385e-16 0.00014688 3.81106e-05 0.00104254 0.000108129 0.216669 0.0631792
0 2.15385e-16 0.00165082 0.000249924 0.00296944 0.000547644 0.217604 0.062887
0 2.15385e-16 0.00121004 0.000283582 -0.00180016 -0.000379493 0.216788 0.0636912
0 2.15385e-16 0.00198641 0.000255493 0.00289871 0.000564548 0.216622 0.0636619
0 2.15385e-16 -0.000498989 8.01649e-05 0.00138013 0.000261266 0.21731 0.0634404
0 2.15385e-16 -0.00185529 -0.000275875 -0.00184198 -0.000208 0.218162 0.0632844
0 2.15385e-16 0.000360207 0.00019232 0.000727888 0.000237683 0.216415 0.0637697
0 2.15385e-16 -0.000953705 -0.000107627 -0.0013763 -5.16645e-05 0.217482 0.0632483
0 2.15385e-16 0.00339836 0.000484933 0.0023899 0.000401078 0.21668 0.0632738
0 2.15385e-16 -0.00243704 -0.000404435 -0.000736855 -0.00012459 0.216771 0.0638134
0 2.15385e-16 -0.000232501 -0.000109074 0.00214603 0.000290714 0.21781 0.0636907
0 2.15385e-16 0.00098595 0.000150258 0.00207667 0.000379759 0.217237 0.0630807
0 2.15385e-16 -0.00362413 -0.000586973 -0.00345957 -0.000668545 0.217804 0.0637885
0 2.15385e-16 -0.000710635 -1.66721e-05 0.000486349 5.29929e-05 0.216836 0.0632988
0 2.15385e-16 0.00498053 0.000804358 -0.000434558 -0.000109714 0.21789 0.0632257
0 2.15385e-16 0.00124135 0.000215722 0.00126981 0.000167153 0.216913 0.0635203
0 2.15385e-16 0.00108651 0.000349651 0.000354344 8.1113e-06 0.217707 0.0627569
0 2.15385e-16 0.000764825 0.000242137 -0.00012103 -0.00014493 0.215973 0.0633976
0 2.15385e-16 -0.00393715 -0.000628019 -0.00174637 -0.00032034 0.21738 0.0632899
0 2.15385e-16 0.000129922 -9.52001e-05 0.00158638 0.000318376 0.216836 0.0631886
0 2.15385e-16 -7.72786e-05 1.74749e-06 0.000250829 -2.41061e-05 0.216574 0.0629035
0 2.15385e-16 0.00320649 0.000655387 -0.00249478 -0.000346024 0.217758 0.0635765
0 2.15385e-16 -0.00438241 -0.000591156 0.000877995 0.000171838 0.217596 0.0635808
0 2.15385e-16 -0.000833644 -0.00016808 -0.000373165 -1.12283e-05 0.216953 0.0638399
0 2.15385e-16 -0.00140277 -0.000164762 -0.000236637 -3.62698e-05 0.216846 0.063668
0 2.15385e-16 -0.00339327 -0.000476981 -0.00102802 -0.000228042 0.217831 0.0640328
0 2.15385e-16 -0.000960905 -0.000233598 -0.00179461 -0.000255584 0.218066 0.0635782
0 2.15385e-16 0.000577981 0.000108587 0.000121343 -1.221e-05 0.217515 0.0628483
0 2.15385e-16 -0.000122925 -4.45751e-05 0.00203917 0.000265695 0.216842 0.0634773
0 2.15385e-16 -0.00190899 -0.000402411 -0.00154132 -0.000254528 0.216651 0.0636376
0 2.15385e-16 0.000539689 -2.72799e-05 -0.0018379 -0.000383816 0.216582 0.063342
0 2.15385e-16 -0.00198772 -0.00029926 -0.000157011 -1.37519e-05 0.216403 0.0634434
0 2.15385e-16 -0.000942165 -0.000126414 8.73269e-05 2.75357e-05 0.216464 0.0628603
0 2.15385e-16 0.00117699 0.000125582 0.000345228 0.000180006 0.215497 0.0639453
0 2.15385e-16 0.00228616 0.000386969 -0.00245664 -0.000367645 0.216158 0.0637326
0 2.15385e-16 -0.00022622 3.02225e-05 -0.0017845 -0.000254614 0.217163 0.0638224
0 2.15385e-16 0.000704505 0.000179053 0.00364812 0.000635487 0.216765 0.0626016
0 2.15385e-16 -0.00109809 -0.000190868 -0.000581073 -0.000158441 0.217826 0.0623763
0 2.15385e-16 -0.00192505 -0.000389241 0.000551091 3.6456e-05 0.216486 0.0635674
0 2.15385e-16 -0.00120559 -0.000211372 -0.000510258 2.36483e-05 0.216773 0.0635528
0 2.15385e-16 -0.00175497 -0.000288483 -0.000746718 -4.7651e-05 0.217596 0.0639557
0 2.15385e-16 0.00120181 0.000168044 0.00428049 0.000568567 0.217001 0.0630341
0 2.15385e-16 -0.000828954 -0.000362189 -0.00141013 -0.000236201 0.217495 0.0630195
0 2.15385e-16 -0.000559734 -6.25098e-05 0.000588549 3.35834e-05 0.21603 0.063663
0 2.15385e-16 0.00188339 0.000234141 8.69078e-05 2.32536e-05 0.216319 0.0633323
0 2.15385e-16 0.000748079 0.000123215 -0.00259612 -0.000416931 0.215936 0.0635976
0 2.15385e-16 -0.000118691 -1.22521e-05 0.00195393 0.000260422 0.216924 0.0635202
0 2.15385e-16 -0.000357019 -0.000108033 -0.00151345 -0.000164229 0.217027 0.06328
0 2.15385e-16 0.000991363 0.000216702 0.000937517 0.000112976 0.216243 0.063243
0 2.15385e-16 -0.000475661 -5.86254e-05 -0.000512711 -0.000121645 0.2164 0.0628961
0 2.15385e-16 -0.00112857 -0.000275914 -0.000647031 -0.000102364 0.217225 0.0631577
0 2.15385e-16 -0.000547679 -0.00016004 0.00189117 0.000280727 0.216093 0.0637862
0 2.15385e-16 0.000322381 9.07775e-05 -0.00138118 -0.00021176 0.217355 0.0634277
0 2.15385e-16 -0.00176342 -0.000278686 0.000393901 0.00013033 0.21709 0.0629891
0 2.15385e-16 -0.000310212 -2.08678e-05 0.00143267 0.000196109 0.216559 0.0632315
0 2.15385e-16 0.001521 0.000127004 -0.000359998 -4.59875e-05 0.21569 0.062889
0 2.15385e-16 0.00099059 0.000240369 -0.000365175 -6.20863e-05 0.216697 0.0626902
0 2.15385e-16 0.00263192 0.000472235 -0.00214469 -0.000369651 0.216066 0.0635107
0 2.15385e-16 -0.00208494 -0.000289599 -0.00177637 -0.000225616 0.217016 0.0638883
0 2.15385e-16 0.00145945 0.000161345 -0.0031582 -0.000546782 0.217754 0.0632435
0 2.15385e-16 0.00234585 0.000557818 -0.00116837 -0.000243459 0.215864 0.0631803
0 2.15385e-16 0.000558867 0.000187073 4.52903e-05 -9.66331e-05 0.216624 0.0627688
0 2.15385e-16 -0.0012035 -0.000142845 -0.000533038 -0.000120237 0.217572 0.0634093
0 2.15385e-16 0.00216441 0.000322864 -0.00153108 -0.000294166 0.216817 0.0636946
0 2.15385e-16 -6.30519e-05 -9.36612e-05 -0.000545442 -0.000145437 0.21619 0.0633263
0 2.15385e-16 -0.000376681 -9.85897e-05 0.00211581 0.000320973 0.215803 0.0632011
0 2.15385e-16 -0.00158566 -0.000352605 0.000889144 0.000157659 0.216535 0.0634233
0 2.15385e-16 0.0017798 0.000281272 -0.00242556 -0.000564048 0.217302 0.062688
0 2.15385e-16 -0.000756969 -0.000183899 0.00222911 0.00037075 0.215438 0.0632439
0 2.15385e-16 0.00215183 0.000380309 0.00081783 0.000125513 0.217873 0.0633387
0 2.15385e-16 0.00101983 0.00022818 -0.000477024 -0.000270715 0.216598 0.0632096
0 2.15385e-16 0.00267073 0.000476836 0.00150362 0.000312375 0.217019 0.0633228
0 2.15385e-16 8.86144e-05 8.25356e-05 -0.00287726 -0.000473432 0.217311 0.0638057
0 2.15385e-16 -0.000962616 -0.000179953 0.00350361 0.00074978 0.217014 0.0632772
0 2.15385e-16 0.00103638 5.4749e-05 0.000533174 0.000144676 0.217247 0.0639859
0 2.15385e-16 0.000201408 9.267e-05 -0.000361864 2.57218e-05 0.215478 0.0638029
0 2.15385e-16 0.000417529 4.11254e-05 -0.00130437 -0.0002425 0.216755 0.0630516
0 2.15385e-16 -0.00180654 -0.000402915 -0.000662014 -9.44559e-05 0.217721 0.0630144
0 2.15385e-16 -0.00161742 -0.000321454 0.00216428 0.000417189 0.216426 0.0632109
0 2.15385e-16 0.00169457 0.000272185 -0.000747146 1.88553e-05 0.215038 0.0630256
0 2.15385e-16 0.00503881 0.000932087 0.00216732 0.000325291 0.217613 0.0633706
0 2.15385e-16 0.0017471 0.000319837 -0.0032484 -0.000531055 0.217572 0.0631104
0 2.15385e-16 0.00208519 0.00036214 0.00013977 7.1926e-05 0.217319 0.0632694
0 2.15385e-16 -0.000449877 0.000224753 -0.00559372 -0.000900035 0.217735 0.0641705
0 2.15385e-16 -0.00281358 -0.000460598 -0.00170228 -0.000368501 0.217525 0.0644414
0 2.15385e-16 0.000334017 0.000122466 -0.00186505 -0.000323108 0.218285 0.0633105
0 2.15385e-16 0.00145638 0.000225555 -0.00100142 -0.000147487 0.217054 0.0637607
0 2.15385e-16 0.000314365 -0.000120552 -0.00178533 -0.000258361 0.218174 0.063301
0 2.15385e-16 0.000656654 0.000185928 -0.00175473 -0.000223367 0.217695 0.062954
0 2.15385e-16 -5.0987e-05 2.32654e-05 0.000777706 6.15423e-05 0.217523 0.0630946
0 2.15385e-16 -0.0013408 -0.000313546 -0.00111528 -0.000193513 0.217526 0.063532
0 2.15385e-16 -0.00116975 -5.93735e-05 0.00253672 0.000496645 0.217169 0.0632179
0 2.15385e-16 -0.00211761 -0.000393197 0.000388649 -4.30068e-05 0.218482 0.0635016
0 2.15385e-16 -0.00232233 -0.000438884 0.00290676 0.000313429 0.216811 0.0629599
0 2.15385e-16 -0.000447033 0.000125839 -0.00258542 -0.000456065 0.216619 0.0642595
0 2.15385e-16 -0.00201832 -0.000426225 0.000782865 7.59203e-05 0.217468 0.0634865
0 2.15385e-16 -0.00243206 -0.000331567 0.00427672 0.000699604 0.216528 0.0633093
0 2.15385e-16 -7.87322e-05 -5.57729e-05 0.000830182 0.000161625 0.215505 0.0631405
0 2.15385e-16 0.00181918 0.000359762 4.9935e-05 5.15119e-05 0.217013 0.0636959
0 2.15385e-16 -0.00125677 -0.000256463 -0.000442041 -0.000190401 0.216344 0.0633095
0 2.15385e-16 0.000154793 -3.89762e-05 -0.000783998 9.4444e-06 0.217082 0.0628374
0 2.15385e-16 0.000886709 0.000227673 -0.00183229 -0.000417141 0.217091 0.0631491
0 2.15385e-16 -0.0032942 -0.000607333 0.000719998 5.63387e-05 0.218316 0.063778
0 2.15385e-16 0.00172127 0.00030096 0.00255509 0.00045215 0.216332 0.0633258
0 2.15385e-16 0.00128049 0.000423664 -0.000614887 -0.000173761 0.216147 0.0631536
0 2.15385e-16 -0.000895847 -0.000252494 -0.00311817 -0.000486285 0.21707 0.0645535
0 2.15385e-16 -0.000356465 -0.000137274 -0.000112581 -0.000121864 0.215727 0.0627621
0 2.15385e-16 0.00320336 0.000495348 -0.00116358 -0.000294819 0.218337 0.063394
0 2.15385e-16 0.00133575 0.000212763 9.77961e-05 5.93482e-05 0.216261 0.0629087
0 2.15385e-16 0.000237075 -7.09556e-05 0.000316032 -3.6602e-05 0.216125 0.0629115
0 2.15385e-16 -0.00319504 -0.000687209 -0.00228193 -0.000218765 0.219072 0.063845
0 2.15385e-16 -0.00495489 -0.000887889 -0.000796646 -0.000161702 0.217733 0.0634984
0 2.15385e-16 0.0013347 0.000134905 -0.00106801 -0.000106609 0.217744 0.0630148
0 2.15385e-16 3.37294e-05 2.34063e-05 0.00112484 0.000260152 0.215848 0.0627134
0 2.15385e-16 -0.00283012 -0.000459104 0.00158238 0.000313874 0.217319 0.0637984
0 2.15385e-16 -0.00165117 -0.00032489 -0.00156888 -0.000135805 0.217736 0.0633926
0 2.15385e-16 0.0015168 0.000442914 -0.000971315 -9.26616e-05 0.217606 0.0631049
0 2.15385e-16 -0.00379531 -0.000694377 -0.00156488 -0.000186004 0.217644 0.0636944
0 2.15385e-16 -0.00233034 -0.000387159 -0.00268465 -0.000296897 0.218224 0.0635197
0 2.15385e-16 -0.000342904 -0.000195028 -0.00316425 -0.00055727 0.217368 0.0637127
0 2.15385e-16 -0.00315821 -0.000519189 -0.000280901 -0.000102766 0.217704 0.0637947
0 2.15385e-16 0.00272322 0.00038997 0.00269493 0.000532042 0.216759 0.0641265
0 2.15385e-16 0.000611986 9.91936e-05 0.00120994 0.000289445 0.217724 0.0626231
0 2.15385e-16 -0.00199673 -0.000329823 -0.00224557 -0.000367671 0.218357 0.0636601
0 2.15385e-16 0.000183393 8.47295e-05 0.00177622 0.000313885 0.218233 0.0631448
0 2.15385e-16 0.00388371 0.000650998 0.0017032 0.000365183 0.217109 0.0636822
0 2.15385e-16 0.000203572 -0.000109442 0.00197038 0.000371848 0.216977 0.0633029
0 2.15385e-16 -0.00273305 -0.000326957 -0.00444982 -0.000737734 0.217582 0.0635444
0 2.15385e-16 0.00394847 0.000792025 -0.00215634 -0.000362392 0.217634 0.0630407
0 2.15385e-16 -0.000116385 -5.65919e-05 -0.00271755 -0.000423025 0.217941 0.0643451
0 2.15385e-16 0.00307309 0.00054923 0.00110943 0.000101541 0.217607 0.0634418
0 2.15385e-16 -0.000848038 -0.000128149 0.00163799 0.000160858 0.216436 0.0631103
0 2.15385e-16 0.00296068 0.000513122 0.000269215 5.57665e-07 0.217002 0.0634773
0 2.15385e-16 0.00136302 0.000126313 -0.00152655 -0.000191921 0.216422 0.0631999
0 2.15385e-16 0.000197849 -4.71965e-05 -0.000938532 -0.000102369 0.216025 0.0637465
0 2.15385e-16 0.00128506 0.000221957 -0.00125313 -0.000221077 0.21727 0.063699
0 2.15385e-16 0.00183815 0.000321717 8.399e-06 -3.43419e-05 0.217366 0.0631114
0 2.15385e-16 -0.00191824 -0.000359616 0.00225067 0.000342996 0.217636 0.0630855
0 2.15385e-16 0.00292181 0.0003836 0.000656031 0.000129725 0.217497 0.0634471
0 2.15385e-16 -0.00179453 -0.000387453 -0.00364608 -0.00057782 0.217454 0.0638399
0 2.15385e-16 0.00134233 0.00024993 -0.00168062 -0.000251036 0.216427 0.063408
0 2.15385e-16 0.00115251 0.000140306 0.000240027 0.000106622 0.215881 0.0636467
0 2.15385e-16 4.27586e-05 -4.31542e-05 -0.00303458 -0.000467588 0.217804 0.063827
0 2.15385e-16 0.000622926 0.000221772 0.00181893 0.000283527 0.217586 0.0637121
0 2.15385e-16 0.000746418 0.000233387 -0.00213296 -0.000319167 0.217506 0.0637664
0 2.15385e-16 0.00114076 0.000292292 0.00347983 0.000596581 0.216037 0.0636418
0 2.15385e-16 -0.00339231 -0.000720419 0.000411446 3.27538e-05 0.216695 0.0634087
0 2.15385e-16 0.00134421 0.000134324 -0.000269463 -4.78782e-05 0.216638 0.0635173
0 2.15385e-16 0.00313334 0.000493729 -0.00211035 -0.000507435 0.217447 0.0623178
0 2.15385e-16 0.0030628 0.000479134 -0.00361014 -0.00049604 0.216152 0.0636788
0 2.15385e-16 0.00133099 0.000333996 0.00256107 0.000399497 0.216833 0.0635171
0 2.15385e-16 -7.97988e-05 -2.58843e-05 -0.00113252 -0.000110916 0.216652 0.0623602
0 2.15385e-16 0.000928469 0.000171383 0.000518749 7.55614e-05 0.2168 0.0627011
0 2.15385e-16 0.00466892 0.000721458 -0.00271683 -0.000491185 0.216965 0.0639932
0 2.15385e-16 -0.00164987 -0.000447905 -0.0032348 -0.000397691 0.218263 0.063696
0 2.15385e-16 -0.0029206 -0.000660349 0.000673116 -3.0479e-05 0.217965 0.0629402
0 2.15385e-16 0.00633059 0.00108227 -0.000321989 -5.94986e-05 0.2157 0.0641935
0 2.15385e-16 -0.000731773 -8.83783e-05 0.00529606 0.000859562 0.216768 0.0630563
0 2.15385e-16 -0.00198163 -0.000269478 -0.0008685 -0.000124096 0.217292 0.0637025
0 2.15385e-16 0.00343712 0.000650974 -0.0020354 -0.000270074 0.217529 0.0630753
0 2.15385e-16 -0.00288594 -0.000567629 -0.00035863 -7.54036e-05 0.217982 0.0637936
0 2.15385e-16 -0.000749651 -6.24548e-05 -0.00119292 -0.000247914 0.216298 0.0632139
0 2.15385e-16 0.00103913 0.000299805 -0.000758349 -0.000211151 0.217322 0.0626932
0 2.15385e-16 -0.000790046 -0.000239519 0.00254229 0.000222337 0.216839 0.0628452
0 2.15385e-16 -0.00368155 -0.000493609 -0.000828224 -0.000116168 0.216849 0.0641719
0 2.15385e-16 -0.000616245 -0.000227806 0.000177475 0.000174913 0.215852 0.0634984
0 2.15385e-16 -0.000386959 -0.000125967 0.000769485 5.88288e-05 0.215318 0.063695
0 2.15385e-16 0.00208735 0.000364577 -0.000167238 2.48045e-05 0.216147 0.0631236
0 2.15385e-16 -0.00055138 -0.000137214 -0.00165478 -0.000166618 0.218466 0.0634535
0 2.15385e-16 0.00142404 4.49935e-05 -0.00112009 -6.31536e-05 0.216688 0.0636373
0 2.15385e-16 -0.00241951 -0.000516855 6.89459e-05 6.68242e-05 0.217216 0.0634147
0 2.15385e-16 -0.000388831 -0.000112118 -0.000355943 -6.23236e-05 0.216331 0.0629374
0 2.15385e-16 0.000988575 0.000194769 0.00149991 0.000303824 0.216254 0.0636478
0 2.15385e-16 -0.000714 -0.000145586 0.00100306 0.000136882 0.218093 0.0635648
0 2.15385e-16 -0.000912858 -0.000147551 0.000164768 0.000121193 0.217524 0.0634578
0 2.15385e-16 0.00151131 0.000402874 0.00132277 0.000226376 0.218019 0.063568
0 2.15385e-16 0.00110829 0.0002176 -0.0027502 -0.000374718 0.218119 0.0639574
0 2.15385e-16 -0.000253583 -7.51203e-05 -0.0036877 -0.000425592 0.21682 0.0639557
0 2.15385e-16 -0.000628705 -0.000270581 -0.00234505 -0.000323837 0.217886 0.0632965
0 2.15385e-16 -0.000596483 6.54535e-05 0.00335394 0.00054503 0.217258 0.063739
0 2.15385e-16 -0.00179304 -0.00034227 -0.00169758 -0.000263049 0.216006 0.06404
0 2.15385e-16 0.00207626 0.000339031 -0.00133453 -0.000213571 0.21632 0.0633192
0 2.15385e-16 -0.00425763 -0.000731995 -0.00158871 -0.000134481 0.217814 0.063097
0 2.15385e-16 0.00144094 0.000256033 -0.000798815 -0.000226727 0.216327 0.0627409
0 2.15385e-16 -0.000574434 -6.03815e-05 0.00038636 -0.000138867 0.217607 0.0630202
0 2.15385e-16 0.00275154 0.000605684 -0.0012411 -2.88411e-05 0.216884 0.0631773
0 2.15385e-16 -0.00175406 -0.000502069 -0.000164483 8.13796e-05 0.216303 0.0634649
0 2.15385e-16 0.00063742 0.000112853 -0.000222502 -2.34455e-05 0.215878 0.0636789
0 2.15385e-16 0.00109507 0.000144109 -0.000650684 -0.000187795 0.217468 0.0633359
0 2.15385e-16 0.00200696 0.000307491 -0.00394804 -0.000749856 0.217274 0.0634305
0 2.15385e-16 0.00255619 0.000501056 0.00103963 1.2761e-05 0.217761 0.0638258
0 2.15385e-16 0.000360057 3.76186e-05 -0.00236636 -0.00040787 0.217911 0.0634214
0 2.15385e-16 -0.000926019 -0.000177308 -0.00139306 -0.000175544 0.217984 0.063956
0 2.15385e-16 -0.000318705 -4.33651e-05 0.00038903 2.34144e-05 0.216328 0.0628759
0 2.15385e-16 -0.00374648 -0.000564046 0.00101994 0.0001767 0.21699 0.0635203
0 2.15385e-16 -0.0022194 -0.000392276 0.00169395 0.000191748 0.217093 0.0632864
0 2.15385e-16 -0.000935347 -0.000214221 -0.000968282 -0.000221727 0.21745 0.0631623
0 2.15385e-16 0.00281454 0.000503419 -0.000441451 -0.000217456 0.216644 0.0635276
0 2.15385e-16 0.000389438 -6.06095e-05 -0.0021889 -0.000327675 0.21858 0.062651
0 2.15385e-16 -0.000224878 -5.37912e-05 0.00109237 0.000131919 0.21634 0.0627746
0 2.15385e-16 0.00477016 0.000951715 -0.00223286 -0.000356969 0.217757 0.0632593
0 2.15385e-16 -0.00140076 -0.000138671 -0.00177177 -0.000402026 0.216369 0.064761
0 2.15385e-16 -0.00305606 -0.000467803 -0.00106285 -0.00023167 0.217413 0.0639406
0 2.15385e-16 0.000468905 7.97916e-06 -0.000145925 -1.66445e-05 0.216631 0.0629861
0 2.15385e-16 -0.000982071 -0.00011495 0.000865341 0.000145322 0.217171 0.0628406
0 2.15385e-16 0.000530764 0.000128201 -0.00143394 -0.000356244 0.217951 0.0639834
0 2.15385e-16 -0.00106273 -0.000276664 -0.00122436 -0.000309024 0.216165 0.0631785
0 2.15385e-16 0.000156394 6.7828e-05 -0.000222443 -5.17319e-05 0.216674 0.0639106
0 2.15385e-16 0.00164803 0.000311368 -0.00079175 -0.000175878 0.217016 0.062825
0 2.15385e-16 0.00266524 0.000561054 0.000238379 9.40247e-05 0.216326 0.0636138
0 2.15385e-16 -9.25924e-05 5.08212e-05 0.00201899 0.000355467 0.21754 0.0634392
0 2.15385e-16 -0.000280678 -3.42135e-05 0.00109114 9.86943e-05 0.216565 0.063265
0 2.15385e-16 -0.000292207 -5.01332e-05 0.00279173 0.000444553 0.218092 0.0636436
0 2.15385e-16 -0.00171785 -0.000368456 0.00183366 0.000324623 0.217141 0.0632188
0 2.15385e-16 -0.00309339 -0.00067266 -0.0023168 -0.000443878 0.217551 0.0636621
0 2.15385e-16 0.00101685 0.000258511 0.000781763 0.000168989 0.216306 0.0629823
0 2.15385e-16 0.00297955 0.000461651 -0.00204722 -0.000160594 0.217303 0.0635022
0 2.15385e-16 -0.00101146 -0.000216875 0.00315096 0.000451088 0.217909 0.0630901
0 2.15385e-16 -6.55171e-06 -6.12775e-05 -0.000973804 -0.000241819 0.214635 0.063726
0 2.15385e-16 -0.000144849 1.9413e-05 0.00194423 0.000417586 0.216484 0.0633244
0 2.15385e-16 0.000940245 8.93822e-05 0.000127274 -1.4858e-05 0.218123 0.0632762
0 2.15385e-16 -0.00145009 -0.000342612 0.00139877 0.000306021 0.217449 0.0625198
0 2.15385e-16 -0.00232863 -0.000370884 0.000946514 0.000109793 0.217366 0.0636346
0 2.15385e-16 0.000551898 0.000160591 -0.0027318 -0.000422372 0.218123 0.0638794
0 2.15385e-16 0.000465233 4.69683e-05 0.00328019 0.00042521 0.216354 0.0634571
0 2.15385e-16 -0.00233368 -0.000421076 0.00031991 5.19841e-05 0.217348 0.0637814
0 2.15385e-16 -0.0038203 -0.00064412 0.000216776 0.000115006 0.217661 0.0633069
0 2.15385e-16 -0.0011922 -0.000228942 -0.000798611 -9.27103e-05 0.218123 0.0630103
0 2.15385e-16 0.00259398 0.000402695 0.00267776 0.000387312 0.217303 0.0627244
0 2.15385e-16 -0.000228521 -0.000152643 -0.00210166 -0.00032322 0.217062 0.0633012
0 2.15385e-16 -0.00146842 -0.000208359 -0.000416381 -4.38779e-05 0.217412 0.0636232
0 2.15385e-16 -0.00142626 -0.000317331 0.00154743 0.000270052 0.215503 0.0627098
0 2.15385e-16 0.00199019 0.000279084 0.00158858 9.84224e-05 0.216456 0.0641069
0 2.15385e-16 0.00349807 0.000555215 0.00420027 0.000766986 0.217378 0.0632569
0 2.15385e-16 0.00279805 0.000487681 -2.54628e-05 9.43301e-05 0.216937 0.0642736
0 2.15385e-16 0.00218879 0.000346643 -0.00284723 -0.000487793 0.218058 0.063459
0 2.15385e-16 0.00182522 0.000402201 0.000257825 3.1636e-05 0.216975 0.0625551
0 2.15385e-16 -0.00216318 -0.000254933 0.00168648 0.000328652 0.217134 0.0637871
0 2.15385e-16 0.00183844 0.00031667 -0.000946819 -0.000140094 0.216458 0.0635485
0 2.15385e-16 -0.00284362 -0.000484795 -0.00200427 -0.00026522 0.217339 0.0636843
0 2.15385e-16 -0.00140326 -0.00029721 -0.000177188 1.45591e-05 0.217037 0.0625888
0 2.15385e-16 -0.0001952 -6.40663e-05 -0.00130719 -0.000224687 0.218102 0.0632691
0 2.15385e-16 0.000288718 0.000152297 -0.00361925 -0.000622155 0.218365 0.0638549
0 2.15385e-16 0.000722895 0.000262056 -5.53269e-05 6.62741e-05 0.217952 0.0626542
0 2.15385e-16 -0.00311578 -0.000505656 -0.000135327 0.000129891 0.217954 0.0643016
0 2.15385e-16 0.000163955 -3.85101e-05 0.000857732 0.00010458 0.216834 0.0633239
0 2.15385e-16 -0.0043966 -0.000853583 -0.00133989 -0.000167534 0.216785 0.0634232
0 2.15385e-16 -0.00246924 -0.000573624 0.000738396 -4.23434e-05 0.21689 0.0634172
0 2.15385e-16 0.00202438 0.000402696 0.00217052 0.000434348 0.217342 0.0639724
0 2.15385e-16 0.00366424 0.000566651 3.14895e-05 -1.93117e-05 0.215902 0.0630064
0 2.15385e-16 -0.000565241 -0.000128324 -0.000316339 -5.67932e-05 0.216907 0.0632616
0 2.15385e-16 -0.000916688 -0.000185874 0.00265084 0.000528027 0.217681 0.0629638
0 2.15385e-16 -0.0027618 -0.000671756 -0.00185577 -0.000263072 0.217627 0.0637132
0 2.15385e-16 0.000550281 0.000166899 0.00060525 4.53408e-05 0.217064 0.0629642
0 2.15385e-16 0.000988687 0.000260814 0.000852556 8.23668e-05 0.216525 0.0625981
0 2.15385e-16 0.000143218 -4.0096e-05 0.0037965 0.000722923 0.21744 0.0634749
0 2.15385e-16 -0.00126951 -2.38449e-05 -0.00394984 -0.000549776 0.21813 0.063225
0 2.15385e-16 -0.000920036 -0.000130643 0.00106646 0.00025816 0.217416 0.0631042
0 2.15385e-16 0.000188679 0.000118773 9.06118e-05 0.000136661 0.216034 0.0632064
0 2.15385e-16 -0.000116666 2.32887e-05 -0.000190081 -0.000121127 0.216973 0.0628405
0 2.15385e-16 -0.00200823 -0.000399378 0.00296379 0.000500474 0.216748 0.0638072
0 2.15385e-16 -0.0027171 -0.000443116 0.00447751 0.000714456 0.216569 0.0633592
0 2.15385e-16 -2.3378e-05 -4.37523e-05 0.000218813 6.82863e-05 0.217248 0.0635107
0 2.15385e-16 0.00120338 0.000252404 -0.000899845 -6.72139e-05 0.216397 0.063343
0 2.15385e-16 0.00212597 0.000450746 0.00131638 0.000146312 0.216467 0.0630609
0 2.15385e-16 0.000279562 -3.84135e-06 0.00241152 0.000257965 0.217166 0.0628449
0 2.15385e-16 6.63457e-05 4.66219e-05 1.86944e-05 8.72804e-06 0.216581 0.0634348
0 2.15385e-16 0.00106045 0.000155434 3.91422e-05 -3.68473e-06 0.216789 0.063182
0 2.15385e-16 0.00039241 0.00015626 0.00103239 0.000101938 0.216566 0.0627838
0 2.15385e-16 -0.00178212 -0.000249185 -0.00207378 -0.00037385 0.217517 0.0637404
0 2.15385e-16 -0.00267616 -0.000374808 -0.000888581 -0.000231616 0.217145 0.0638003
0 2.15385e-16 -0.000612102 -9.80552e-05 0.00131847 0.000261721 0.217557 0.0630466
0 2.15385e-16 -0.0013439 -0.000281735 -0.00282091 -0.000495845 0.216951 0.0639184
0 2.15385e-16 -0.00233153 -0.000402523 -0.000576576 -0.000136042 0.216814 0.0639082
0 2.15385e-16 -0.00292194 -0.000492706 0.00119234 0.00015825 0.216579 0.0638142
0 2.15385e-16 -0.000709255 -0.000108174 0.00108046 0.000201338 0.217194 0.0631764
0 2.15385e-16 -0.00293899 -0.000491505 -0.000641977 -2.64728e-05 0.216989 0.0634803
0 2.15385e-16 -0.00264975 -0.000479355 -0.000251299 -7.43333e-05 0.217693 0.0634919
0 2.15385e-16 0.000835037 0.000162821 -0.000162052 -5.84098e-05 0.217493 0.0634947
0 2.15385e-16 -0.000759189 -0.000136325 0.00162954 0.000438049 0.217248 0.0636278
0 2.15385e-16 0.000662526 0.000139252 -0.000908337 -0.000249006 0.216389 0.0631393
0 2.15385e-16 0.00301598 0.000460513 0.00124177 0.000115022 0.216724 0.0629668
0 2.15385e-16 8.17837e-05 -2.32649e-05 1.86534e-05 -1.13337e-05 0.216456 0.0629281
0 2.15385e-16 0.00142786 0.000335367 0.000204069 9.53197e-05 0.217288 0.0635807
0 2.15385e-16 0.00323083 0.0006502 5.72786e-05 -3.22554e-06 0.216808 0.0629069
0 2.15385e-16 0.00312956 0.000560117 -7.94782e-05 -4.48414e-05 0.216894 0.0630201
0 2.15385e-16 0.000599155 8.79418e-05 -0.00105729 -0.000119401 0.216617 0.063494
0 2.15385e-16 -0.00219345 -0.000301365 -0.00196959 -0.000375653 0.217813 0.0634916
0 2.15385e-16 -0.000146569 1.66251e-05 -0.00266639 -0.0005769 0.216587 0.0633916
0 2.15385e-16 -0.00143557 -0.00013414 -0.00147645 -0.00024552 0.217397 0.0638329
0 2.15385e-16 0.000617709 3.63145e-05 0.00137647 0.000440483 0.216377 0.0640362
0 2.15385e-16 0.00120746 0.000217782 0.00372575 0.000647652 0.217293 0.0639862
0 2.15385e-16 -0.000315915 -5.97403e-05 0.00307033 0.000636856 0.216257 0.0627711
0 2.15385e-16 -0.00212955 -0.000440688 0.00388609 0.00066456 0.216658 0.0633648
0 2.15385e-16 -6.71092e-05 0.000106276 0.00265331 0.000447055 0.217143 0.0637155
0 2.15385e-16 -0.00131935 -0.000195645 0.00107163 0.000179883 0.215857 0.0633523
0 2.15385e-16 0.00188826 0.000363569 0.00142676 0.000308121 0.217559 0.062587
0 2.15385e-16 -0.00219469 -0.000440417 -0.000483805 2.33303e-05 0.216493 0.0634698
0 2.15385e-16 0.000248289 3.63013e-05 0.00122713 0.000198836 0.215987 0.063671
0 2.15385e-16 -6.13379e-05 -6.24334e-05 0.00204649 0.000249353 0.216987 0.0633935
0 2.15385e-16 0.00140345 0.00024616 2.37504e-05 -4.59536e-05 0.215546 0.0636245
0 2.15385e-16 8.51437e-05 -3.66886e-05 0.000363638 0.000127609 0.217825 0.062937
0 2.15385e-16 -0.000360033 -5.94034e-05 0.0017093 0.000117988 0.216913 0.0636705
0 2.15385e-16 0.000683839 7.87411e-05 0.000301953 0.000145081 0.217054 0.063646
0 2.15385e-16 -0.00288377 -0.000497351 -0.00106879 -0.000148698 0.217433 0.0630817
0 2.15385e-16 0.000514493 4.2485e-05 -0.000593233 -0.000295338 0.215998 0.0635945
0 2.15385e-16 -0.000461834 -0.000107142 0.000991905 0.00013383 0.215997 0.0631425
0 2.15385e-16 -0.00163071 -0.000316514 -0.00187921 -0.000308317 0.217156 0.0642686
0 2.15385e-16 0.00085817 7.86467e-05 -0.00169078 -0.000268668 0.216604 0.06355
0 2.15385e-16 -0.00201534 -0.000261842 0.00217216 0.000298343 0.216263 0.0639276
0 2.15385e-16 -0.00304428 -0.000473385 -0.00208263 -0.000184981 0.217863 0.0639414
0 2.15385e-16 -0.00316863 -0.000497969 0.00366545 0.000526809 0.216824 0.0633655
0 2.15385e-16 0.00279436 0.000454482 -0.00136833 -0.00021914 0.216617 0.0633025
0 2.15385e-16 0.00205141 0.000374933 0.00148539 0.000270035 0.218178 0.0632458
0 2.15385e-16 0.0031522 0.000633819 -0.00239777 -0.000401184 0.217989 0.0631005
0 2.15385e-16 0.000108012 -1.25572e-05 0.00586313 0.000886888 0.217109 0.0637999
0 2.15385e-16 0.00370837 0.00052737 -0.00124665 -0.000207528 0.216159 0.0636172
0 2.15385e-16 0.000737018 0.000256192 -0.000712052 -1.44435e-05 0.217416 0.0637126
0 2.15385e-16 -0.000979959 -7.20533e-05 0.00186551 0.00022391 0.216751 0.0643147
0 2.15385e-16 0.00421175 0.000687938 -0.00133944 -0.000211287 0.216985 0.0636062
0 2.15385e-16 -0.00157969 -0.000184324 0.000239261 6.63967e-05 0.217963 0.0635978
0 2.15385e-16 -0.00404595 -0.000631561 0.000731865 -5.11492e-06 0.215802 0.0641495
0 2.15385e-16 0.00264248 0.000541208 0.000332547 -1.49589e-05 0.218963 0.062246
0 2.15385e-16 -0.00301847 -0.000613959 0.000224974 -2.3603e-05 0.217859 0.0634045
0 2.15385e-16 0.000203587 0.000181013 0.000656374 3.87289e-05 0.217172 0.0634633
0 2.15385e-16 -0.00250494 -0.000334648 -0.000327806 -0.000145861 0.218075 0.063722
0 2.15385e-16 -0.00139841 -0.000201994 -0.0022348 -0.00037224 0.217839 0.0632073
0 2.15385e-16 0.00147096 0.000393687 0.00140678 0.000251592 0.216699 0.0630529
0 2.15385e-16 0.00151615 0.000279783 -0.00200818 -0.000277165 0.217016 0.0637819
0 2.15385e-16 0.00187471 0.000138598 0.00054871 0.000269137 0.216509 0.0634237
0 2.15385e-16 5.0488e-06 4.32176e-05 -0.00479831 -0.000694735 0.218326 0.0637606
0 2.15385e-16 -0.000139631 4.67813e-07 0.00237967 0.000336998 0.216515 0.0635354
0 2.15385e-16 -0.00254756 -0.000569505 0.00108558 0.000242495 0.218321 0.062725
0 2.15385e-16 -0.0017391 -0.000354421 0.00141846 0.000245865 0.21669 0.0634366
0 2.15385e-16 -0.000805798 -0.000188557 -0.00073306 -0.000149341 0.216773 0.0631903
0 2.15385e-16 0.000180851 7.11737e-06 0.000188634 -1.73278e-06 0.215768 0.0635313
0 2.15385e-16 -0.000431685 -5.6177e-05 0.000833923 0.000232904 0.216786 0.0631218
0 2.15385e-16 0.00224913 0.000335258 -8.28819e-05 1.47912e-05 0.217579 0.0632807
0 2.15385e-16 0.00182433 0.000228757 0.00263019 0.00060793 0.216438 0.0626038
0 2.15385e-16 -0.00391533 -0.00075962 0.00333452 0.000559333 0.217322 0.0638938
0 2.15385e-16 0.000734485 1.82979e-05 -0.00220822 -0.000309968 0.21756 0.0637572
0 2.15385e-16 -0.0015783 -0.000299428 -0.00194549 -0.000417357 0.217662 0.0637806
0 2.15385e-16 0.000283578 -2.57903e-05 -0.000436572 -9.73652e-05 0.217743 0.0634856
0 2.15385e-16 -0.00204207 -0.000494202 -0.000252736 -0.000106226 0.216764 0.0640636
0 2.15385e-16 -0.00383105 -0.000726819 0.000644879 0.000171008 0.217256 0.0635232
0 2.15385e-16 0.000868369 5.19404e-05 -0.00075024 -0.000127463 0.215526 0.0632348
0 2.15385e-16 -0.00229723 -0.000346481 -0.000767784 -5.64866e-05 0.217005 0.0634303
0 2.15385e-16 -0.000604861 -0.000127155 0.00198265 0.000209275 0.216313 0.0639607
0 2.15385e-16 0.00120927 0.000231523 0.00189226 0.000400081 0.216874 0.0633894
0 2.15385e-16 0.00171676 0.000340067 -0.000626117 -6.46539e-05 0.21593 0.0633912
0 2.15385e-16 -0.00197375 -0.000586093 0.00211943 0.00029626 0.218257 0.0631228
0 2.15385e-16 0.000691664 0.000145333 -0.000201601 -4.75655e-05 0.216064 0.063168
0 2.15385e-16 0.00185124 0.000304627 0.000146616 -0.000133329 0.217062 0.0629899
0 2.15385e-16 0.000980703 3.39287e-05 0.00199833 0.000391911 0.218422 0.0632563
0 2.15385e-16 0.00191755 0.000321285 -0.000733021 -0.000173516 0.217242 0.0634319
0 2.15385e-16 7.61095e-06 -0.00018427 -0.00341801 -0.00056644 0.218337 0.0637187
0 2.15385e-16 -0.000692344 -4.67144e-05 -0.00195193 -0.000386505 0.2176 0.0640962
0 2.15385e-16 -0.00066869 -4.42997e-05 0.00277239 0.000455696 0.216474 0.0634055
0 2.15385e-16 -0.00178257 -0.000412866 -0.00229729 -0.000484111 0.217869 0.0631195
0 2.15385e-16 -0.00139353 -0.000203586 0.000751596 0.000171302 0.21742 0.0633027
0 2.15385e-16 0.00346145 0.000572615 5.44756e-05 0.000131084 0.216785 0.0641719
0 2.15385e-16 -0.00324034 -0.000639893 0.00116802 0.00030054 0.217722 0.0636705
0 2.15385e-16 -0.00136595 -0.000208536 -0.00667552 -0.0011861 0.218188 0.0638863
0 2.15385e-16 -0.00285928 -0.000530646 0.000332006 1.85794e-05 0.217157 0.0640451
0 2.15385e-16 0.000670898 8.61776e-05 0.00109701 0.000151578 0.217907 0.0634987
0 2.15385e-16 -0.00136084 -0.000214272 0.00175198 0.00036541 0.216782 0.0630325
0 2.15385e-16 0.00162043 0.00024217 0.00144707 0.00026476 0.217149 0.0634287
0 2.15385e-16 -0.000770387 -0.000123658 0.00245955 0.000359596 0.216857 0.0640123
0 2.15385e-16 -0.000188738 -7.7736e-05 0.00246756 0.000346898 0.217046 0.0637888
0 2.15385e-16 -8.81536e-05 3.44367e-05 -0.00209379 -0.000259993 0.216883 0.0640368
0 2.15385e-16 -0.000171932 -9.09247e-05 -0.00185266 -0.000551339 0.217103 0.0633203
0 2.15385e-16 -0.00359124 -0.000705788 -0.00122711 -0.000311484 0.217641 0.0641533
0 2.15385e-16 -0.00169524 -0.000373743 -0.00217653 -0.000382758 0.218426 0.0633173
0 2.15385e-16 -0.00230349 -0.000442018 0.00301673 0.000460199 0.216439 0.0638424
0 2.15385e-16 -0.00276772 -0.000581392 -0.00206679 -0.000336676 0.216852 0.0641578
0 2.15385e-16 -0.000106286 0.00020908 -0.000128386 0.00011568 0.218355 0.0632237
0 2.15385e-16 0.00227582 0.000297026 -0.00154433 -0.000155135 0.216005 0.0632712
0 2.15385e-16 -0.000582367 -0.000124196 -0.00268785 -0.000510702 0.217957 0.0635752
0 2.15385e-16 -0.00127053 -0.000415278 -0.00599683 -0.000995849 0.217228 0.0641987
0 2.15385e-16 -0.00251131 -0.000373676 -0.0011219 -7.75333e-05 0.217078 0.063833
0 2.15385e-16 0.00108295 0.000137091 -0.00272974 -0.000346429 0.216933 0.0635513
0 2.15385e-16 -0.00190005 -0.000255762 0.000581787 0.000117678 0.217062 0.0634652
0 2.15385e-16 -0.00316584 -0.0004645 -0.00225422 -0.000329086 0.21812 0.0637587
0 2.15385e-16 0.000455176 0.000165631 0.00220384 0.00028076 0.216486 0.0625311
0 2.15385e-16 0.00132372 0.000257423 0.00141441 0.000411629 0.215861 0.0630767
0 2.15385e-16 -0.000194495 -0.000154333 -0.0023887 -0.000302504 0.216653 0.0638347
0 2.15385e-16 -0.000789757 -6.50455e-05 -0.00247715 -0.000396013 0.217498 0.0638176
0 2.15385e-16 0.00311523 0.000461476 -0.00597131 -0.00102852 0.21831 0.063749
0 2.15385e-16 -0.000120199 3.35994e-05 0.00238795 0.000397608 0.215804 0.0635645
0 2.15385e-16 0.00119625 0.000132157 0.00184401 0.000193078 0.21658 0.0645467
0 2.15385e-16 0.000945173 0.000192891 -0.00191429 -0.000364891 0.216975 0.0634995
0 2.15385e-16 -0.00194828 -0.000260729 -0.00353747 -0.000564369 0.21646 0.0637416
0 2.15385e-16 -0.00153118 -0.000404705 -0.00108462 -0.0002232 0.217209 0.0628275
0 2.15385e-16 -0.000508745 -2.7051e-05 0.00385594 0.000441515 0.216328 0.0633544
0 2.15385e-16 0.000678434 5.8704e-05 -0.00119132 -0.0002668 0.218596 0.0630246
0 2.15385e-16 0.000128211 -7.3552e-05 -0.000496936 -0.000213671 0.215462 0.0631621
0 2.15385e-16 0.00212773 0.000391892 -0.00113546 -0.000183218 0.217343 0.0635348
0 2.15385e-16 0.000594591 0.000102077 0.00268172 0.00045462 0.216207 0.0634531
0 2.15385e-16 -5.85515e-05 -5.48943e-05 -0.00027471 -0.000283815 0.215665 0.0633949
0 2.15385e-16 -0.00044364 -9.16369e-05 0.00105775 0.000165387 0.217882 0.0626807
0 2.15385e-16 -0.00158329 -0.00047139 0.000391234 1.26081e-05 0.217184 0.0626879
0 2.15385e-16 0.00071347 0.000132697 -0.000636712 -0.000158824 0.217479 0.0632649
0 2.15385e-16 -0.000298278 -0.000148279 2.16995e-05 -0.000121928 0.216556 0.063302
0 2.15385e-16 0.0011631 0.00018726 -0.00124189 -0.000129935 0.218023 0.0631804
0 2.15385e-16 0.00409365 0.000697484 0.000645119 0.000201553 0.217416 0.0631119
0 2.15385e-16 -0.00222188 -0.000393611 0.000190509 -1.26307e-06 0.217361 0.0631079
0 2.15385e-16 -0.00149115 -0.00022523 -0.000726742 -0.00011439 0.217742 0.0636619
0 2.15385e-16 -0.000177163 -4.3841e-05 -0.00327918 -0.000516263 0.218273 0.0637293
0 2.15385e-16 0.000590035 0.000249042 -0.00258956 -0.000436532 0.217281 0.0632427
0 2.15385e-16 0.000504255 3.73095e-05 0.000273929 0.000106271 0.216333 0.0629357
0 2.15385e-16 0.000756142 0.000214656 -0.00168613 -0.000212216 0.216843 0.0634455
0 2.15385e-16 0.00135747 0.000197146 -0.000598847 4.28735e-05 0.217404 0.0631646
0 2.15385e-16 0.000184959 5.15668e-05 -0.00132412 -0.00023345 0.216718 0.0637459
0 2.15385e-16 -0.00128406 -0.000274688 -0.00401209 -0.000651279 0.217493 0.0629839
0 2.15385e-16 0.00123842 0.000210263 -0.0010843 -0.00013937 0.216492 0.0634254
0 2.15385e-16 0.0023102 0.000244399 0.00209727 0.000321728 0.218034 0.0628955
0 2.15385e-16 -5.23727e-05 -8.02241e-06 0.00231173 0.000502098 0.21673 0.0629776
0 2.15385e-16 0.000760539 0.000184719 0.00265262 0.000570012 0.216959 0.0635247
0 2.15385e-16 0.00279532 0.00046582 -0.00103845 -0.00018617 0.216658 0.063251
0 2.15385e-16 0.000159883 -0.000120641 -0.00227526 -0.000306941 0.21761 0.0633346
0 2.15385e-16 0.00045828 0.000117493 -8.96965e-05 -3.42893e-05 0.215561 0.0627473
0 2.15385e-16 0.00304722 0.000411589 0.00221113 0.000501236 0.216909 0.0631209
0 2.15385e-16 -0.000692664 -0.000125105 0.00191601 0.000186146 0.216169 0.0635745
0 2.15385e-16 0.00018649 -5.42875e-05 -0.00144744 -0.000324274 0.216473 0.0626965
0 2.15385e-16 0.00430488 0.000604121 0.00276791 0.000374469 0.217045 0.0640114
0 2.15385e-16 0.00399651 0.000715198 -0.00136997 -0.000184155 0.217203 0.0636627
0 2.15385e-16 0.000340595 9.305e-05 0.00295863 0.00034873 0.216643 0.063348
0 2.15385e-16 -0.00269563 -0.000514491 0.00254672 0.00044406 0.2169 0.0630147
0 2.15385e-16 0.00142584 0.000317428 0.000257214 -0.000103948 0.216661 0.0631879
0 2.15385e-16 -0.00103795 -0.000146971 0.000497859 1.66366e-06 0.216705 0.0626703
0 2.15385e-16 -0.00138372 -0.00015764 -0.0017192 -0.000299507 0.21733 0.064014
0 2.15385e-16 -0.00456674 -0.000929283 0.00217418 0.000378807 0.217774 0.0633084
0 2.15385e-16 0.0012036 0.000221651 -0.0013828 -0.000210548 0.216642 0.06301
0 2.15385e-16 -0.0010907 -0.000208178 0.00103844 9.9092e-05 0.217667 0.0630044
0 2.15385e-16 0.000632265 0.000175072 -0.000109866 -0.00018908 0.215782 0.0637417
0 2.15385e-16 -0.000691312 -8.54959e-05 0.000678575 -6.94983e-05 0.21772 0.0634964
0 2.15385e-16 -0.000643299 -7.01022e-05 -0.00105136 -0.000175803 0.217431 0.0629222
0 2.15385e-16 -0.00396841 -0.000771953 0.0030623 0.00045375 0.21704 0.0633311
0 2.15385e-16 -0.000736638 -9.52537e-05 0.000858693 2.83093e-05 0.21651 0.0633313
0 2.15385e-16 0.00139566 0.000214986 -1.66201e-05 0.000107655 0.217969 0.0628979
0 2.15385e-16 0.00134239 0.000159753 -0.000456392 -0.000149809 0.215614 0.0633474
0 2.15385e-16 0.00267287 0.000466754 0.00198539 0.000459695 0.216265 0.0632209
0 2.15385e-16 -0.00192149 -0.000254187 0.0020349 0.000226739 0.218011 0.0634398
0 2.15385e-16 -0.00132637 -0.000233393 0.00241512 0.000329408 0.215531 0.0636423
0 2.15385e-16 -0.00223847 -0.000458819 0.00172049 0.000291713 0.217088 0.0633971
0 2.15385e-16 0.000998344 0.00011254 -0.00145971 -0.000321862 0.216752 0.0638324
0 2.15385e-16 -0.00183303 -0.000321835 -0.00108249 -0.000224634 0.218382 0.0632756
0 2.15385e-16 -0.00120415 -0.000297966 -0.000602211 -9.0785e-05 0.218022 0.0635287
0 2.15385e-16 -0.000536546 -0.000140078 0.000250432 6.11071e-05 0.217602 0.0630045
0 2.15385e-16 -0.000204499 4.32555e-05 0.00368311 0.000565455 0.217681 0.0635088
0 2.15385e-16 0.000946674 0.00022108 0.00229561 0.000296464 0.216345 0.0639666
0 2.15385e-16 -0.00352953 -0.000477322 -0.00313955 -0.000345174 0.21626 0.0639103
0 2.15385e-16 0.000915516 0.000178284 -0.0010401 -0.000164634 0.216406 0.063788
0 2.15385e-16 0.00235412 0.000457798 -0.0016333 -0.000201127 0.217437 0.0637628
0 2.15385e-16 0.00112302 0.000150949 0.000930497 0.000229611 0.216601 0.0632614
0 2.15385e-16 -0.00188639 -0.000329294 -0.00116044 -0.000169387 0.21687 0.0636708
0 2.15385e-16 -0.00165993 -0.000261569 -0.00148942 -0.000212351 0.217297 0.0632343
0 2.15385e-16 -0.000537243 -2.523e-05 0.00010359 -7.30869e-05 0.217247 0.0626074
0 2.15385e-16 -0.00260552 -0.000598456 -0.00160452 -0.000217311 0.218246 0.0635271
0 2.15385e-16 -0.00156422 -0.000407725 0.00320883 0.000533251 0.217271 0.0632316
0 2.15385e-16 0.00133444 0.000182729 -0.00138154 -0.000230258 0.215776 0.0635029
0 2.15385e-16 -0.00156895 -0.000379647 -0.00190865 -0.000242546 0.217619 0.0637016
0 2.15385e-16 -0.00170756 -0.000283676 -0.00151804 -0.00046318 0.21848 0.0633851
0 2.15385e-16 0.000853722 0.0001277 -0.000285305 3.09275e-06 0.215192 0.0632261
0 2.15385e-16 -0.00251072 -0.000474675 -0.00112659 -0.0001709 0.218238 0.063679
0 2.15385e-16 -0.00252457 -0.000441277 -0.00248962 -0.000426014 0.217865 0.0636085
0 2.15385e-16 -0.00229167 -0.000380797 0.00217909 0.000273368 0.217436 0.0629936
0 2.15385e-16 -0.00081341 -0.000106473 0.00073727 0.000154779 0.215734 0.0633603
0 2.15385e-16 -0.00069843 1.00239e-05 0.00150459 0.000252997 0.217068 0.0636177
0 2.15385e-16 0.00344993 0.000603734 -0.000402456 -2.75955e-06 0.217045 0.0632532
0 2.15385e-16 -0.000372847 -7.79299e-05 -0.00294483 -0.000430352 0.218397 0.0634807
0 2.15385e-16 -0.00089688 -0.000122585 0.00079183 -7.812e-05 0.217415 0.0635264
0 2.15385e-16 -0.000655513 -0.000150233 -0.00249288 -0.000361284 0.217999 0.0633063
0 2.15385e-16 0.00139061 0.000307613 0.000446294 -2.01749e-05 0.217256 0.0637785
0 2.15385e-16 -0.00310589 -0.000565021 -0.00227552 -0.000429648 0.218447 0.0633362
0 2.15385e-16 0.0012 0.000250408 0.0014924 0.000328357 0.217063 0.062992
0 2.15385e-16 0.000687705 0.000174503 -0.000382505 -6.17095e-05 0.217234 0.0632729
0 2.15385e-16 0.00313707 0.000602087 0.00335514 0.00048347 0.216827 0.0627658
0 2.15385e-16 -0.000242227 -7.8571e-05 0.00163279 0.000158156 0.21649 0.0640184
0 2.15385e-16 0.000661342 0.000105352 -0.00193628 -0.000321611 0.216807 0.0631061
0 2.15385e-16 0.00205485 0.000336372 -0.000798064 -9.6014e-05 0.217882 0.0638739
0 2.15385e-16 0.00103422 0.000278729 -0.000918885 -0.000286863 0.215684 0.0628701
0 2.15385e-16 0.00125935 0.000288539 -0.000742802 -0.000205398 0.216239 0.0631962
0 2.15385e-16 -0.00259323 -0.000332366 0.00279023 0.000407883 0.214725 0.06395
0 2.15385e-16 -0.000247402 -9.33031e-05 0.0014651 0.000310014 0.217327 0.0631947
0 2.15385e-16 -0.000915758 -3.65345e-05 0.00167801 0.00033304 0.217979 0.0629081
0 2.15385e-16 -0.00168605 -0.000310795 0.00101136 0.000194647 0.215592 0.0632917
0 2.15385e-16 -0.00475989 -0.000869062 -0.00120989 -0.000255303 0.216842 0.063599
0 2.15385e-16 -3.48885e-05 7.5147e-05 0.00347426 0.000597655 0.21761 0.0637652
0 2.15385e-16 0.00293754 0.000383593 -0.000618518 8.06257e-05 0.216174 0.063697
0 2.15385e-16 -5.8011e-05 -6.96638e-05 0.000243147 4.46656e-05 0.216223 0.0632434
0 2.15385e-16 0.000688688 0.000114716 -0.00383064 -0.00063056 0.217204 0.0638537
0 2.15385e-16 -0.000232909 -2.99659e-05 -0.00325081 -0.000480208 0.217168 0.0641213
0 2.15385e-16 -0.001714 -0.000228503 -0.000956049 -0.000156173 0.217072 0.0632821
0 2.15385e-16 0.000677837 0.00016048 0.000699627 0.000144941 0.217735 0.0643259
0 2.15385e-16 0.00126399 0.000188379 8.09269e-05 6.78484e-05 0.216431 0.0633113
0 2.15385e-16 0.00405967 0.000581262 0.000817565 0.000154824 0.217333 0.0633919
0 2.15385e-16 1.85173e-05 5.65451e-05 -0.00254414 -0.000423842 0.218906 0.0634639
0 2.15385e-16 -0.00403922 -0.00069039 0.000640184 0.000130769 0.218189 0.062911
0 2.15385e-16 -4.9696e-05 -0.000114423 -0.000905002 -0.000126273 0.216055 0.0632897
0 2.15385e-16 -0.00255669 -0.000408023 0.000133513 8.25853e-05 0.217983 0.0636818
0 2.15385e-16 -0.000957927 -0.000153674 -0.000747839 -8.38448e-05 0.216431 0.0643818
0 2.15385e-16 -0.000858301 -0.000247308 0.00150986 0.000112262 0.216452 0.0637782
0 2.15385e-16 0.00231135 0.000303297 -0.000817726 -0.000112927 0.216735 0.0631211
0 2.15385e-16 0.000578263 3.86586e-05 0.00178078 0.000138255 0.217622 0.0626453
0 2.15385e-16 -0.00405549 -0.000659506 -0.000690148 1.5215e-05 0.217361 0.0629877
0 2.15385e-16 -0.00199376 -0.000402537 0.000254821 7.65576e-05 0.216031 0.0638144
0 2.15385e-16 -0.00114876 -0.000277485 0.000604767 0.000158781 0.218013 0.0633348
0 2.15385e-16 0.000518239 5.21548e-05 -0.00193972 -0.000364271 0.215603 0.0633144
0 2.15385e-16 0.00127025 0.000219844 0.00137299 0.000357777 0.216108 0.0631084
0 2.15385e-16 0.00118436 0.000111233 -4.74847e-05 -4.781e-05 0.214906 0.0632647
0 2.15385e-16 -0.000410224 -2.76189e-05 0.00120683 0.000117885 0.217022 0.0641941
0 2.15385e-16 -0.00027626 6.83029e-06 0.00104095 4.80693e-05 0.217053 0.0637144
0 2.15385e-16 0.000606907 9.47838e-05 -3.42348e-05 -2.25326e-05 0.216769 0.0635441
0 2.15385e-16 -0.000842688 -0.000275171 -0.00130885 -0.000221239 0.217413 0.0636596
0 2.15385e-16 -0.00215001 -0.000310942 -0.0012457 -0.000219839 0.217182 0.0637238
0 2.15385e-16 0.00197636 0.000422363 -0.00115146 -0.000273498 0.216682 0.0633692
0 2.15385e-16 -0.00402939 -0.000740868 -0.00111892 -0.000171757 0.217848 0.0627374
0 2.15385e-16 -8.68453e-05 3.74476e-05 -0.00312724 -0.000531452 0.217677 0.0637431
0 2.15385e-16 -0.0031564 -0.000632027 -0.0022004 -0.000401767 0.217851 0.0632157
0 2.15385e-16 0.00390164 0.00051807 -0.00231707 -0.000388278 0.216611 0.0635219
0 2.15385e-16 0.00189611 0.000221123 0.000973133 7.76347e-05 0.216678 0.0637942
0 2.15385e-16 -0.00153286 -0.000302344 0.000831712 -2.75765e-05 0.21686 0.0635027
0 2.15385e-16 0.000171589 -4.28057e-05 0.000106432 3.92212e-05 0.217155 0.0630701
0 2.15385e-16 -0.00163947 -0.000250967 0.00157449 0.000129727 0.216253 0.0632035
0 2.15385e-16 -0.000202738 -3.17103e-05 0.0011466 0.000303536 0.217996 0.0628847
0 2.15385e-16 0.00146067 0.000131576 -0.0013421 -9.57869e-05 0.216952 0.0643672
0 2.15385e-16 0.00216454 0.000357871 -0.00160492 -0.000119847 0.216107 0.0631761
0 2.15385e-16 7.36534e-05 0.000108244 0.00128265 0.000136737 0.217558 0.0630063
0 2.15385e-16 0.00146651 0.000364099 -0.00202451 -0.000262362 0.217394 0.0632185
0 2.15385e-16 0.00231601 0.00041068 0.00156131 0.000377193 0.216756 0.0634787
0 2.15385e-16 -0.00287175 -0.000397429 0.000334494 3.17824e-05 0.216685 0.0638328
0 2.15385e-16 0.0018068 0.000208538 0.00047234 -1.26097e-05 0.217813 0.0632635
0 2.15385e-16 0.00421315 0.000939026 -0.000566708 -0.000200027 0.218595 0.0630883
0 2.15385e-16 0.00266723 0.000397815 0.0016724 0.000361529 0.217994 0.0638268
0 2.15385e-16 -0.000476366 -3.91068e-05 0.00101832 6.98203e-05 0.216695 0.0635902
0 2.15385e-16 0.00202365 0.000303646 4.3593e-05 -0.000192773 0.218231 0.0635393
0 2.15385e-16 0.00126916 0.000299171 0.00123058 0.000187361 0.217125 0.0633837
0 2.15385e-16 -0.00064817 -0.000218214 -0.00134033 -0.000222725 0.217551 0.0634184
0 2.15385e-16 0.00211974 0.000354727 0.00258369 0.000393811 0.21801 0.0631134
0 2.15385e-16 0.000769062 0.000173951 0.00296493 0.000405295 0.217412 0.0636604
0 2.15385e-16 0.000993622 0.000214252 -0.00185094 -0.000255796 0.21749 0.0629865
0 2.15385e-16 0.00111216 0.000309825 -0.00168595 -0.000404858 0.216639 0.0636895
0 2.15385e-16 0.00289317 0.000568906 0.00274198 0.000422346 0.216975 0.0632042
0 2.15385e-16 -0.00131474 -0.00022188 -0.000337844 7.37393e-05 0.21675 0.0638904
0 2.15385e-16 -0.0010431 -0.0001098 -0.00153099 -0.000172516 0.217201 0.0634737
0 2.15385e-16 0.00199147 0.000322311 0.00150133 0.000234851 0.216282 0.0632468
0 2.15385e-16 -0.0024884 -0.000449582 -0.000163826 9.78304e-05 0.216994 0.0627715
0 2.15385e-16 0.00137798 0.000190743 -2.8634e-05 -1.68006e-05 0.216866 0.0633652
0 2.15385e-16 0.00330003 0.000687113 -0.000393925 -5.50484e-05 0.216431 0.0630737
0 2.15385e-16 0.00124462 0.000221825 -0.00243612 -0.000451129 0.217047 0.0634187
0 2.15385e-16 -0.00314549 -0.000657543 -0.00170685 -0.000187447 0.2181 0.0640285
0 2.15385e-16 -0.00351038 -0.000595535 0.00227331 0.000379692 0.216647 0.0634402
0 2.15385e-16 -0.000871907 -0.000319389 -0.000703258 -0.000108507 0.217292 0.0625901
0 2.15385e-16 -0.00228691 -0.000322359 0.000795053 0.00015058 0.217908 0.0632928
0 2.15385e-16 0.00312831 0.00059137 -0.000916091 -9.73011e-05 0.216551 0.063177
0 2.15385e-16 0.00129854 0.000357749 -0.00163984 -0.00023747 0.217589 0.0629781
0 2.15385e-16 -0.000520913 -9.71567e-05 0.00403645 0.000608674 0.217056 0.0627964
0 2.15385e-16 2.1426e-05 3.53392e-05 0.00253753 0.000404262 0.216866 0.0633213
0 2.15385e-16 -0.00147183 -0.000223787 0.0034756 0.000566262 0.217606 0.0630221
0 2.15385e-16 0.000150953 2.1623e-06 0.0019793 0.000347675 0.217364 0.0630256
0 2.15385e-16 -0.00195998 -0.000364156 0.00061482 8.82152e-05 0.217513 0.0635038
0 2.15385e-16 0.000946299 0.000193094 -0.00355046 -0.000647736 0.217451 0.0631275
0 2.15385e-16 -0.0020278 -0.000343804 0.00244253 0.000469235 0.217336 0.0633564
0 2.15385e-16 -0.00229283 -0.000463991 -0.000457038 -6.30052e-05 0.217086 0.0637362
0 2.15385e-16 0.00338657 0.000578253 0.00372764 0.000593081 0.216849 0.0639901
0 2.15385e-16 0.00115016 0.000215377 -0.00147955 -0.000280881 0.216105 0.0640103
0 2.15385e-16 -0.00218863 -0.000320275 0.000818417 0.000229937 0.215906 0.0637525
0 2.15385e-16 -0.000356092 -4.94682e-05 -0.00286212 -0.000473768 0.217781 0.0638857
0 2.15385e-16 0.00145452 0.000131813 -0.000149161 8.1867e-05 0.217957 0.0632351
0 2.15385e-16 -6.89558e-05 -8.03457e-05 -0.000973308 -0.000184791 0.217018 0.0634392
0 2.15385e-16 -0.00298237 -0.000601073 4.89401e-05 -7.46213e-05 0.21699 0.0637247
0 2.15385e-16 -0.00479324 -0.000811421 0.00297045 0.000447064 0.216982 0.0631729
0 2.15385e-16 -0.000830903 -7.20923e-05 -0.000442399 -3.77233e-05 0.216483 0.063798
0 2.15385e-16 0.00134258 0.000248407 0.000280497 2.99673e-05 0.217871 0.063874
0 2.15385e-16 0.00026903 2.436e-05 0.00249354 0.000305611 0.21678 0.064007
0 2.15385e-16 -0.000188492 -9.69015e-05 0.00113575 0.000185484 0.217868 0.0633595
0 2.15385e-16 -0.000969016 -0.000283199 -0.00102017 -0.00010459 0.217775 0.0636948
0 2.15385e-16 0.000554982 7.95342e-05 -0.000441489 -3.38543e-05 0.216893 0.0634783
0 2.15385e-16 -0.00158954 -0.000296458 -0.000938733 -0.000209304 0.217839 0.0633694
0 2.15385e-16 0.000889024 0.00012227 -0.00157825 -0.000189609 0.216016 0.0626997
0 2.15385e-16 0.00115157 0.00025353 0.000488667 1.13005e-05 0.216249 0.0633218
0 2.15385e-16 0.000194096 8.18745e-05 -0.000561216 -0.000192578 0.216969 0.0627765
0 2.15385e-16 0.00166829 0.000363256 0.00266031 0.00035944 0.218362 0.0637194
0 2.15385e-16 -0.000801018 -4.31761e-05 -0.00127667 -0.000152833 0.216326 0.0636371
0 2.15385e-16 0.0012893 0.000356965 -0.00119352 -0.000135706 0.2173 0.0635525
0 2.15385e-16 -0.00079916 -0.000102433 -0.00119864 -0.00023829 0.217866 0.0636378
0 2.15385e-16 0.00131404 0.000252496 0.00105742 0.000224002 0.216275 0.06299
0 2.15385e-16 -0.00380955 -0.00057989 0.00343146 0.000532577 0.21852 0.0638246
0 2.15385e-16 0.000307213 0.000128252 -0.000208533 -6.17212e-05 0.217057 0.0626897
0 2.15385e-16 0.000861762 3.95003e-05 0.00127533 0.000287034 0.217746 0.0626321
0 2.15385e-16 0.00204444 0.000368509 0.000553567 0.000140577 0.2175 0.0629785
0 2.15385e-16 0.0012115 0.000133759 -0.000236937 -3.39561e-05 0.216435 0.0630054
0 2.15385e-16 -0.00302992 -0.000603015 0.00250399 0.000463648 0.21687 0.0639872
0 2.15385e-16 -0.00243211 -0.000396394 0.00230134 0.000245956 0.21678 0.0640127
0 2.15385e-16 -0.00263861 -0.000473344 0.000321834 0.000177935 0.218003 0.0636015
0 2.15385e-16 -0.00252458 -0.000332022 -0.00337294 -0.000610158 0.216884 0.064154
0 2.15385e-16 0.00282032 0.000582838 0.00237349 0.000474543 0.217773 0.0632959
0 2.15385e-16 0.00040904 1.19714e-05 0.000702394 0.000177961 0.216355 0.063786
0 2.15385e-16 0.00180628 0.000327729 0.000294624 5.98734e-05 0.214674 0.0631469
0 2.15385e-16 0.00282593 0.000467156 0.0014309 0.000246011 0.216666 0.0633507
0 2.15385e-16 0.00259411 0.000390634 -0.000936052 -0.00012072 0.216992 0.0634012
0 2.15385e-16 0.00103139 0.000270552 -0.00234471 -0.000532179 0.216954 0.063697
0 2.15385e-16 -0.00143136 -0.000118456 -0.00145818 -0.000266916 0.218128 0.0633607
0 2.15385e-16 -0.00118986 -0.000179581 0.000985864 9.27341e-05 0.216171 0.0630722
0 2.15385e-16 0.00181513 0.000393601 0.000415612 0.000133285 0.217237 0.0633157
0 2.15385e-16 0.00135654 0.000271264 4.12826e-05 -5.34355e-09 0.217203 0.0619121
0 2.15385e-16 0.00068564 9.17211e-05 5.95018e-05 8.02283e-05 0.216351 0.0631271
0 2.15385e-16 -0.00169981 -0.000366487 0.00167614 0.000278457 0.217285 0.063177
0 2.15385e-16 0.000231297 0.000152379 2.35048e-05 -7.78805e-05 0.215793 0.0632738
0 2.15385e-16 -0.0040028 -0.000844419 -0.00042568 -8.99605e-05 0.218383 0.0631411
0 2.15385e-16 0.00128585 0.00019662 0.000170213 -7.78934e-05 0.216429 0.0630923
0 2.15385e-16 0.000442795 0.000199167 0.00265482 0.000449933 0.216138 0.0636865
0 2.15385e-16 -0.00200982 -0.000471793 0.00234041 0.000277232 0.216609 0.0633033
0 2.15385e-16 0.00204237 0.00035353 -4.88183e-05 7.51459e-05 0.216715 0.0627669
0 2.15385e-16 0.00279474 0.000481651 -0.00122828 -0.00017251 0.217037 0.0638676
0 2.15385e-16 -0.000935375 -0.000262059 -0.000440634 -7.86004e-05 0.218499 0.0631986
0 2.15385e-16 -0.00089654 -0.000115946 0.00159124 0.00036271 0.21764 0.0632881
0 2.15385e-16 0.000540804 9.80886e-06 0.000885925 0.000122198 0.216623 0.0629013
0 2.15385e-16 -0.00217668 -0.000382351 -7.00442e-05 -1.75523e-05 0.21571 0.0638894
0 2.15385e-16 -0.00185435 -0.000317038 0.00119625 0.000267475 0.217251 0.0628018
0 2.15385e-16 -0.00238481 -0.000366308 0.00163591 0.000289102 0.217426 0.0637488
0 2.15385e-16 0.00325267 0.000739924 0.000729886 0.000260242 0.216588 0.0630667
0 2.15385e-16 0.00173308 0.000485207 0.00260086 0.000420283 0.216504 0.0632967
0 2.15385e-16 -0.00425863 -0.000771872 0.0013452 0.00019798 0.218078 0.062943
0 2.15385e-16 0.000105592 0.000136006 -0.0019132 -0.000293483 0.217462 0.0627617
0 2.15385e-16 -0.000617553 -0.000192042 0.000853862 0.000171757 0.21666 0.0628428
0 2.15385e-16 -0.000936402 -0.000132954 -0.000548235 -0.000142503 0.217542 0.0636893
0 2.15385e-16 0.000371926 4.55267e-05 -0.00213103 -0.00028255 0.217668 0.0638096
0 2.15385e-16 -0.000487973 -1.98821e-05 -0.00264474 -0.000334328 0.217222 0.0640757
0 2.15385e-16 0.00205062 0.000491872 0.00101023 0.0002538 0.217281 0.0623597
0 2.15385e-16 -0.000871957 -0.000133354 -0.00104113 -0.000227197 0.217402 0.0634948
0 2.15385e-16 0.00141646 0.000192062 0.00189826 0.000321702 0.216384 0.0643276
0 2.15385e-16 -0.000674046 -0.000169105 0.00162098 0.000270798 0.216576 0.0639976
0 2.15385e-16 0.000795726 6.62818e-05 -0.000625146 -0.000202649 0.216533 0.0630495
0 2.15385e-16 6.1755e-05 2.17329e-05 -0.00044171 -7.55602e-05 0.217365 0.063648
0 2.15385e-16 0.000951429 6.65051e-05 -0.00524206 -0.000857669 0.217624 0.0634397
0 2.15385e-16 -0.00302322 -0.000479979 0.000805707 0.000188984 0.217661 0.0638452
0 2.15385e-16 -0.00112006 -0.000160835 0.00142581 0.000216064 0.216346 0.0623426
0 2.15385e-16 0.0040613 0.000530508 0.000708367 0.000201896 0.216245 0.0634571
0 2.15385e-16 -0.00105875 -0.000101997 -0.00266342 -0.000586799 0.218473 0.0635772
0 2.15385e-16 -0.000568301 -4.49756e-05 0.00157344 0.000322908 0.216721 0.0627094
0 2.15385e-16 -6.13902e-05 -3.79434e-05 -0.00291241 -0.000478396 0.217094 0.0644543
0 2.15385e-16 0.000629132 0.000207667 -0.00117649 -0.000289062 0.216269 0.0638752
0 2.15385e-16 -9.47877e-05 -8.51143e-05 0.000195054 3.01312e-05 0.217266 0.0630039
0 2.15385e-16 0.00104766 0.000293699 0.00034062 0.000113266 0.216794 0.0630727
0 2.15385e-16 0.00195635 0.00043991 -0.000828069 -0.000118366 0.216866 0.0632412
0 2.15385e-16 -0.00250463 -0.00054493 -0.00162198 -0.000351058 0.218326 0.0633436
0 2.15385e-16 -0.00104381 -0.000162179 -2.71439e-05 0.000133875 0.216919 0.063056
0 2.15385e-16 0.000768264 0.000112426 0.000822603 8.01932e-05 0.216939 0.0627437
0 2.15385e-16 0.00035943 5.87957e-05 -6.54791e-05 -4.63877e-05 0.216972 0.0632307
0 2.15385e-16 0.00129025 0.000355038 -0.000260653 -8.14057e-05 0.216299 0.0630731
0 2.15385e-16 -0.00011416 -4.18429e-05 0.00241611 0.000313663 0.216409 0.0635942
0 2.15385e-16 -0.000650643 -0.000215179 0.00162675 0.000320772 0.21702 0.0627998
0 2.15385e-16 0.0012287 0.000252228 -0.00337337 -0.000541979 0.217863 0.0635318
0 2.15385e-16 -0.000127013 -3.56729e-05 0.000554098 6.96032e-05 0.217128 0.0626654
0 2.15385e-16 -0.000710507 -0.000161944 -0.00108167 -0.000271186 0.216075 0.0630482
0 2.15385e-16 -0.00212038 -0.000460847 -0.00154843 -0.000206255 0.217075 0.0635867
0 2.15385e-16 -0.00196544 -0.000341709 0.00245928 0.000485914 0.216862 0.0634941
0 2.15385e-16 -0.00238272 -0.000492255 -0.000967678 -0.000232335 0.215852 0.0635461
0 2.15385e-16 -0.0018839 -0.000399853 0.000383155 0.000108344 0.217877 0.063516
0 2.15385e-16 0.00224237 0.000429778 0.000149513 -1.24811e-05 0.216345 0.0640157
0 2.15385e-16 0.000915558 0.000192699 0.0013868 0.000330907 0.217319 0.0628712
0 2.15385e-16 0.000873782 0.000135644 -0.00334012 -0.000564443 0.218419 0.0631027
0 2.15385e-16 0.000580913 4.22455e-05 0.00155808 0.000191604 0.216507 0.063317
0 2.15385e-16 0.000213951 -3.40895e-05 -0.000872608 -0.00013358 0.217047 0.0635293
0 2.15385e-16 0.000105957 -1.16709e-05 -0.00171736 -0.000287466 0.217143 0.0630251
0 2.15385e-16 -0.000940402 -0.000197102 0.000833746 7.91364e-05 0.216842 0.0621142
0 2.15385e-16 -1.46458e-05 -0.000110068 -0.00075182 -7.45168e-05 0.216507 0.0627371
0 2.15385e-16 -0.00236748 -0.000394262 0.000120482 0.000128741 0.216222 0.0631667
0 2.15385e-16 -0.00040089 -0.000141565 0.00251728 0.000402811 0.217017 0.0634808
0 2.15385e-16 4.6425e-05 9.67197e-05 -0.00116942 -0.000353376 0.216574 0.0635991
0 2.15385e-16 0.00109262 0.00016523 0.00186486 0.000313348 0.216933 0.0637083
0 2.15385e-16 0.00207354 0.000442625 0.00224835 0.000473634 0.216891 0.0632889
0 2.15385e-16 -0.00301445 -0.000583706 -0.00171333 -0.000258004 0.218733 0.0638921
0 2.15385e-16 -0.00353123 -0.000709888 -0.000265032 -4.64356e-05 0.216776 0.0640842
0 2.15385e-16 0.00345002 0.000525163 0.00259186 0.000371473 0.216888 0.0642393
0 2.15385e-16 -0.00364638 -0.000654365 0.000174486 -5.37521e-05 0.217761 0.0632346
0 2.15385e-16 0.000794068 0.000277237 -0.000668444 -0.000114573 0.21797 0.0633016
0 2.15385e-16 0.00188073 0.0003478 -0.000323174 -2.29409e-05 0.217711 0.0632291
0 2.15385e-16 0.000147645 -0.000122377 0.00219938 0.000349997 0.2176 0.0635574
0 2.15385e-16 -0.0018307 -0.000134993 0.00158534 0.000263282 0.216214 0.0641404
0 2.15385e-16 -0.000651283 -0.000162082 -0.000778604 -0.000179549 0.217402 0.0631799
0 2.15385e-16 0.000472515 8.48309e-05 -0.000943032 -0.000181634 0.216656 0.0637326
0 2.15385e-16 -0.00174288 -0.000323131 -0.0013463 -0.000292128 0.21791 0.0634304
0 2.15385e-16 -0.000240038 -8.55003e-06 3.25231e-05 1.16716e-05 0.217164 0.0634362
0 2.15385e-16 0.00409689 0.000773164 -5.41692e-06 -7.48501e-05 0.217138 0.0634215
0 2.15385e-16 0.00269093 0.000592398 -0.00350837 -0.000500575 0.217943 0.0633706
0 2.15385e-16 0.0004685 0.000113939 -0.00155887 -0.000313361 0.217107 0.0628073
0 2.15385e-16 -0.000320032 9.42417e-05 -0.00108354 -0.000133603 0.217469 0.0634263
0 2.15385e-16 0.00168957 0.000367458 -0.00192487 -0.000351694 0.217414 0.0636133
0 2.15385e-16 -0.00315275 -0.000521654 -0.00112439 -0.000179101 0.21823 0.0635899
0 2.15385e-16 -0.0026122 -0.000471529 -0.00031545 -4.78069e-05 0.217135 0.0634664
0 2.15385e-16 0.000320792 7.79542e-05 -0.000339256 -0.00014755 0.21466 0.0633142
0 2.15385e-16 0.00206039 0.000250645 -0.00432641 -0.000843218 0.217841 0.0635237
0 2.15385e-16 -0.000804043 -0.000246978 0.00124738 0.000168288 0.216555 0.0631556
0 2.15385e-16 -0.00147152 -0.00023554 -0.000608607 -1.98921e-05 0.216571 0.0637474
0 2.15385e-16 0.00225232 0.000455007 -0.000597682 -4.18169e-05 0.216714 0.0627664
0 2.15385e-16 -0.00220292 -0.00050135 -0.000613983 -0.000107019 0.216962 0.0637995
0 2.15385e-16 -0.000830351 -0.000182191 -0.00357802 -0.000621704 0.217371 0.0640286
0 2.15385e-16 0.00446614 0.000590805 0.000551147 9.02671e-05 0.216813 0.0640682
0 2.15385e-16 -0.000860902 -0.000198222 0.00315611 0.000351979 0.217476 0.0634596
0 2.15385e-16 -0.00360621 -0.000680595 0.000304612 4.85618e-05 0.2172 0.0629912
0 2.15385e-16 -0.00225631 -0.000417861 -0.00273584 -0.000476062 0.217458 0.0635689
0 2.15385e-16 -0.00170427 -0.00035577 -0.00106357 -0.000134771 0.217381 0.0639269
0 2.15385e-16 -0.00106258 -0.000299077 -0.000166239 -0.000102394 0.216434 0.0634757
0 2.15385e-16 0.000435319 5.95523e-06 -0.000714483 -0.000146667 0.216989 0.0630457
0 2.15385e-16 0.000244404 0.000129231 0.000527191 0.000242136 0.216056 0.0635696
0 2.15385e-16 0.00378429 0.000782808 -0.00152973 -0.000227511 0.21747 0.0636852
0 2.15385e-16 -0.00364214 -0.000674576 -0.00145754 -0.000221118 0.217356 0.063435
0 2.15385e-16 -0.00223279 -0.000453771 0.000287971 1.17912e-05 0.217236 0.0634932
0 2.15385e-16 0.000865876 0.00025018 0.000137669 -3.15876e-05 0.216339 0.0632984
0 2.15385e-16 -0.000677766 -7.86469e-05 -0.000791374 -0.000173143 0.215773 0.0639036
0 2.15385e-16 -0.00257161 -0.000335816 -0.00275678 -0.000496833 0.217519 0.0638473
0 2.15385e-16 -0.000516613 -0.000147572 0.000871786 0.000235463 0.21616 0.0631961
0 2.15385e-16 -0.000415845 -6.24483e-05 0.00034056 2.91434e-05 0.217412 0.0629879
0 2.15385e-16 -0.00092539 -8.59491e-05 -0.000786787 -6.84571e-05 0.217355 0.0636511
0 2.15385e-16 0.00108345 0.000212729 0.00111519 0.000236349 0.217415 0.0634082
0 2.15385e-16 -0.0022637 -0.000359444 -0.00284202 -0.000429865 0.217703 0.0637361
0 2.15385e-16 0.000211312 -5.64755e-05 -4.59561e-05 7.75715e-06 0.217345 0.0635163
0 2.15385e-16 0.000715675 0.000114966 0.00374614 0.000517638 0.216789 0.0629702
0 2.15385e-16 0.00174937 0.000356776 -0.000517583 -2.0885e-05 0.21686 0.0634844
0 2.15385e-16 -0.00168901 -0.000389849 0.00143103 0.000192305 0.215663 0.0630075
0 2.15385e-16 -0.0014969 -0.000243415 0.00054758 -0.000102168 0.216101 0.0633858
0 2.15385e-16 -0.000634679 -8.65689e-05 0.000874364 6.62827e-05 0.21616 0.0638606
0 2.15385e-16 0.000105801 -9.51995e-05 0.000257572 7.5803e-05 0.216021 0.0632764
0 2.15385e-16 0.00136098 0.000177268 -0.00140257 -0.000331314 0.217626 0.0632712
0 2.15385e-16 0.00212996 0.000314418 -0.003206 -0.00053376 0.216628 0.0641114
0 2.15385e-16 0.000741374 7.51609e-05 -0.00149642 -0.000230256 0.217522 0.0635329
0 2.15385e-16 0.00300587 0.00055288 -0.00176931 -0.000406102 0.216916 0.0629892
0 2.15385e-16 -0.00412547 -0.00074642 0.00288749 0.000417099 0.217076 0.0631199
0 2.15385e-16 0.000413912 0.000130978 0.00288082 0.000511531 0.216434 0.0632373
0 2.15385e-16 0.000537485 9.14483e-05 0.000105247 4.51569e-05 0.216894 0.0633027
0 2.15385e-16 -0.00167133 -0.000265575 -0.00256729 -0.000524591 0.217339 0.0637265
0 2.15385e-16 -0.00116377 -0.000222968 0.0013462 0.000239703 0.216681 0.0626251
0 2.15385e-16 -8.17996e-05 0.000100777 0.000239366 -2.81116e-05 0.217032 0.0634652
0 2.15385e-16 -0.00146302 -0.000317265 -0.00139185 -0.000196896 0.216361 0.0634876
0 2.15385e-16 -0.00342447 -0.000575714 0.00141939 0.000325476 0.217257 0.0634416
0 2.15385e-16 -0.0017906 -0.000304461 -0.000714957 -9.67603e-07 0.217417 0.0633102
0 2.15385e-16 -0.00096915 -0.000234145 -0.000482143 -7.09132e-05 0.216698 0.0633885
0 2.15385e-16 -0.00124305 -0.000126038 -5.5711e-05 -9.76508e-05 0.215941 0.0634214
0 2.15385e-16 0.00323371 0.000631757 -0.00197984 -0.000269475 0.217512 0.0629999
0 2.15385e-16 -0.00447436 -0.000666579 -0.00316302 -0.000539895 0.21759 0.0629472
0 2.15385e-16 -2.12999e-05 0.000117 -0.000444907 -6.88008e-05 0.215957 0.0639687
0 2.15385e-16 -0.000790712 -0.000197391 -0.00139246 -0.000343758 0.216705 0.0632698
0 2.15385e-16 -0.000698593 -0.000161421 0.00138789 0.000255325 0.216565 0.0625921
0 2.15385e-16 -0.00131683 -0.000115036 0.000818632 0.000143904 0.217715 0.0636412
0 2.15385e-16 0.00112997 0.000231686 -0.00181943 -0.000375388 0.216111 0.0634332
0 2.15385e-16 -0.000121039 5.37065e-05 -0.00358875 -0.000677628 0.217131 0.0629905
0 2.15385e-16 -0.000314325 1.08864e-05 -0.00526496 -0.000958895 0.217759 0.0636733
0 2.15385e-16 -0.00183692 -0.000266224 0.00364067 0.000556363 0.216664 0.0630136
0 2.15385e-16 0.00177603 0.000365919 0.00034459 -5.34226e-05 0.216509 0.0629909
0 2.15385e-16 0.00316364 0.000318942 0.000456961 -7.8989e-06 0.216171 0.0636712
0 2.15385e-16 -0.00256964 -0.000521701 -0.000374811 4.72277e-05 0.217413 0.0634834
0 2.15385e-16 0.000919541 0.000275456 -6.8976e-05 -6.69753e-05 0.217272 0.0632592
0 2.15385e-16 -0.000155444 -6.26076e-05 0.000400103 -2.51715e-05 0.215411 0.0631264
0 2.15385e-16 -0.000580939 1.56454e-06 0.000597096 -9.61558e-05 0.217119 0.063695
0 2.15385e-16 -0.0020676 -0.000287884 0.00203703 0.000271488 0.217177 0.0637753
0 2.15385e-16 9.37958e-05 8.41779e-05 -0.000975369 -0.000187966 0.216865 0.0636885
0 2.15385e-16 -0.000462702 2.65803e-05 0.000441809 -2.83478e-05 0.216655 0.0633876
0 2.15385e-16 -0.00424663 -0.000795902 0.00215959 0.000388109 0.217526 0.0628836
0 2.15385e-16 0.00358528 0.000715359 -0.000216071 1.93846e-05 0.217823 0.0632959
0 2.15385e-16 -0.000794624 -0.000122887 -0.00461007 -0.000789383 0.218642 0.0631118
0 2.15385e-16 -0.000530125 -2.34113e-05 -3.22628e-05 -1.93983e-05 0.216575 0.0635266
0 2.15385e-16 0.00145056 0.000369145 -1.86396e-05 -0.000147115 0.215849 0.0632882
0 2.15385e-16 0.000930323 0.000214287 -0.000128698 -0.000159651 0.215949 0.0629601
0 2.15385e-16 -0.00401816 -0.000668776 6.42586e-05 -6.07146e-05 0.217083 0.063501
0 2.15385e-16 0.00157403 0.000290658 -0.000528966 -9.32852e-05 0.215848 0.0632261
0 2.15385e-16 3.34362e-05 -8.68069e-05 0.000566314 6.65708e-05 0.217114 0.063067
0 2.15385e-16 -0.00247056 -0.000344969 -0.00171737 -0.000374277 0.21799 0.0635904
0 2.15385e-16 0.00149408 0.000244313 0.00296279 0.000528356 0.217541 0.0633473
0 2.15385e-16 0.00212265 0.00038188 0.0048287 0.000858509 0.216621 0.0632956
0 2.15385e-16 0.000143947 -2.49193e-05 0.000720723 0.000120373 0.217897 0.0625325
0 2.15385e-16 -0.000408523 1.05339e-05 -0.000961585 -0.000211503 0.216992 0.0633261
0 2.15385e-16 -0.00144939 -0.000412152 -0.00171713 -0.00020914 0.218016 0.0639385
0 2.15385e-16 -0.00151978 -0.000246081 0.000609241 2.19208e-05 0.218384 0.0624289
0 2.15385e-16 0.000678324 0.000308522 -0.000684924 -0.000223151 0.216587 0.0634756
0 2.15385e-16 -0.00139772 -0.000210105 -0.000896108 -0.000132991 0.218237 0.063132
0 2.15385e-16 0.00298387 0.000446202 0.000931514 0.000125851 0.216353 0.0636734
0 2.15385e-16 0.000977872 2.32524e-06 -0.000445221 -8.90409e-05 0.217588 0.0627123
0 2.15385e-16 0.00158942 0.000278504 -0.00318926 -0.00046476 0.216113 0.0637801
0 2.15385e-16 0.000974503 4.59e-05 -0.00329358 -0.000499033 0.21838 0.0634121
0 2.15385e-16 -0.000697394 -0.00012128 0.00212991 0.000358566 0.215321 0.063576
0 2.15385e-16 -0.00116961 -9.03109e-05 0.00162178 0.000306127 0.21728 0.0635391
0 2.15385e-16 -0.000369829 -2.70385e-05 0.000797999 7.00012e-05 0.217599 0.063128
0 2.15385e-16 0.000899437 0.000195749 -0.00200451 -0.000265867 0.217549 0.0632664
0 2.15385e-16 0.00113174 0.000194192 0.0012215 -6.70069e-06 0.216778 0.0635061
0 2.15385e-16 -0.00130467 -0.000303762 -0.00300054 -0.000591649 0.218636 0.0635703
0 2.15385e-16 0.00206356 0.000436973 0.000223014 5.7738e-05 0.21591 0.0633716
0 2.15385e-16 0.00325149 0.000550829 -0.00261277 -0.000391216 0.216986 0.063536
0 2.15385e-16 -7.22787e-05 -2.72453e-05 0.0034072 0.000601455 0.217051 0.0631483
0 2.15385e-16 0.000500431 0.000167021 -0.000324478 -3.05395e-05 0.215688 0.0631461
0 2.15385e-16 0.000128451 -3.74226e-05 -0.000222339 -2.02707e-05 0.216663 0.0629057
0 2.15385e-16 -0.00365975 -0.000675455 0.0019072 0.000392592 0.216653 0.0636768
0 2.15385e-16 -0.00163825 -0.000191328 0.000402321 4.6904e-05 0.217496 0.0628783
0 2.15385e-16 -0.000301058 -0.000141818 -0.000310945 -0.00011679 0.216747 0.0631083
0 2.15385e-16 0.0021166 0.000246963 0.000315815 0.00019724 0.216404 0.0638669
0 2.15385e-16 -0.000362693 -0.000121018 -0.000612632 -0.000132553 0.215234 0.0636068
0 2.15385e-16 -0.00106423 -0.000233843 -0.000326128 -0.000123064 0.218022 0.0626599
0 2.15385e-16 0.00192983 0.000417653 -0.00572575 -0.00106824 0.218981 0.0632895
0 2.15385e-16 -0.000754612 -7.39084e-05 0.00273794 0.00039721 0.216605 0.063448
0 2.15385e-16 0.00026576 -3.16426e-05 0.00237715 0.000303642 0.216603 0.0633317
0 2.15385e-16 -0.0014649 -0.000244585 0.00326717 0.000543195 0.216845 0.0627046
0 2.15385e-16 -0.000525958 -0.000126042 -0.000420312 -0.000181738 0.216127 0.0624929
0 2.15385e-16 0.00361763 0.000578207 0.000161915 3.79009e-06 0.216023 0.0637901
0 2.15385e-16 0.000909775 0.000175259 0.00569274 0.000871242 0.218061 0.0632878
0 2.15385e-16 -0.00146126 -0.000265506 -0.00104826 -6.25453e-05 0.217926 0.0636624
0 2.15385e-16 0.00220803 0.000349686 0.00086863 1.3672e-05 0.215721 0.0633824
0 2.15385e-16 0.00233037 0.000347632 0.000404222 6.31723e-05 0.216237 0.0635991
0 2.15385e-16 -0.000147488 0.000115925 -0.00283223 -0.000423063 0.217183 0.0633966
0 2.15385e-16 -0.000399381 1.67932e-05 0.0014684 0.000205393 0.21722 0.0633424
0 2.15385e-16 -0.00231831 -0.000480527 0.00156101 0.00031181 0.217238 0.0633988
0 2.15385e-16 -4.05696e-05 -0.000126104 -0.00391993 -0.000833831 0.217712 0.0630824
0 2.15385e-16 -0.00187841 -0.000234041 0.00115953 0.000325384 0.216538 0.0631681
0 2.15385e-16 0.000915376 0.000180978 0.00136996 0.000367641 0.216938 0.0630807
0 2.15385e-16 -0.000129953 -4.29742e-05 0.00120507 0.000361436 0.215547 0.0634394
0 2.15385e-16 0.00115173 0.000180625 -0.000778863 -0.000165015 0.216933 0.063377
0 2.15385e-16 -0.00371654 -0.000646864 -0.000458353 -5.80171e-05 0.21761 0.0633422
0 2.15385e-16 0.00379511 0.000602937 -0.00116248 -0.000120581 0.217122 0.0642839
0 2.15385e-16 -0.00262978 -0.000343093 0.00268953 0.000349899 0.217096 0.0634525
0 2.15385e-16 -0.00216915 -0.000508202 0.00131839 0.000329669 0.217151 0.0630636
0 2.15385e-16 0.00226195 0.000389374 0.00154176 0.000303298 0.218185 0.0629638
0 2.15385e-16 0.00133634 0.000248932 -0.00132988 -0.000252046 0.216703 0.0632349
0 2.15385e-16 0.0028942 0.000551052 -0.00113849 -0.000339001 0.215551 0.063405
0 2.15385e-16 0.00175791 0.000240193 -0.000506005 -8.78187e-05 0.215759 0.0636896
0 2.15385e-16 0.00148413 0.000262946 2.34666e-06 -6.52375e-05 0.216941 0.0631597
0 2.15385e-16 0.00350389 0.000475073 -0.0044041 -0.00066416 0.216374 0.0639145
0 2.15385e-16 -0.000385123 -0.000115267 0.0013365 0.000167303 0.217478 0.0619936
0 2.15385e-16 0.00131947 0.00022026 -0.00167209 -0.000177358 0.216267 0.0632743
0 2.15385e-16 -0.00281719 -0.000515871 -0.00157861 -0.000394528 0.217682 0.0640731
0 2.15385e-16 0.000333363 0.000170561 -0.000804782 -0.000226898 0.217449 0.0631558
0 2.15385e-16 0.00311106 0.000618248 6.30908e-05 6.63998e-05 0.216631 0.0630152
0 2.15385e-16 0.00283022 0.00052829 -0.00244248 -0.000429406 0.217778 0.063035
0 2.15385e-16 0.00135452 0.000122622 0.00290014 0.000430248 0.216469 0.0637412
0 2.15385e-16 0.00178656 0.000342597 0.00177309 0.000313066 0.217081 0.0630014
0 2.15385e-16 -0.00205944 -0.000507598 -0.00221428 -0.000376956 0.218296 0.0639583
0 2.15385e-16 0.00186467 0.000298142 -0.00195314 -0.000309709 0.21809 0.0629492
0 2.15385e-16 -0.00484242 -0.000890969 -0.00268728 -0.000383664 0.216829 0.0636917
0 2.15385e-16 0.00178876 0.00026662 0.00362471 0.000694179 0.217392 0.0628033
0 2.15385e-16 0.000358398 -2.32484e-05 -0.00296086 -0.000387989 0.217074 0.0640534
0 2.15385e-16 -0.00053331 -0.000120604 0.00146147 0.000248155 0.215138 0.0632611
0 2.15385e-16 -0.00256783 -0.000267702 -0.00106527 -0.000185043 0.217694 0.0636342
0 2.15385e-16 -0.000536276 -0.000175988 0.000987685 0.00021771 0.216526 0.0629355
0 2.15385e-16 -0.00205383 -0.000261154 0.00390369 0.000610355 0.216581 0.0633175
0 2.15385e-16 0.00171852 0.000285896 0.00183566 0.000461611 0.217032 0.0640375
0 2.15385e-16 0.00142687 0.000493781 -0.000422783 1.40913e-05 0.217135 0.063969
0 2.15385e-16 0.000740759 0.000169541 0.00292954 0.000442324 0.215451 0.0632617
0 2.15385e-16 0.00111246 9.14365e-05 -0.00119857 -0.00022806 0.216907 0.0629284
0 2.15385e-16 0.00130516 0.000237691 0.00325136 0.000481931 0.218703 0.0634087
0 2.15385e-16 0.00148219 0.000198715 -0.00291749 -0.000545211 0.218547 0.0634256
0 2.15385e-16 0.00308557 0.000443112 0.000570385 0.000168019 0.217812 0.0642188
0 2.15385e-16 -0.00189922 -0.000285809 0.000477487 1.38455e-05 0.215888 0.0635063
0 2.15385e-16 2.62305e-05 -5.2492e-05 -0.00109449 -0.000202218 0.216245 0.0633381
0 2.15385e-16 1.13757e-05 -9.63971e-05 -0.00199706 -0.000251161 0.216755 0.0629488
0 2.15385e-16 0.00172287 0.000163996 -0.00129724 -0.000231348 0.217937 0.062835
0 2.15385e-16 0.00144888 0.00025277 -0.00130268 -0.00029408 0.217593 0.0625404
0 2.15385e-16 0.00301166 0.0005725 0.00319372 0.000582972 0.216629 0.0640641
0 2.15385e-16 -0.00209362 -0.000395641 0.00318195 0.000539134 0.21678 0.0638828
0 2.15385e-16 -0.00107169 -0.000160543 -0.0010846 -0.000116866 0.218394 0.0635564
0 2.15385e-16 -0.000978358 2.78331e-05 -0.000121236 -0.000147388 0.217659 0.0637486
0 2.15385e-16 0.00164977 0.00033017 0.00090397 0.000203894 0.216786 0.0629251
0 2.15385e-16 0.00102315 6.10498e-05 0.000727775 0.000172686 0.218542 0.0631348
0 2.15385e-16 0.00123776 0.000292904 -0.000963481 -0.000201725 0.217662 0.0634391
0 2.15385e-16 -0.00166597 -0.000374341 0.00203581 0.000354314 0.216488 0.0630117
0 2.15385e-16 -0.00329628 -0.000568873 0.0022755 0.000350028 0.217415 0.0632368
0 2.15385e-16 -0.00178366 -0.00026361 0.00198665 0.000293943 0.215752 0.0635336
0 2.15385e-16 -0.00252822 -0.000531178 0.00102986 0.00017906 0.216757 0.0624531
0 2.15385e-16 0.00203722 0.000399515 -0.0019584 -0.000231529 0.216288 0.0633803
0 2.15385e-16 0.00404191 0.000560003 0.00121628 0.00022822 0.216029 0.0628319
0 2.15385e-16 0.000956399 0.000260782 0.00119917 0.000183648 0.21627 0.0634326
0 2.15385e-16 8.83064e-05 -8.70314e-05 0.000916645 0.000118996 0.216805 0.0636978
0 2.15385e-16 0.00108994 0.000179717 0.00220794 0.000426124 0.217239 0.0637909
0 2.15385e-16 0.00206912 0.000325265 -0.000147633 -1.99968e-05 0.218056 0.0630906
0 2.15385e-16 -0.00142208 -0.000251478 -0.00271627 -0.000289867 0.217418 0.0639751
0 2.15385e-16 -0.000978941 -0.000128256 -0.000939339 -0.000144414 0.21712 0.0629698
0 2.15385e-16 2.38236e-06 -2.67914e-05 3.87453e-05 4.32869e-05 0.215739 0.0628162
0 2.15385e-16 0.000655563 0.000199777 -0.00140234 -0.000261756 0.216687 0.0633945
0 2.15385e-16 0.00297831 0.000525522 -0.00104216 -0.000222488 0.217166 0.0630594
0 2.15385e-16 0.00064764 0.000156065 0.000564364 0.00016598 0.216227 0.0631778
0 2.15385e-16 0.00118556 0.000203559 0.00127481 0.000167238 0.216485 0.0634864
0 2.15385e-16 -0.00138013 -0.000215662 -0.000687195 -5.18828e-05 0.216966 0.0632964
0 2.15385e-16 0.00110455 6.67331e-05 0.00130792 0.000133412 0.216254 0.0640549
0 2.15385e-16 -0.00343374 -0.000692922 0.000235648 2.3863e-05 0.216339 0.0641032
0 2.15385e-16 -0.00123223 -0.000161724 0.000371956 8.02198e-05 0.216972 0.0624574
0 2.15385e-16 -0.0010873 -0.000160046 0.000953197 0.000231096 0.216568 0.0632992
0 2.15385e-16 -0.000453249 -1.1166e-06 -0.00470298 -0.000697818 0.218215 0.0639335
0 2.15385e-16 0.000889092 0.000191162 0.000826568 9.06536e-06 0.21726 0.0630223
0 2.15385e-16 -0.000661417 -3.96665e-05 -0.00202815 -0.000349257 0.217353 0.0636108
0 2.15385e-16 -0.000791743 -0.000193984 -0.00093022 -0.000183365 0.216965 0.0637882
0 2.15385e-16 -0.00482099 -0.000829424 -0.00103184 -0.000200729 0.218312 0.0634776
0 2.15385e-16 0.00126622 0.000331183 -0.000949593 -0.000289116 0.21699 0.0630679
0 2.15385e-16 -0.000437343 -4.26887e-05 -0.000437128 -6.5878e-05 0.216148 0.0635141
0 2.15385e-16 0.0020995 0.00039924 0.000438877 -4.63752e-05 0.217662 0.0633428
0 2.15385e-16 -0.000594224 -0.000199588 0.000283386 4.76336e-05 0.216514 0.063042
0 2.15385e-16 0.000491261 0.000146117 0.00181288 0.000260106 0.216548 0.0631878
0 2.15385e-16 -0.00241515 -0.000439959 0.000523592 0.000119415 0.216575 0.0640803
0 2.15385e-16 0.00123082 0.000246371 -0.000374713 -2.51136e-05 0.216901 0.0634257
0 2.15385e-16 -0.00122356 -0.000228682 0.00149385 0.000184104 0.217175 0.0634478
0 2.15385e-16 -0.00258036 -0.000422263 0.000321723 -2.86345e-05 0.21756 0.0634235
0 2.15385e-16 -0.00253199 -0.000411618 -0.000226794 -3.46505e-06 0.217372 0.0630528
0 2.15385e-16 0.00164921 0.00034188 -0.00326334 -0.000547646 0.21707 0.0628107
0 2.15385e-16 0.00228001 0.000447903 0.00133439 0.000254237 0.215328 0.0626649
0 2.15385e-16 -0.0011098 -0.000225893 -0.00122423 -9.69853e-05 0.217862 0.0635287
0 2.15385e-16 0.000133809 -2.14952e-05 -0.000194407 -0.00010807 0.215507 0.0628034
0 2.15385e-16 0.000757038 0.000296695 0.00310742 0.00051488 0.216497 0.0630382
0 2.15385e-16 -0.00239887 -0.00045779 -0.00190005 -0.000418579 0.217684 0.0635665
0 2.15385e-16 -9.54728e-05 -9.32513e-06 -0.00267278 -0.000407459 0.217396 0.0630131
0 2.15385e-16 -0.00310206 -0.000549267 0.00142424 0.000281604 0.217502 0.0633394
0 2.15385e-16 -0.00207238 -0.000285674 -0.00120002 -0.000280238 0.216639 0.0639613
0 2.15385e-16 -0.000368401 1.42583e-05 0.00153571 0.000240633 0.217192 0.0630996
0 2.15385e-16 0.00425616 0.000678169 0.00284707 0.00048092 0.217229 0.0636005
0 2.15385e-16 0.00138795 0.000266578 -0.00148472 -0.000187306 0.217508 0.0637326
0 2.15385e-16 -0.00323314 -0.000489967 0.000632327 1.26749e-06 0.216555 0.064103
0 2.15385e-16 0.00258655 0.00037723 -0.00111527 -0.000145568 0.217243 0.0631529
0 2.15385e-16 -0.0044092 -0.000723348 -0.000450775 -0.000128077 0.217581 0.0632922
0 2.15385e-16 0.00152035 0.000195377 -0.000259094 2.18042e-05 0.217044 0.0632009
0 2.15385e-16 -0.000364138 -5.34256e-05 -0.00161715 -0.000346472 0.216834 0.0635162
0 2.15385e-16 0.00147502 0.000218939 0.000387624 -1.5015e-05 0.216101 0.0627453
0 2.15385e-16 -0.00222812 -0.000406555 -0.00112878 -5.36828e-05 0.217479 0.0642035
0 2.15385e-16 0.00250963 0.000350988 0.00384191 0.000693535 0.21789 0.0639754
0 2.15385e-16 -0.00154944 -0.000119302 0.00308313 0.000422625 0.2171 0.063643
0 2.15385e-16 0.00115327 0.000235151 -0.00204319 -0.000299181 0.217165 0.0638365
0 2.15385e-16 0.000453073 8.89329e-05 -0.00162087 -0.000323271 0.216903 0.0634346
0 2.15385e-16 -0.00178142 -0.000434585 -0.00148962 -4.19366e-05 0.217163 0.0636462
0 2.15385e-16 0.000471588 -0.000107044 -0.000581339 -0.00013974 0.217571 0.0625389
0 2.15385e-16 -0.00210909 -0.000286222 -0.00185628 -0.000257908 0.217147 0.0640999
0 2.15385e-16 -0.000186951 -2.68602e-05 -0.00353424 -0.000584914 0.217973 0.0639519
0 2.15385e-16 0.000289498 5.96099e-05 0.000142926 0.000120409 0.214917 0.0627248
0 2.15385e-16 -0.00510066 -0.000965971 0.00161771 0.000322447 0.217704 0.0640485
0 2.15385e-16 -0.000535138 -7.79442e-05 -0.000718258 1.69501e-05 0.218008 0.0629492
0 2.15385e-16 0.00180931 0.000276998 0.00573105 0.000926476 0.217227 0.0632697
0 2.15385e-16 0.000209231 2.88342e-05 -0.000447934 -0.000160064 0.217403 0.0629032
0 2.15385e-16 0.00442998 0.000817976 -0.000887481 -0.000201611 0.217159 0.0633568
0 2.15385e-16 8.6504e-05 6.01775e-05 -0.00358234 -0.000709284 0.217317 0.0633793
0 2.15385e-16 0.00100652 0.000110552 -0.00122199 -0.000165551 0.216082 0.0626716
0 2.15385e-16 -0.000379876 -0.000125327 -0.000862925 1.0836e-05 0.21659 0.063951
0 2.15385e-16 0.000558503 -2.87045e-05 -0.00287744 -0.000438248 0.217171 0.0632651
0 2.15385e-16 0.000568366 0.000104085 -0.0038293 -0.000778257 0.219225 0.0632435
0 2.15385e-16 -0.00356317 -0.000625966 0.00236404 0.000345548 0.216665 0.0632106
0 2.15385e-16 0.00118575 0.000192539 -0.00142819 -0.000342378 0.217645 0.0627784
0 2.15385e-16 0.00254358 0.000554954 -0.00158537 -0.000301104 0.216733 0.0634872
0 2.15385e-16 0.00261994 0.000546615 0.000965815 0.000183842 0.216823 0.0632587
0 2.15385e-16 0.00231533 0.000435514 0.000787182 0.000154676 0.21705 0.0631522
0 2.15385e-16 -0.000304238 -5.24914e-06 5.6583e-05 -1.24043e-05 0.215976 0.0630069
0 2.15385e-16 -0.000452322 -0.000114487 0.000197997 2.52689e-05 0.216541 0.0628398
0 2.15385e-16 0.000953243 4.44111e-05 0.00188239 0.000358631 0.216827 0.0635524
0 2.15385e-16 0.00103073 3.00106e-05 -0.00141912 -0.000269046 0.216434 0.0635151
0 2.15385e-16 -0.00121499 -0.000288975 -0.00210238 -0.000399597 0.21788 0.0637486
0 2.15385e-16 -0.00186179 -0.000270485 0.0038187 0.000541203 0.21738 0.063356
0 2.15385e-16 -0.00305911 -0.000546891 -0.00290842 -0.000347729 0.217414 0.0642252
0 2.15385e-16 0.000223867 4.47184e-05 0.00123918 0.000190229 0.215687 0.0631445
0 2.15385e-16 0.0024201 0.000406117 -0.00437133 -0.000581795 0.217461 0.063356
0 2.15385e-16 -0.00101153 -0.00013304 0.00162582 0.000311725 0.216607 0.0635897
0 2.15385e-16 -0.00067465 -0.000106825 0.000712632 9.78295e-05 0.216011 0.0631738
0 2.15385e-16 0.00109721 0.00024893 0.00344213 0.000655225 0.216079 0.0636563
0 2.15385e-16 -0.000215911 -3.84256e-05 0.00185349 0.000188869 0.2168 0.0632693
0 2.15385e-16 -0.00343585 -0.00058607 8.97336e-08 5.92487e-05 0.218711 0.0637847
0 2.15385e-16 -0.0012329 -0.000180429 0.00139731 0.000180832 0.216708 0.0638124
0 2.15385e-16 0.00101074 0.000121425 0.000301047 -7.36654e-05 0.216515 0.0631911
0 2.15385e-16 -0.000445076 -0.000136646 0.000433639 4.25608e-05 0.217296 0.0632873
0 2.15385e-16 -0.000210048 3.44918e-05 -0.00280927 -0.000288036 0.217518 0.0638326
0 2.15385e-16 -0.0024854 -0.00034269 -0.00240341 -0.000306865 0.21828 0.0631657
0 2.15385e-16 -0.000948641 -0.000250454 0.00129623 0.00028092 0.216804 0.0625146
0 2.15385e-16 0.00123944 7.92992e-05 0.00115543 0.000216239 0.215894 0.0638491
0 2.15385e-16 -0.000139822 2.84856e-05 7.14693e-05 7.29654e-05 0.216783 0.0628858
0 2.15385e-16 0.00245045 0.000488057 0.00118489 0.000186221 0.216097 0.0638233
0 2.15385e-16 0.000461912 9.44555e-05 -0.00108916 -0.000204436 0.216747 0.0628007
0 2.15385e-16 0.000255661 6.60864e-05 0.000498455 0.000116135 0.216257 0.0630751
0 2.15385e-16 -0.00104895 -0.000127728 -0.00235288 -0.000473799 0.217927 0.0641037
0 2.15385e-16 -0.00061592 -6.82675e-05 -0.00126467 1.09585e-05 0.21752 0.0636763
0 2.15385e-16 -8.28203e-05 -0.000160957 0.00511672 0.000834368 0.217945 0.0632473
0 2.15385e-16 -0.000980406 -0.000162119 -0.00118009 -0.000225506 0.217575 0.0633564
0 2.15385e-16 0.000930562 0.00019144 -0.001166 -0.000219873 0.216938 0.0635397
0 2.15385e-16 0.00147849 0.000288242 0.0015896 0.000259939 0.21643 0.0633839
0 2.15385e-16 -0.00131611 -0.000186963 -0.000715815 7.38288e-05 0.218366 0.0635659
0 2.15385e-16 0.000424281 5.86844e-05 0.00081608 4.6284e-05 0.215865 0.063534
0 2.15385e-16 0.00248951 0.000519178 -0.000123962 -2.46749e-05 0.216398 0.063386
0 2.15385e-16 -0.00328251 -0.000538022 0.00220915 0.000277125 0.216223 0.0639507
0 2.15385e-16 0.00123052 0.00012425 0.000250446 0.000125412 0.217081 0.0636601
0 2.15385e-16 0.00340035 0.000544342 0.00332406 0.000545997 0.216886 0.0630833
0 2.15385e-16 0.00201062 0.000254962 0.000938894 0.000119979 0.217402 0.0634056
0 2.15385e-16 0.00164244 0.000306394 0.00171219 0.000363463 0.217899 0.0636936
0 2.15385e-16 -0.0014234 -0.000320539 0.00303561 0.000295394 0.217223 0.0636638
0 2.15385e-16 -0.000247882 -0.000107833 -0.00159006 -0.000426256 0.216517 0.0633354
0 2.15385e-16 0.00101654 8.7056e-05 0.00117306 0.000118097 0.215989 0.0632567
0 2.15385e-16 -0.00502203 -0.000865891 -0.00144401 -0.000247432 0.218135 0.0638482
0 2.15385e-16 0.00152785 0.000333439 0.00256224 0.000489717 0.216478 0.0634852
0 2.15385e-16 0.000932053 0.000236584 0.000107225 2.2058e-05 0.216363 0.0629897
0 2.15385e-16 -0.00181265 -0.000421268 -0.000789201 -9.38417e-05 0.216812 0.0639541
0 2.15385e-16 -0.00253268 -0.000389413 0.00107848 0.000198993 0.216087 0.0633833
0 2.15385e-16 -0.00374973 -0.000628542 0.00119085 0.000267746 0.21648 0.064413
0 2.15385e-16 -0.00159234 -0.000391474 0.00254785 0.000319586 0.217078 0.0632754
0 2.15385e-16 -0.00233429 -0.000381293 -0.000846342 -0.000263281 0.217541 0.0633743
0 2.15385e-16 0.00178091 0.000223005 0.000596292 8.76078e-05 0.217127 0.0635949
0 2.15385e-16 -0.00387124 -0.000676217 -0.00323642 -0.000576887 0.21625 0.0638801
0 2.15385e-16 -0.000249983 -0.000112844 0.00194362 0.000349323 0.21754 0.062429
0 2.15385e-16 5.46906e-05 4.58257e-05 -0.00340929 -0.00065805 0.217593 0.0633749
0 2.15385e-16 -0.00401079 -0.000652724 -0.000627322 -0.000108048 0.218437 0.0630366
0 2.15385e-16 -0.00139379 -0.000352589 -1.29019e-05 -5.75258e-05 0.21598 0.0636899
0 2.15385e-16 0.0019597 0.000256132 -0.000802648 -0.000255391 0.217313 0.0641835
0 2.15385e-16 0.00271246 0.000445932 0.00157311 0.000181598 0.217503 0.0634732
0 2.15385e-16 0.00130135 0.000214647 -0.000766836 -0.000231418 0.216926 0.0634052
0 2.15385e-16 0.00186771 0.000267763 -0.00296024 -0.000362129 0.216495 0.0630978
0 2.15385e-16 0.00155349 0.000246259 -0.00120985 -0.000174304 0.216742 0.0632936
0 2.15385e-16 0.000610821 0.000171383 -0.000107881 -4.19286e-05 0.215979 0.0636327
0 2.15385e-16 0.00226039 0.000383729 -0.00146593 -0.000232844 0.217146 0.0637077
0 2.15385e-16 0.00144882 0.000245867 0.000796516 7.52826e-05 0.216561 0.0635041
0 2.15385e-16 -0.000313241 -8.02434e-06 -0.00106088 -0.000209057 0.217012 0.0633687
0 2.15385e-16 0.000832137 5.98158e-05 -0.000380197 -3.11551e-05 0.217242 0.064217
0 2.15385e-16 -0.0010729 -0.000245607 -0.00240618 -0.000351727 0.216793 0.0639692
0 2.15385e-16 0.00229595 0.000463053 -0.00144337 -0.000162844 0.217531 0.0629297
0 2.15385e-16 -0.000811071 -0.000184812 0.00013087 1.78436e-05 0.216176 0.0634135
0 2.15385e-16 0.00057769 0.000118983 -0.000374084 4.25561e-05 0.216701 0.0631304
0 2.15385e-16 -0.000709711 -0.000108425 0.00319023 0.000449973 0.217217 0.0630052
0 2.15385e-16 -0.00142048 -0.000244764 -0.00386027 -0.000567772 0.217722 0.0637379
0 2.15385e-16 -0.00138353 -0.000179399 0.000765388 0.000150144 0.217644 0.0638212
0 2.15385e-16 0.00105032 0.000220088 -0.00398891 -0.000640969 0.218339 0.0637793
0 2.15385e-16 0.00162758 0.000364288 0.000794287 -6.76601e-05 0.217405 0.0630425
0 2.15385e-16 -0.00330976 -0.000495132 7.49885e-05 2.53928e-05 0.216936 0.0635316
0 2.15385e-16 -0.00127529 -0.000237241 -0.00148116 -9.36239e-05 0.216685 0.0638726
0 2.15385e-16 0.000111725 1.66316e-05 -0.00173553 -0.000463227 0.215872 0.062711
0 2.15385e-16 0.000841713 0.00019515 -0.00210814 -0.000355138 0.216619 0.0639171
0 2.15385e-16 -0.00142982 -0.000265239 0.00157798 0.000211095 0.216859 0.0633131
0 2.15385e-16 0.0018015 0.000308439 -0.000355778 -6.77209e-05 0.216626 0.0630905
0 2.15385e-16 -0.000702388 -0.000143441 0.0019877 0.000298873 0.215845 0.0634822
0 2.15385e-16 0.00205496 0.000256059 -8.89246e-05 5.99445e-05 0.217204 0.0637322
0 2.15385e-16 0.000541678 1.94774e-05 0.00168031 0.000255784 0.216419 0.0629362
0 2.15385e-16 0.00166618 0.000154251 0.00215417 0.000367548 0.217096 0.0630659
0 2.15385e-16 -0.000563687 -0.000263066 0.00115438 0.000297604 0.216578 0.0637128
0 2.15385e-16 0.00175208 0.000225097 -0.000249952 -4.47444e-05 0.217339 0.0629384
0 2.15385e-16 -2.09648e-05 -2.63406e-05 -0.00315199 -0.000344915 0.218383 0.0636708
0 2.15385e-16 3.49229e-05 5.27088e-05 0.00132839 0.000215476 0.217345 0.0630733
0 2.15385e-16 0.0020004 0.000368636 0.00119703 0.000231827 0.216802 0.0628355
0 2.15385e-16 0.00266514 0.000559853 0.000850253 0.000279411 0.217113 0.0636459
0 2.15385e-16 -0.000774935 -0.00023427 -0.00139207 -0.000104914 0.217727 0.0640429
0 2.15385e-16 -0.00157146 -0.000259417 -0.000630607 -0.000107007 0.216654 0.0630674
0 2.15385e-16 -0.0016132 -0.000360879 -7.34646e-05 8.77683e-05 0.216821 0.0633551
0 2.15385e-16 9.39832e-05 8.3864e-05 -0.000796107 4.0572e-06 0.217321 0.063093
0 2.15385e-16 -0.000137377 -3.73176e-05 0.00223449 0.000288526 0.216189 0.063289
0 2.15385e-16 -0.000447905 -7.79677e-06 0.00130988 0.000327553 0.216389 0.0642053
0 2.15385e-16 0.00140319 0.000332014 -0.00137404 -0.000270848 0.21668 0.0633355
0 2.15385e-16 -0.000635135 -0.000126873 -0.00140713 -0.000180757 0.216791 0.0635887
0 2.15385e-16 0.000328674 5.16742e-06 -0.0002343 -0.000104043 0.21766 0.062969
0 2.15385e-16 -0.00425703 -0.000762109 0.00146436 0.000299675 0.217634 0.063706
0 2.15385e-16 0.00302952 0.000648927 0.000699718 5.90698e-05 0.217 0.0631983
0 2.15385e-16 -0.00383509 -0.000494009 -0.000529285 -8.38088e-05 0.217935 0.0635982
0 2.15385e-16 0.00433561 0.000637077 0.00492972 0.000555427 0.216968 0.0637793
0 2.15385e-16 -0.00103482 -0.000189514 0.00119094 0.000380216 0.217395 0.0629875
0 2.15385e-16 -0.00163393 -0.000186677 0.00166495 0.000358256 0.216487 0.0633135
0 2.15385e-16 0.00128357 0.000160808 0.00129676 0.000261825 0.21649 0.0643273
0 2.15385e-16 0.000647274 0.000288959 -0.00232583 -0.000362009 0.218056 0.0632414
0 2.15385e-16 -0.00206103 -0.000438188 -0.00179056 -0.000394887 0.21861 0.0636676
0 2.15385e-16 0.000371768 4.42125e-05 -0.00191603 -0.000331856 0.217702 0.0627215
0 2.15385e-16 0.000995993 -1.81091e-05 0.00146106 0.000274431 0.217482 0.0633097
0 2.15385e-16 -0.00160785 -0.00035365 0.00120345 0.000137721 0.217795 0.0631013
0 2.15385e-16 0.00246398 0.000416647 0.000125651 -7.35184e-05 0.216619 0.0628235
0 2.15385e-16 -0.00167171 -0.000310376 -0.00300234 -0.000400163 0.217541 0.0639251
0 2.15385e-16 -0.00326773 -0.000629405 -0.0031014 -0.000521128 0.217592 0.0629707
0 2.15385e-16 -0.00174533 -0.000304866 0.000499612 0.000141955 0.217224 0.063653
0 2.15385e-16 0.000116359 1.43593e-05 0.000797359 0.000234482 0.216633 0.0633287
0 2.15385e-16 0.00251173 0.000502975 -0.000219656 0.000119689 0.216778 0.0633074
0 2.15385e-16 0.00218891 0.00031952 -0.00328543 -0.000449303 0.217065 0.0638065
0 2.15385e-16 0.000613509 7.09783e-05 0.000998768 0.000166457 0.217193 0.0629097
0 2.15385e-16 0.00040279 7.82639e-05 -0.000505256 2.38821e-05 0.216104 0.0630336
0 2.15385e-16 0.000937877 4.63639e-05 -0.00103266 -0.000111842 0.217407 0.0633635
0 2.15385e-16 0.00423951 0.000573682 0.00231927 0.000307591 0.216834 0.0636694
0 2.15385e-16 -0.000678127 -7.74573e-05 -0.00140539 -0.000342163 0.218519 0.0630267
0 2.15385e-16 0.00157681 0.000163811 -0.000649201 -0.000135603 0.216391 0.0635045
0 2.15385e-16 -0.00041024 -0.000102021 0.000502921 0.000121404 0.215723 0.0635767
0 2.15385e-16 -0.000994736 -0.000220489 -0.00299112 -0.000553893 0.218244 0.0639656
0 2.15385e-16 -0.00256575 -0.00040836 0.00250549 0.000302204 0.217131 0.0639689
0 2.15385e-16 0.00355644 0.000646565 -0.00256677 -0.000469408 0.21814 0.062826
0 2.15385e-16 0.000437592 3.68586e-05 -0.00128795 -0.000134949 0.217089 0.0639426
0 2.15385e-16 -0.00168058 -0.000309703 0.00217441 0.000397153 0.217935 0.062896
0 2.15385e-16 0.000159656 3.4072e-05 0.000702931 0.000112678 0.218192 0.063037
0 2.15385e-16 -0.00126534 -0.000243843 -0.000848039 -8.98737e-05 0.217592 0.0633638
0 2.15385e-16 0.00265464 0.000325356 0.0041084 0.000591879 0.21578 0.0640872
0 2.15385e-16 -0.00127983 -0.00018475 -0.000482979 2.73293e-05 0.217355 0.0631784
0 2.15385e-16 0.000850763 8.22885e-05 -3.90265e-05 5.22731e-05 0.216377 0.0632622
0 2.15385e-16 0.000820519 0.000154708 -0.00288596 -0.000310135 0.217785 0.0641129
0 2.15385e-16 -0.00451986 -0.000780555 -0.00151758 -0.000135082 0.217273 0.0634378
0 2.15385e-16 -3.33952e-05 -0.000153119 -0.000779824 -0.000152876 0.216735 0.0629804
0 2.15385e-16 -0.00187472 -0.00015743 0.00164875 0.000176146 0.217191 0.0643126
0 2.15385e-16 -0.000324807 -3.31135e-05 0.00118516 0.000132224 0.216488 0.063112
0 2.15385e-16 -0.00024478 -9.81748e-05 0.00242753 0.000394159 0.216362 0.0632038
0 2.15385e-16 -0.00191625 -0.000389885 -0.000291927 -0.000150931 0.217532 0.0639275
0 2.15385e-16 0.00422668 0.000684294 -0.00153485 -0.000155506 0.216345 0.0639236
0 2.15385e-16 -0.000814176 -0.000139206 0.00212933 0.00023633 0.216042 0.0629155
0 2.15385e-16 0.000749144 0.000173382 0.00212854 0.000387024 0.216153 0.0630895
0 2.15385e-16 0.000502517 3.53739e-05 -0.00042421 3.35245e-06 0.216258 0.0631593
0 2.15385e-16 -0.00169591 -0.000297007 -0.000356639 -6.18652e-05 0.217353 0.0634059
0 2.15385e-16 0.00311987 0.000599237 -0.00256298 -0.000421302 0.217072 0.0631138
0 2.15385e-16 -0.00259216 -0.000567884 -0.000156824 3.87714e-05 0.217345 0.0638
0 2.15385e-16 -0.00194068 -0.000367372 0.000531176 8.39834e-05 0.21912 0.0633279
0 2.15385e-16 0.00364454 0.00053036 -0.00182084 -0.00017244 0.218197 0.0632998
0 2.15385e-16 0.00105132 0.000267901 -0.00352001 -0.000664034 0.21903 0.0634288
0 2.15385e-16 -9.06804e-05 -7.82063e-06 0.00121121 0.000111307 0.216981 0.0638069
0 2.15385e-16 -0.00190702 -0.000264371 -9.58429e-05 2.10212e-05 0.216433 0.0638083
0 2.15385e-16 -0.00205246 -0.000344338 0.00119437 0.000109642 0.216109 0.0627247
0 2.15385e-16 -0.000498604 -3.18383e-05 0.00203264 0.000253404 0.216846 0.0638434
0 2.15385e-16 -0.00289313 -0.000653045 -0.00188743 -0.000345216 0.217221 0.0647684
0 2.15385e-16 -0.000751577 -0.000199296 0.00203003 0.000331943 0.217167 0.0627866
0 2.15385e-16 -0.000322857 -0.000162705 0.00205289 0.000206542 0.216721 0.0639193
0 2.15385e-16 -0.00366183 -0.000691812 0.000522534 0.000127422 0.217538 0.063372
0 2.15385e-16 0.000308899 0.00010589 -0.000744888 -0.000250865 0.216894 0.0633603
0 2.15385e-16 0.000786254 0.000152359 -0.00149518 -0.000355482 0.216913 0.0631408
0 2.15385e-16 -0.00244224 -0.000427669 0.000809641 5.67234e-06 0.218168 0.0632385
0 2.15385e-16 0.00102389 0.000186097 9.42124e-05 7.06767e-05 0.217116 0.0628797
0 2.15385e-16 0.000113197 2.0089e-05 0.00158565 0.000335422 0.216193 0.0631655
0 2.15385e-16 -0.00167291 -0.000228411 0.00397449 0.000655059 0.215898 0.0635991
0 2.15385e-16 0.000636418 0.000128284 -0.00199976 -0.000182957 0.216831 0.0633451
0 2.15385e-16 -0.00074249 -8.01737e-05 0.00157147 0.000390023 0.217789 0.063063
0 2.15385e-16 -0.00139505 -0.000161073 0.00117019 0.00022367 0.217389 0.0635841
0 2.15385e-16 -0.00122607 -8.9928e-05 0.00085386 0.000148248 0.217343 0.0632484
0 2.15385e-16 0.00159042 0.000263225 0.00230163 0.000459146 0.217748 0.0635994
0 2.15385e-16 -0.00176563 -0.000232909 -0.00325323 -0.000513357 0.218329 0.0643134
0 2.15385e-16 -0.000321947 -0.000135712 0.000775494 2.28076e-05 0.216389 0.0631304
0 2.15385e-16 -0.0012281 -7.28796e-05 0.00100192 1.09391e-05 0.217148 0.0633897
0 2.15385e-16 2.36603e-07 8.33992e-05 -0.000309222 -7.74519e-05 0.216838 0.0633553
0 2.15385e-16 0.000992588 0.000289679 0.000774071 3.99602e-05 0.217037 0.0625755
0 2.15385e-16 -0.00254513 -0.000502877 0.00113741 7.66157e-05 0.217521 0.0629181
0 2.15385e-16 0.000794331 0.000164505 0.000921652 0.00010328 0.2169 0.0635721
0 2.15385e-16 4.79911e-05 5.07575e-05 0.00155125 0.000209913 0.217483 0.0630515
0 2.15385e-16 -0.000662713 -5.96119e-05 -0.000392195 -5.27465e-05 0.217456 0.0633193
0 2.15385e-16 0.000285051 1.21713e-05 -0.00116256 -0.000172229 0.21588 0.0631671
0 2.15385e-16 -0.00201706 -0.000337226 0.00170528 0.000359321 0.216603 0.0639777
0 2.15385e-16 0.000809744 0.000265865 -7.08771e-06 -1.07064e-05 0.216138 0.0628717
0 2.15385e-16 0.00196581 0.000277446 0.00126545 0.000330545 0.217487 0.0630291
0 2.15385e-16 -0.000277274 -2.90752e-05 1.89962e-05 -6.89296e-06 0.215581 0.0635596
0 2.15385e-16 0.00182217 0.000386923 -0.000562042 -8.74975e-05 0.216075 0.0631275
0 2.15385e-16 -0.000680681 1.87974e-05 -0.000862444 -0.000162442 0.216582 0.0630014
0 2.15385e-16 -0.00325509 -0.000667272 -0.00184987 -0.000214444 0.217413 0.0635876
0 2.15385e-16 0.00200398 0.000363046 0.00423918 0.000621581 0.217502 0.0633848
0 2.15385e-16 -0.00307973 -0.000494535 0.0018804 0.000229615 0.2176 0.0630822
0 2.15385e-16 -0.000731012 -0.000165083 0.00137369 0.000211002 0.215817 0.0638876
0 2.15385e-16 -0.000828392 -0.000146306 0.000104017 2.6351e-05 0.217118 0.0632232
0 2.15385e-16 -0.00133302 -0.000179446 -0.00110055 -0.000270143 0.217437 0.0631104
0 2.15385e-16 -0.00156669 -0.000247263 0.000936148 0.000134038 0.215947 0.0637533
0 2.15385e-16 0.00195422 0.000280828 -0.00208362 -0.000438293 0.216391 0.0629538
0 2.15385e-16 0.0011721 0.000310611 -0.00260786 -0.000294108 0.218098 0.062557
0 2.15385e-16 0.00182785 0.000360191 0.00064777 3.7411e-05 0.216374 0.0631556
0 2.15385e-16 -0.00021951 6.48696e-05 2.15966e-05 4.40899e-05 0.215368 0.0630571
0 2.15385e-16 0.00463054 0.000820285 -0.00311749 -0.000467628 0.216738 0.0634093
0 2.15385e-16 -0.00199348 -0.000298459 0.00286016 0.000431705 0.215815 0.0630222
0 2.15385e-16 -0.00195305 -0.000270932 0.000638283 0.000154971 0.217354 0.0631316
0 2.15385e-16 0.00198247 0.000287073 -0.00321916 -0.000374893 0.217699 0.0638273
0 2.15385e-16 -0.00334192 -0.000368056 -0.00260232 -0.000482378 0.217529 0.0635967
0 2.15385e-16 0.0016907 0.000366686 0.00174516 0.000261322 0.21737 0.0631136
0 2.15385e-16 0.00187963 0.00034458 -0.00203717 -0.000360941 0.216891 0.0627537
0 2.15385e-16 -0.0011562 -0.000205809 0.000858393 0.000239269 0.216912 0.0631616
0 2.15385e-16 -0.00198942 -0.000383943 0.0029987 0.000394277 0.217172 0.0633248
0 2.15385e-16 0.00343018 0.000656012 -0.00353388 -0.000587399 0.218156 0.0635686
0 2.15385e-16 0.00186905 0.000416227 -0.000555255 -0.000136627 0.217267 0.0628714
0 2.15385e-16 -0.000480536 7.30669e-06 0.00242175 0.000382044 0.216661 0.0629889
0 2.15385e-16 -7.88474e-05 0.000102515 -0.00150414 -0.000219312 0.21652 0.0638127
0 2.15385e-16 0.00122058 0.000187691 -0.00228627 -0.00045408 0.217803 0.0625998
0 2.15385e-16 -0.00497397 -0.000817749 -0.0015919 -0.00020074 0.216939 0.0640336
0 2.15385e-16 0.00229092 0.000528212 0.00222433 0.000509422 0.218058 0.0639185
0 2.15385e-16 -0.00144726 -0.000244997 0.00208367 0.000322486 0.217029 0.0633792
0 2.15385e-16 0.00159984 0.00027641 0.000356447 2.59265e-05 0.217558 0.0632643
0 2.15385e-16 0.00219287 0.000269721 -0.000572099 -1.79428e-05 0.216487 0.0635277
0 2.15385e-16 -0.000938037 -0.000215472 -0.00459159 -0.0007889 0.218178 0.0633702
0 2.15385e-16 -0.00220582 -0.000442908 4.83285e-05 9.72905e-05 0.216647 0.0633029
0 2.15385e-16 0.000580515 0.000168967 0.00289111 0.000508254 0.217158 0.0633458
0 2.15385e-16 -0.00100827 -0.000189412 -0.000143582 0.000100998 0.217082 0.0630334
0 2.15385e-16 -0.00248736 -0.000330783 0.00016767 2.02894e-05 0.216602 0.0640883
0 2.15385e-16 -0.000146306 -3.5583e-05 -0.000162225 3.43503e-07 0.215215 0.0638799
0 2.15385e-16 0.00180794 0.000358661 0.000671009 0.000129484 0.217563 0.062874
0 2.15385e-16 0.00234879 0.000398325 0.00206131 0.000368024 0.218376 0.06303
0 2.15385e-16 0.00113401 0.000253547 -0.00251801 -0.000354955 0.216572 0.0635893
0 2.15385e-16 0.00198944 0.000362647 0.000837344 0.00018757 0.217679 0.0631079
0 2.15385e-16 0.0010013 0.0002159 0.00174319 0.000193266 0.217067 0.0633883
0 2.15385e-16 0.00358835 0.000647788 -0.000976307 -0.000189969 0.216397 0.0635638
0 2.15385e-16 0.00169189 0.000398786 -0.000555959 -1.20366e-05 0.217032 0.06323
0 2.15385e-16 -0.00239411 -0.000473671 -0.00231442 -0.000329901 0.218762 0.0638951
0 2.15385e-16 0.00129353 0.000263042 -0.001818 -0.000181638 0.216692 0.0633657
0 2.15385e-16 0.000150314 7.2642e-05 -0.000806258 6.31365e-05 0.214949 0.0642095
0 2.15385e-16 -0.00157021 -0.000310552 0.000517725 -3.14348e-05 0.216972 0.0633672
0 2.15385e-16 -0.0010238 -9.4296e-05 -0.00162276 -0.000279917 0.218217 0.0634626
0 2.15385e-16 0.00172013 0.000213663 0.000899194 2.40877e-05 0.217767 0.0623772
0 2.15385e-16 0.0013471 0.000263065 -0.00155666 -0.000134469 0.21702 0.0637532
0 2.15385e-16 9.46237e-06 -3.73733e-05 -0.000736697 -9.26938e-05 0.215807 0.0634008
0 2.15385e-16 0.000160761 6.67784e-05 0.000797994 7.7192e-05 0.215969 0.0639215
0 2.15385e-16 0.00191659 0.000369292 0.00166776 0.000200321 0.216111 0.0635508
0 2.15385e-16 0.00361055 0.000408639 -0.00020499 -7.55544e-05 0.217382 0.0637914
0 2.15385e-16 0.000257684 -5.6703e-05 0.000203165 3.56764e-05 0.216825 0.0636189
0 2.15385e-16 0.00249604 0.000355607 0.000237491 -2.42575e-06 0.217136 0.0635915
0 2.15385e-16 0.000806649 9.60092e-05 0.000677076 0.000115449 0.217243 0.0624857
0 2.15385e-16 0.00208313 0.000355125 -0.00243935 -0.00028789 0.21764 0.0634094
0 2.15385e-16 0.00330333 0.00052643 0.0025127 0.000339784 0.217114 0.0635562
0 2.15385e-16 -0.000304449 -1.64952e-05 -0.0024819 -0.000565543 0.21705 0.062973
0 2.15385e-16 0.00135554 0.000251057 -0.000615801 -7.63685e-05 0.215513 0.0634445
0 2.15385e-16 0.00108626 0.000232611 -0.00304584 -0.000551727 0.217075 0.0632185
0 2.15385e-16 0.00393146 0.000665441 -0.000439425 -2.94201e-05 0.217444 0.0631617
0 2.15385e-16 0.00138302 0.000219709 -0.000245233 -0.000120107 0.216119 0.0634593
0 2.15385e-16 0.0010695 0.000227274 0.0012946 0.000237217 0.215825 0.0635662
0 2.15385e-16 -0.000970606 -0.000181462 0.00296737 0.000452416 0.21682 0.0635548
0 2.15385e-16 -0.00422214 -0.000691426 -0.00230177 -0.000490863 0.218565 0.0636414
0 2.15385e-16 0.000443539 8.26694e-05 0.000507505 -4.74241e-05 0.216728 0.0633281
0 2.15385e-16 -0.00103558 -0.000100663 0.000398654 -2.63366e-05 0.215861 0.0634506
0 2.15385e-16 -0.00323462 -0.000473456 0.000940135 0.000277405 0.21686 0.0641342
0 2.15385e-16 0.00167072 0.000255644 1.12576e-05 8.91649e-06 0.216577 0.0636776
0 2.15385e-16 0.00124836 0.000157295 0.00248597 0.000553699 0.217533 0.0640991
0 2.15385e-16 -0.00010903 -1.52252e-05 0.000531387 -4.84702e-05 0.215395 0.0627243
0 2.15385e-16 -0.0022685 -0.000534089 -0.000572517 -8.3748e-05 0.217034 0.063013
0 2.15385e-16 0.000363031 2.56311e-05 0.0019503 0.00037757 0.217443 0.0624993
0 2.15385e-16 0.00109845 8.32022e-05 -0.000158238 -0.00027048 0.216952 0.0633272
0 2.15385e-16 0.000256767 -2.36171e-05 0.000950221 0.000159419 0.216153 0.0638347
0 2.15385e-16 0.00172793 0.000353436 0.00294305 0.000399378 0.217533 0.0636465
0 2.15385e-16 -0.00074281 -4.07739e-05 0.00166161 0.000353973 0.216423 0.0638003
0 2.15385e-16 -0.00233082 -0.000300896 -1.20585e-05 -3.84468e-06 0.217367 0.0632224
0 2.15385e-16 -0.00254774 -0.000456448 -0.00141543 -0.000187578 0.216838 0.0631804
0 2.15385e-16 0.00218479 0.000296062 -0.000337366 0.000132936 0.216682 0.0631101
0 2.15385e-16 0.00305914 0.000438831 0.000721158 6.69302e-05 0.216864 0.0639026
0 2.15385e-16 -0.00101726 -0.000208228 0.0011785 0.00018548 0.216556 0.063509
0 2.15385e-16 0.000924351 0.000186035 -6.54965e-05 -7.56191e-06 0.215724 0.0631461
0 2.15385e-16 0.00199345 0.000351518 0.00119039 -2.11074e-05 0.217594 0.0641134
0 2.15385e-16 -5.34495e-05 4.92936e-05 -0.00180633 -0.000439949 0.217387 0.0632099
0 2.15385e-16 0.00185097 0.000318648 0.00207399 0.000435289 0.217047 0.0632551
0 2.15385e-16 0.000466779 0.000166867 -0.000468521 -0.00016279 0.217994 0.0632308
0 2.15385e-16 0.00126622 0.000195045 -0.00124285 -0.000197973 0.217756 0.0635356
0 2.15385e-16 -0.00293646 -0.000493421 -0.000561232 -2.48546e-05 0.217192 0.0644013
0 2.15385e-16 -0.000877516 -0.000182462 0.00152344 0.00019494 0.217579 0.0632275
0 2.15385e-16 0.00460809 0.00086636 -0.00214257 -0.000278779 0.2176 0.063716
0 2.15385e-16 0.00217561 0.000376985 -0.000347248 -7.20519e-05 0.217081 0.0628911
0 2.15385e-16 -0.00406438 -0.000613735 0.000187349 2.93887e-05 0.216277 0.0635562
0 2.15385e-16 -0.00100426 -7.637e-05 -0.000141437 8.84071e-05 0.216824 0.0630001
0 2.15385e-16 0.00178807 0.000223698 0.00231998 0.000331464 0.217534 0.064223
0 2.15385e-16 -0.000263334 2.50594e-05 -0.000307609 -2.81279e-05 0.217323 0.0632184
0 2.15385e-16 -0.000772268 -0.000183125 0.000894655 0.000253047 0.21598 0.0627383
0 2.15385e-16 0.00164003 0.000212412 0.00308466 0.000583845 0.217368 0.0630579
0 2.15385e-16 -0.00162154 -0.000257155 0.00144695 0.000161651 0.217549 0.0633366
0 2.15385e-16 -0.0012112 -0.000235506 -0.000902626 -0.000168446 0.216489 0.0631174
0 2.15385e-16 0.00151137 0.000266959 -0.00148022 -0.000416196 0.21608 0.0634083
0 2.15385e-16 -0.000209597 1.65429e-05 0.000777638 0.000162493 0.2167 0.0626949
0 2.15385e-16 -0.0010777 -0.000176412 0.000535877 2.12579e-05 0.216428 0.0642061
0 2.15385e-16 -0.00140581 -0.000325048 0.00113825 0.000118752 0.217144 0.0634201
0 2.15385e-16 -0.00282214 -0.000626689 -0.00108689 -0.000150476 0.217784 0.0636841
0 2.15385e-16 0.00172936 0.000214756 -0.00137173 -0.000207186 0.217696 0.0639082
0 2.15385e-16 0.00102008 0.000140234 0.00106869 0.000312817 0.218066 0.0624448
0 2.15385e-16 0.00130017 0.000239707 -0.000133653 0.000128232 0.21539 0.0628996
0 2.15385e-16 0.00237984 0.000480969 -0.00101183 -0.000191466 0.218097 0.0633379
0 2.15385e-16 -0.00174761 -0.000348043 -0.00216366 -0.000343035 0.218802 0.063526
0 2.15385e-16 0.000549764 0.000141269 0.00265105 0.000487796 0.216125 0.0636781
0 2.15385e-16 0.00153878 0.000201322 -0.00325619 -0.000537774 0.218091 0.063371
0 2.15385e-16 9.2118e-06 6.39952e-05 -0.000809767 -0.000160263 0.216479 0.0632001
0 2.15385e-16 0.00127911 0.00012078 -8.53655e-05 0.000110588 0.217029 0.0635665
0 2.15385e-16 -0.000485746 -1.50693e-05 -0.00149504 -0.000182942 0.217255 0.0634977
0 2.15385e-16 0.000606926 0.000127847 -0.000793728 -4.84776e-05 0.216752 0.0632265
0 2.15385e-16 -0.000791739 -9.04516e-05 -0.00335761 -0.000466939 0.218166 0.0639741
0 2.15385e-16 0.00357495 0.000544317 -0.000485818 -0.000159628 0.217259 0.0634683
0 2.15385e-16 -0.00324041 -0.000548234 -0.0030499 -0.000496916 0.217774 0.0634523
0 2.15385e-16 -0.0014699 -0.000301316 -0.000969784 -0.000253921 0.216707 0.0633541
0 2.15385e-16 -0.000654575 -0.000102077 -0.00115809 -0.000107455 0.218101 0.0631148
0 2.15385e-16 -7.08946e-05 -3.00489e-05 0.00114152 0.000114444 0.21644 0.0631174
0 2.15385e-16 0.000203487 6.89383e-05 0.000474332 7.04007e-05 0.215297 0.0632493
0 2.15385e-16 0.00312371 0.000616537 -0.000828853 -0.000142901 0.216685 0.0636133
0 2.15385e-16 0.000843212 0.000136386 0.00133655 4.7437e-05 0.218089 0.0632731
0 2.15385e-16 0.000246488 3.45992e-05 0.000578878 4.92164e-05 0.217303 0.0635941
0 2.15385e-16 0.00294384 0.000608534 0.00102636 0.000218453 0.217444 0.0633713
0 2.15385e-16 0.00102673 0.0002795 0.00158491 0.00021664 0.215773 0.063447
0 2.15385e-16 -0.00580114 -0.000930402 -0.00159015 -0.000243164 0.217493 0.0633637
0 2.15385e-16 0.00155392 0.000312117 -0.00142973 -0.00017737 0.217712 0.0626893
0 2.15385e-16 -0.00102531 -0.000197209 -0.00341812 -0.000687349 0.217876 0.0635631
0 2.15385e-16 -0.000842693 -0.000199763 0.0031476 0.000601765 0.215945 0.0637622
0 2.15385e-16 0.00306739 0.000593247 0.00118694 0.000175845 0.217225 0.0635969
0 2.15385e-16 0.0031936 0.000682049 0.00132153 0.000197408 0.217798 0.0633085
0 2.15385e-16 0.00148728 0.000275971 -0.000722519 -4.37416e-05 0.216527 0.0628074
0 2.15385e-16 -0.00162312 -0.000230085 0.00150587 0.000124617 0.216801 0.0638572
0 2.15385e-16 0.00306519 0.000579373 -0.000155306 -2.33098e-05 0.216665 0.0639549
0 2.15385e-16 0.000521121 8.62105e-05 0.000389852 0.000102374 0.216364 0.0624686
0 2.15385e-16 0.000554146 0.000133133 -0.000703472 -0.000268386 0.216196 0.062842
0 2.15385e-16 -0.00108294 -0.000112108 -0.000846553 -0.000104308 0.217357 0.0635545
0 2.15385e-16 0.00130098 0.000127263 -0.00134552 -0.000208612 0.217663 0.0625087
0 2.15385e-16 -0.00127452 -0.000286978 -0.000667915 -0.000192091 0.216851 0.0634286
0 2.15385e-16 0.00341032 0.000648515 0.00135933 0.000277725 0.216253 0.0631374
0 2.15385e-16 0.00265479 0.000511835 -0.00181235 -0.000180409 0.217006 0.0633832
0 2.15385e-16 -0.00224488 -0.000334118 0.000822855 0.000323332 0.216903 0.0639476
0 2.15385e-16 -0.0019774 -0.000252172 0.000462183 -4.36145e-05 0.217384 0.0632585
0 2.15385e-16 0.0024652 0.000347567 -0.000142817 6.82315e-05 0.216857 0.0638992
0 2.15385e-16 -0.00183281 -0.000315377 -0.0005932 -5.17804e-05 0.217581 0.0632435
0 2.15385e-16 -0.000598056 -8.6439e-05 -0.00042738 1.01203e-05 0.216733 0.0623388
0 2.15385e-16 0.000330021 -4.95764e-06 -0.000968392 -0.00020174 0.216305 0.0636147
0 2.15385e-16 0.00205451 0.000281808 -0.000674272 8.18438e-05 0.217069 0.063802
0 2.15385e-16 0.00148773 0.000220552 -0.000196907 4.33211e-05 0.216837 0.0639671
0 2.15385e-16 0.00321615 0.000507378 -0.00162206 -0.000382441 0.217958 0.0631225
0 2.15385e-16 0.00036392 9.22894e-05 0.00330671 0.000513154 0.217537 0.0634301
0 2.15385e-16 -0.00040043 -6.67677e-05 0.000669873 6.20208e-06 0.217338 0.0630428
0 2.15385e-16 0.000305572 8.5065e-05 -0.00184713 -0.000389636 0.217137 0.0633896
0 2.15385e-16 0.0026602 0.000508638 -0.00160165 -0.000107377 0.216222 0.063359
0 2.15385e-16 -0.0020905 -0.000308173 0.000552915 0.000222259 0.217022 0.0635654
0 2.15385e-16 0.0036524 0.000563395 -0.000677282 -1.76373e-05 0.216249 0.0631064
0 2.15385e-16 0.00218281 0.000286917 -0.00267601 -0.000395472 0.216059 0.0634492
0 2.15385e-16 -0.00142463 -0.000262956 0.00108239 0.000260343 0.216791 0.0639736
0 2.15385e-16 -0.00106048 -0.000146209 -0.000152129 -0.000116874 0.217354 0.0634404
0 2.15385e-16 -0.0003369 -4.63549e-05 -0.00130295 -0.000274757 0.215658 0.063508
0 2.15385e-16 -0.00156881 -0.000316595 0.00034243 0.000141823 0.217512 0.0628689
0 2.15385e-16 0.00043636 4.73124e-05 0.000235992 0.000178339 0.215841 0.0630928
0 2.15385e-16 0.00250548 0.000407508 -0.00181346 -0.000359263 0.217023 0.0634596
0 2.15385e-16 -0.00238533 -0.000396942 0.00464983 0.000687539 0.215718 0.0625338
0 2.15385e-16 0.000584996 0.00036028 -0.000884304 -0.000246741 0.217568 0.0635785
0 2.15385e-16 -0.00109147 -0.000271337 0.00416743 0.000632121 0.217066 0.06253
0 2.15385e-16 0.00155646 0.000224526 0.00144857 0.000169469 0.217447 0.0631209
0 2.15385e-16 0.00475184 0.00080776 -0.00128104 -0.000242969 0.217465 0.0634149
0 2.15385e-16 0.00350579 0.000572042 0.00105688 0.000182163 0.217238 0.0632722
0 2.15385e-16 -0.00282102 -0.000546714 -0.00191359 -0.000339303 0.218324 0.0639195
0 2.15385e-16 0.0028708 0.000573205 -0.00207273 -0.000256985 0.217579 0.0632989
0 2.15385e-16 -0.000678001 -0.000228639 0.00164111 0.000182386 0.216133 0.0636649
0 2.15385e-16 -0.00207186 -0.000290936 -0.0030553 -0.000582007 0.217193 0.0639277
0 2.15385e-16 -0.00129463 -0.000189751 0.000946764 0.000259216 0.217457 0.0635199
0 2.15385e-16 -0.00198208 -0.000234881 9.29253e-05 -9.95415e-05 0.217367 0.0632516
0 2.15385e-16 0.00240445 0.000440328 -0.00286137 -0.000432922 0.217461 0.0625646
0 2.15385e-16 2.84993e-05 5.46056e-05 0.000686274 -7.09746e-05 0.216182 0.0632577
0 2.15385e-16 -0.000585423 -3.62702e-05 -0.000422398 -9.25671e-05 0.21729 0.0625426
0 2.15385e-16 -0.00259961 -0.000583232 1.25834e-05 3.39336e-05 0.217468 0.0631756
0 2.15385e-16 -0.00300872 -0.000457198 -0.00129809 -0.000129995 0.217202 0.0637206
0 2.15385e-16 0.00143392 0.000311146 -0.00448038 -0.000494457 0.217442 0.0639331
0 2.15385e-16 -0.00431033 -0.000866179 1.67908e-06 -9.92293e-05 0.217627 0.0636531
0 2.15385e-16 -0.00358562 -0.000476919 0.00148065 0.000161354 0.217417 0.0626663
0 2.15385e-16 -0.000346827 9.97957e-06 0.000434488 1.12215e-05 0.216971 0.063195
0 2.15385e-16 0.000457109 1.76262e-05 5.8905e-05 -7.95311e-05 0.216752 0.0625278
0 2.15385e-16 -0.0015415 -0.000344757 0.00190468 0.000304587 0.218212 0.0627142
0 2.15385e-16 -0.000268031 -0.000104765 0.0010939 0.00028159 0.216306 0.0631239
0 2.15385e-16 0.000645946 0.000149031 0.00319658 0.000574759 0.218184 0.0631953
0 2.15385e-16 4.41356e-05 -3.43382e-06 0.000706958 7.50102e-05 0.21601 0.0629148
0 2.15385e-16 -0.000418753 -9.05449e-06 -0.00102237 -5.87178e-05 0.21541 0.0633886
0 2.15385e-16 0.00190638 0.000223686 -0.00346064 -0.000693914 0.216627 0.0631379
0 2.15385e-16 0.00160249 0.000408322 -0.00169993 -0.000316569 0.21692 0.0632162
0 2.15385e-16 0.000489799 -3.56385e-05 9.43671e-05 8.0976e-05 0.216543 0.0633232
0 2.15385e-16 -0.00271159 -0.000458208 -0.00341332 -0.000479033 0.218389 0.0642836
0 2.15385e-16 -0.00343713 -0.000695165 0.000338865 8.1833e-05 0.217363 0.063113
0 2.15385e-16 0.00351108 0.000547033 0.000798994 0.000109079 0.215816 0.0630598
0 2.15385e-16 0.000333796 5.57784e-05 0.000887381 7.06761e-05 0.216312 0.063696
0 2.15385e-16 0.000979235 9.30719e-05 -0.00083328 -0.000106688 0.217465 0.063654
0 2.15385e-16 3.34793e-05 3.66121e-05 -0.00102772 -0.000319498 0.217311 0.0628719
0 2.15385e-16 0.000676346 0.000265041 -0.00205668 -0.000321394 0.21604 0.0635193
0 2.15385e-16 0.000920557 0.000238588 -0.00358044 -0.000595271 0.217756 0.0633342
0 2.15385e-16 0.00226147 0.000454579 0.00024051 0.000113017 0.218257 0.0635725
0 2.15385e-16 -0.000819767 -0.000101744 -0.00356211 -0.000529801 0.217055 0.0640431
0 2.15385e-16 -0.00102609 -0.000286523 0.00159852 0.000291645 0.216986 0.063828
0 2.15385e-16 0.00202648 0.000221443 -0.00143018 -5.99883e-05 0.216445 0.0628579
0 2.15385e-16 -0.00071547 -0.000208611 0.00424346 0.000534521 0.216626 0.0638091
0 2.15385e-16 0.000442301 5.3632e-05 -0.00163157 -0.000268133 0.217978 0.062346
0 2.15385e-16 -0.000930287 -0.000144196 8.56994e-05 9.47647e-05 0.216148 0.0633226
0 2.15385e-16 -0.00058756 -4.92451e-05 0.00109407 0.000190951 0.216991 0.0634843
0 2.15385e-16 -0.00251437 -0.000481015 -8.25229e-05 -3.36704e-05 0.217352 0.063593
0 2.15385e-16 -0.000598202 -7.73946e-05 -0.000335753 5.48828e-06 0.218431 0.0632949
0 2.15385e-16 0.00018288 0.00016301 0.00204242 0.000277257 0.217873 0.0632851
0 2.15385e-16 -3.5388e-05 2.39169e-05 0.00213937 0.000252723 0.217076 0.0634988
0 2.15385e-16 -0.00411435 -0.000750287 0.000533653 -2.91988e-05 0.216233 0.0637609
0 2.15385e-16 -0.000509044 -5.34385e-05 0.000209724 2.66899e-05 0.216375 0.0630098
0 2.15385e-16 9.80765e-05 -2.56007e-05 0.00172463 0.000469345 0.216025 0.0628366
0 2.15385e-16 0.00115111 0.00036073 0.00156104 0.000258811 0.216846 0.0629803
0 2.15385e-16 0.00237644 0.000466387 -0.000512022 -0.000259263 0.216908 0.0632222
0 2.15385e-16 0.00169251 0.000303158 -0.000759275 -0.000127411 0.216585 0.063153
0 2.15385e-16 0.000934797 5.45168e-05 0.00558542 0.000996716 0.218071 0.0633826
0 2.15385e-16 0.00034391 -3.33289e-05 0.00238156 0.000481835 0.217814 0.0636783
0 2.15385e-16 0.00096714 0.000122479 -0.00102534 -0.000256388 0.216579 0.0633408
0 2.15385e-16 0.00386909 0.000743934 5.39632e-05 9.77629e-05 0.217337 0.0630562
0 2.15385e-16 0.000768766 0.000145472 0.00021734 5.03893e-05 0.217153 0.0631795
0 2.15385e-16 7.56834e-06 -1.52964e-05 -0.00167151 -0.000342517 0.216275 0.0638016
0 2.15385e-16 0.0016 0.00029912 -0.00278628 -0.000378698 0.217243 0.0633169
0 2.15385e-16 0.00283872 0.000573713 0.00270575 0.000478295 0.217653 0.0630555
0 2.15385e-16 -0.00120092 -0.00035693 0.000195801 1.91439e-05 0.216445 0.0633935
0 2.15385e-16 0.00106705 0.000233378 0.000924792 6.64784e-05 0.21595 0.0642748
0 2.15385e-16 0.00152931 0.000213869 -0.00154852 -0.000250516 0.217593 0.0636658
0 2.15385e-16 0.000852248 0.000162897 -0.0027051 -0.000327928 0.216646 0.0640654
0 2.15385e-16 -0.00175515 -0.000277715 -0.00272575 -0.000484353 0.216895 0.0642334
0 2.15385e-16 0.000671189 0.00012473 0.00203642 0.000283244 0.216137 0.0631962
0 2.15385e-16 -0.000510034 1.54688e-05 0.00171081 0.000250628 0.21654 0.063092
0 2.15385e-16 0.00200305 0.00034374 0.00297374 0.000375176 0.216181 0.0635155
0 2.15385e-16 -0.000553141 -0.000180951 -0.000261425 -9.77993e-05 0.215572 0.0631547
0 2.15385e-16 9.32086e-05 2.92144e-06 0.00107361 0.000305694 0.215605 0.0631367
0 2.15385e-16 -0.0014262 -0.000320296 -0.000254652 -6.33396e-05 0.217311 0.0632491
0 2.15385e-16 -0.00226976 -0.000313797 -0.00160004 -0.000297823 0.217897 0.0631877
0 2.15385e-16 0.0044975 0.000826675 0.00198424 0.000254865 0.2171 0.0638991
0 2.15385e-16 0.00257849 0.000456285 0.000137817 4.46046e-05 0.216654 0.063571
0 2.15385e-16 0.00174134 0.000223664 0.000154502 -1.38651e-05 0.216347 0.0631393
0 2.15385e-16 0.00114651 0.000164813 -0.00122148 -0.000210104 0.216351 0.0632696
0 2.15385e-16 -0.00201987 -0.0004625 -0.00164178 -0.000287712 0.216462 0.0636215
0 2.15385e-16 -0.00178826 -0.000342589 0.00188555 0.000354214 0.217444 0.0626601
0 2.15385e-16 -0.0026968 -0.000556487 -0.00022934 -3.53327e-05 0.216972 0.0639526
0 2.15385e-16 -0.00269995 -0.000500617 -0.000680954 -0.000209594 0.216707 0.0633001
0 2.15385e-16 0.0013932 0.000233081 -0.00370104 -0.000592267 0.217208 0.0640354
0 2.15385e-16 0.00338744 0.000669262 0.0012483 0.000113058 0.217795 0.0635146
0 2.15385e-16 0.000263531 0.000192533 -0.00178167 -0.000341011 0.216806 0.0634224
0 2.15385e-16 -0.00038914 -0.000160147 0.00232187 0.000415354 0.217114 0.0634648
0 2.15385e-16 -0.00163121 -0.000391631 -0.00245498 -0.000334816 0.216939 0.0646054
0 2.15385e-16 -0.00230781 -0.000501815 0.0020613 0.000278006 0.217089 0.0637383
0 2.15385e-16 0.000358264 -4.60447e-05 0.00143278 0.000182552 0.217868 0.063472
0 2.15385e-16 0.00172063 0.000274891 0.000995808 4.43517e-05 0.216009 0.0638326
0 2.15385e-16 -0.0025682 -0.000343374 0.000885785 1.52786e-05 0.217529 0.0630423
0 2.15385e-16 0.00039033 0.000116185 -0.000428777 -6.87309e-05 0.216095 0.0636604
0 2.15385e-16 -0.0017904 -0.000406146 -0.000297978 -0.000131857 0.217994 0.0630325
0 2.15385e-16 -0.000188186 -3.06938e-05 0.000831781 0.000202954 0.217517 0.0630894
0 2.15385e-16 -7.84137e-05 -5.8157e-06 -0.00402678 -0.000617049 0.21837 0.0632444
0 2.15385e-16 -0.00154539 -0.000192999 -0.000815518 -8.78884e-05 0.217481 0.0632538
0 2.15385e-16 0.00032011 0.000122458 0.00230091 0.000380552 0.217628 0.062601
0 2.15385e-16 0.00179578 0.000308876 -0.000802706 -4.89979e-05 0.215429 0.0631705
0 2.15385e-16 0.00131138 0.000182276 0.000556579 0.000120956 0.216696 0.0633717
0 2.15385e-16 0.00142713 0.000328447 0.00132319 0.000220366 0.217751 0.0628799
0 2.15385e-16 -0.000433414 -5.99224e-05 -0.000220045 -4.55835e-05 0.215635 0.0632815
0 2.15385e-16 -0.00161723 -0.000310824 -0.00238417 -0.000294569 0.217207 0.0637944
0 2.15385e-16 0.000131914 -0.000103046 0.000160213 -1.78379e-05 0.218124 0.0622147
0 2.15385e-16 -0.000451409 3.44744e-06 0.000916223 -2.71583e-05 0.216381 0.0631123
0 2.15385e-16 -0.00158158 -0.000266473 -9.86447e-05 -0.000232251 0.216776 0.0633727
0 2.15385e-16 0.00234155 0.000384869 0.00278012 0.000406412 0.216495 0.0632148
0 2.15385e-16 -0.00225998 -0.000269895 -0.00359103 -0.000574132 0.218589 0.0637684
0 2.15385e-16 -0.00207245 -0.000435538 0.00163747 0.000267149 0.216762 0.0631803
0 2.15385e-16 -0.00140612 -0.000250004 0.000925854 9.9594e-05 0.214908 0.0633998
0 2.15385e-16 -0.00181166 -0.000290676 0.00018396 -5.01381e-05 0.21891 0.0633582
0 2.15385e-16 -0.00166825 -0.000530644 -0.000466155 -0.000112368 0.215692 0.0630014
0 2.15385e-16 0.000907724 5.32703e-05 0.00136865 0.000384595 0.217286 0.0632739
0 2.15385e-16 -0.00294552 -0.000663161 -0.000439763 -8.38768e-05 0.216927 0.0634693
0 2.15385e-16 0.000124557 5.78846e-05 -0.0018887 -0.000347866 0.216089 0.063406
0 2.15385e-16 -0.000933806 -0.000100018 -0.000795037 -0.000152642 0.217648 0.0639859
0 2.15385e-16 -0.00131506 -0.00029829 0.000140703 0.000108476 0.21691 0.063347
0 2.15385e-16 -0.000286422 -4.73976e-05 0.0021736 0.000319367 0.217235 0.0629642
0 2.15385e-16 -0.00258857 -0.000482507 0.000658513 -7.40377e-05 0.216717 0.0633326
0 2.15385e-16 0.00097142 0.000154292 -0.000902538 -9.35263e-05 0.217698 0.0632289
0 2.15385e-16 9.27626e-05 4.25904e-05 -0.000951474 -0.000162167 0.217209 0.063361
0 2.15385e-16 0.000179634 2.09037e-06 0.00145131 0.000180564 0.216992 0.0633413
0 2.15385e-16 0.000869287 4.06717e-05 -0.000485851 -0.000134252 0.21625 0.0636267
0 2.15385e-16 -0.00279501 -0.000492103 -0.00185577 -0.000340336 0.217935 0.0634944
0 2.15385e-16 0.0026627 0.000371905 -0.00289842 -0.000380092 0.217316 0.0635309
0 2.15385e-16 -0.00381445 -0.000799806 8.6022e-05 2.14156e-05 0.218147 0.0632266
0 2.15385e-16 0.00394464 0.000628097 -0.000827372 -0.000164618 0.216005 0.0633966
0 2.15385e-16 -0.00130922 -0.000370987 0.000367176 9.6828e-05 0.217736 0.0630523
0 2.15385e-16 0.00120641 0.000225536 0.000584428 3.54697e-05 0.216966 0.0629433
0 2.15385e-16 0.00111093 0.000185412 0.00220686 0.000309672 0.216194 0.0638145
0 2.15385e-16 0.000903738 5.79196e-05 0.00221196 0.000262674 0.216399 0.0635771
0 2.15385e-16 -0.00169228 -0.000300317 0.00201364 0.000344521 0.216712 0.063781
0 2.15385e-16 0.00274453 0.000405195 0.00103619 0.000147913 0.21678 0.0636349
0 2.15385e-16 -0.00113144 -0.000159258 -0.000241915 -0.000133453 0.215698 0.0637909
0 2.15385e-16 -0.00132134 -0.000251245 -0.00080273 -0.000147777 0.217497 0.0634321
0 2.15385e-16 -0.00308252 -0.000691512 0.00155639 0.000405447 0.217897 0.0632919
0 2.15385e-16 -0.000583861 -6.69874e-05 -0.00223923 -0.000328311 0.217526 0.0635033
0 2.15385e-16 -0.00260917 -0.000543677 -0.000814162 -1.42363e-05 0.219047 0.0631953
0 2.15385e-16 -0.00177635 -0.000301475 0.00115227 0.00013665 0.216044 0.0633525
0 2.15385e-16 -0.00031013 -6.92694e-05 -0.00162868 -0.000263342 0.216811 0.063308
0 2.15385e-16 -0.00243321 -0.000518797 -0.00129909 -0.000238562 0.218596 0.0630738
0 2.15385e-16 -0.00145779 -0.000258438 -0.00223092 -0.000371033 0.21746 0.0636913
0 2.15385e-16 -0.00228125 -0.00051288 -0.0033966 -0.000528305 0.217587 0.0638311
0 2.15385e-16 0.0014991 0.000262413 -0.000416757 -0.000173044 0.216217 0.0634853
0 2.15385e-16 0.00290511 0.00047887 4.4835e-05 -7.03664e-05 0.216497 0.0639561
0 2.15385e-16 0.00246862 0.000425498 0.000879128 8.6213e-05 0.216447 0.0629687
0 2.15385e-16 0.000833312 0.00013083 0.000429134 4.1117e-05 0.215549 0.0629613
0 2.15385e-16 -0.00259683 -0.00039139 0.00235429 0.000461543 0.216822 0.063339
0 2.15385e-16 -0.000547566 -7.46738e-05 -0.00171112 -0.000332308 0.217818 0.0635947
0 2.15385e-16 0.000936523 0.000139826 0.00292417 0.00046197 0.218338 0.0633289
0 2.15385e-16 0.000381062 0.000139626 -0.0042871 -0.000652203 0.217531 0.0636946
0 2.15385e-16 -0.000985792 -9.83459e-05 0.00203922 0.000251625 0.217402 0.0636454
0 2.15385e-16 -0.00200584 -0.000329195 0.000248063 -2.14676e-05 0.217691 0.063414
0 2.15385e-16 0.00370569 0.000662657 -0.00149221 -0.000195063 0.218017 0.0634704
0 2.15385e-16 0.000791541 8.26834e-05 0.000316641 2.94626e-05 0.216254 0.0636908
0 2.15385e-16 0.00244874 0.000471076 0.00213116 0.000260301 0.216431 0.0638679
0 2.15385e-16 0.00016842 4.3492e-05 -0.00267071 -0.000426246 0.217241 0.063749
0 2.15385e-16 0.000530114 -8.70362e-06 -0.00160732 -0.000166998 0.215385 0.0636505
0 2.15385e-16 0.000113808 5.93399e-05 0.00433259 0.000586264 0.216558 0.0635203
0 2.15385e-16 0.000825577 0.000260413 -0.000543533 -4.41251e-05 0.216555 0.0629051
0 2.15385e-16 -0.000928872 -0.000140743 -0.00302065 -0.00051825 0.218599 0.0638971
0 2.15385e-16 0.00020016 -4.47052e-05 0.00187938 0.000268816 0.216853 0.0628132
0 2.15385e-16 -0.00018085 -1.20337e-05 -0.00155332 -0.000403106 0.217498 0.0632478
0 2.15385e-16 -0.000310896 0.000125388 -0.00181903 -0.000336649 0.216144 0.0636743
0 2.15385e-16 0.000707868 0.000160393 -0.00162887 -0.000307843 0.217899 0.0631825
0 2.15385e-16 0.00328174 0.00052487 -0.00118171 -0.000183112 0.216339 0.0636105
0 2.15385e-16 7.74879e-05 5.85245e-05 -0.0013326 -0.00015498 0.216416 0.0631536
0 2.15385e-16 0.00269901 0.000625564 -0.000952331 -0.000298106 0.217369 0.0628929
0 2.15385e-16 -0.000793929 -0.000135765 -0.000313469 -3.95186e-05 0.216449 0.0633571
0 2.15385e-16 0.00042357 -4.31347e-05 -0.000105264 5.18104e-05 0.216368 0.0637946
0 2.15385e-16 -0.00198612 -0.000357269 0.00151579 0.000329796 0.217553 0.0636208
0 2.15385e-16 -0.0015224 -0.000134416 0.000442439 0.00014659 0.217132 0.063357
0 2.15385e-16 0.00112066 0.000167338 -0.00265917 -0.00033235 0.217347 0.0638428
0 2.15385e-16 0.000937174 0.000215535 0.00055672 3.54419e-05 0.21663 0.0632285
0 2.15385e-16 0.00159015 0.000360431 -0.00256054 -0.000361685 0.217625 0.0633494
0 2.15385e-16 0.00284994 0.000433542 0.000375314 9.39076e-05 0.216428 0.0638895
0 2.15385e-16 0.00124967 0.000279305 0.000440102 1.82516e-05 0.216279 0.0636845
0 2.15385e-16 -0.00201569 -0.000356853 -0.000380174 4.67383e-05 0.217457 0.0634087
0 2.15385e-16 0.00143357 0.000274465 -0.000507093 -0.000257821 0.217144 0.0630891
0 2.15385e-16 0.00136869 0.000240374 -0.000103883 -6.96849e-05 0.21689 0.0627274
0 2.15385e-16 0.00367239 0.00060019 0.000476702 1.46637e-05 0.21746 0.062891
0 2.15385e-16 -0.00144586 -0.000306521 0.00114242 7.56076e-05 0.216799 0.0634469
0 2.15385e-16 0.00389183 0.000730706 -0.000789622 -0.000156857 0.216568 0.0630705
0 2.15385e-16 -0.00315013 -0.000524303 0.00136794 0.000289843 0.216177 0.0638339
0 2.15385e-16 0.000766777 9.98441e-05 -0.00106739 -0.000310386 0.217484 0.0628705
0 2.15385e-16 0.000139683 0.00015751 0.000123239 1.96896e-05 0.21641 0.0623209
0 2.15385e-16 0.00138918 0.000241557 0.000207385 5.84673e-05 0.216042 0.0634516
0 2.15385e-16 0.00097365 0.000108729 -0.000456268 -0.000123327 0.216176 0.0629699
0 2.15385e-16 0.00052993 0.000114383 -0.00399926 -0.000517065 0.218041 0.0644143
0 2.15385e-16 0.00231599 0.00035624 -0.00120239 -0.000293381 0.217422 0.0629554
0 2.15385e-16 0.00286994 0.00050331 0.0018579 0.000201889 0.216218 0.0633603
0 2.15385e-16 0.000788536 -9.89398e-05 -0.00328047 -0.000533708 0.216815 0.0642255
0 2.15385e-16 0.00106134 0.000218413 0.00292996 0.000275154 0.216919 0.0632709
0 2.15385e-16 0.00431006 0.000800844 0.00142554 0.000439101 0.216902 0.0640259
0 2.15385e-16 0.00154845 0.00022866 -0.000810664 -0.00019064 0.21632 0.0633447
0 2.15385e-16 -0.00309985 -0.000541628 -0.00186846 -0.000205457 0.217854 0.0638161
0 2.15385e-16 -0.000406098 -9.74156e-05 -0.00223858 -0.000401847 0.217838 0.0639018
0 2.15385e-16 0.000918154 0.000162662 -7.24323e-05 -1.98982e-05 0.217309 0.063096
0 2.15385e-16 -0.000610815 -0.000170181 -0.000892885 -6.0001e-05 0.21611 0.0635869
0 2.15385e-16 0.000530474 0.000148057 0.00301309 0.000383692 0.216782 0.0632604
0 2.15385e-16 -0.000387108 -3.46379e-05 0.00162376 0.000237035 0.218015 0.063627
0 2.15385e-16 0.00068347 0.000140375 -0.000110317 -5.33006e-05 0.217803 0.0629109
0 2.15385e-16 0.00462181 0.000805657 -0.0005407 -0.0001643 0.216473 0.0630774
0 2.15385e-16 -0.000767709 -0.000154024 -0.000201504 3.7628e-05 0.216526 0.0637241
0 2.15385e-16 0.00203921 0.000387986 0.000844547 0.000107535 0.215745 0.0631282
0 2.15385e-16 -0.00173216 -0.00030794 0.00529657 0.000807085 0.216238 0.0634295
0 2.15385e-16 -0.000799024 -0.000275193 0.00111878 0.000198164 0.217505 0.0632211
0 2.15385e-16 0.00278474 0.000438448 0.000407593 -7.88274e-06 0.217153 0.06353
0 2.15385e-16 0.00333144 0.000646591 -0.00299379 -0.000410681 0.217245 0.0636536
0 2.15385e-16 -0.00116688 -0.000239335 -0.000428989 -1.73011e-05 0.217391 0.0631082
0 2.15385e-16 -0.000634499 -0.000128961 -0.00120708 -0.000173382 0.215633 0.0639011
0 2.15385e-16 0.00258347 0.000378163 -0.00188856 -0.000422648 0.215554 0.0627609
0 2.15385e-16 0.00146247 0.000172975 -0.00236329 -0.000419238 0.218037 0.0636591
0 2.15385e-16 -0.00104878 -0.000137497 0.000298571 0.000176145 0.216265 0.0642151
0 2.15385e-16 0.000424446 -3.08426e-05 0.00385164 0.000640757 0.217731 0.0633748
0 2.15385e-16 -0.00115964 -0.00014966 -0.00276957 -0.000401083 0.21826 0.0642816
0 2.15385e-16 0.00193589 0.000412071 0.00276526 0.000660105 0.217069 0.0628561
0 2.15385e-16 0.00118318 0.000219798 -0.00239074 -0.000360651 0.216813 0.0636174
0 2.15385e-16 0.001632 0.000346779 -0.00122355 -0.000204095 0.216642 0.0635613
0 2.15385e-16 0.00130232 0.000118849 -0.0042184 -0.000809572 0.217876 0.0634128
0 2.15385e-16 -0.00138603 -0.000229308 -0.00208357 -0.000262813 0.216912 0.0640488
0 2.15385e-16 -0.00122505 -0.000182781 0.00240692 0.000441246 0.217467 0.0631417
0 2.15385e-16 0.00335949 0.000551234 -0.00276641 -0.000490724 0.217285 0.0629376
0 2.15385e-16 -0.00125231 -0.000342515 0.00189189 0.000358733 0.217263 0.063149
0 2.15385e-16 0.00121468 0.000234697 -0.00365582 -0.000633728 0.217787 0.0638912
0 2.15385e-16 0.000453935 0.000146026 0.00113269 0.00014357 0.216615 0.0632999
0 2.15385e-16 -0.000508431 -8.11668e-05 -0.0014475 -0.000137296 0.218481 0.0631058
0 2.15385e-16 -0.000115097 -0.000115454 -0.00266375 -0.000547753 0.217327 0.0634184
0 2.15385e-16 0.00055995 8.71344e-05 -0.0016978 -0.000282098 0.215729 0.0639001
0 2.15385e-16 0.00242454 0.000670522 0.000270169 4.32145e-05 0.218082 0.06283
0 2.15385e-16 0.00207231 0.000471704 0.000722411 0.000152577 0.216165 0.063257
0 2.15385e-16 0.00268149 0.000572002 0.00227096 0.000429151 0.216934 0.0631007
0 2.15385e-16 0.00101461 0.000148433 -0.00186523 -0.000337484 0.21632 0.0632625
0 2.15385e-16 0.00135856 0.000225861 0.00348417 0.000458861 0.217689 0.0630049
0 2.15385e-16 -0.000955152 -0.000136115 -0.00226324 -0.000446554 0.217462 0.0636821
0 2.15385e-16 -0.000123426 1.08954e-05 -0.00194723 -0.000241415 0.216453 0.0636889
0 2.15385e-16 0.00206748 0.000417573 0.00128003 0.00027763 0.216933 0.0631801
0 2.15385e-16 0.00194718 0.000303145 -0.000317809 -1.99066e-06 0.21649 0.0634034
0 2.15385e-16 -0.00159427 -0.000364614 0.000147847 -5.08867e-05 0.216366 0.0632653
0 2.15385e-16 0.000543977 0.000128313 0.00246429 0.000289216 0.215934 0.0633434
0 2.15385e-16 0.00104117 0.000132337 0.00172875 0.000436907 0.217068 0.0635237
0 2.15385e-16 0.00216087 0.000332681 -0.000204169 3.0722e-05 0.217071 0.0632259
0 2.15385e-16 -0.00160136 -0.000178813 -0.000676178 -0.0001359 0.21661 0.0641267
0 2.15385e-16 -0.000396466 -8.81025e-05 -0.00208598 -0.000229276 0.215539 0.0639446
0 2.15385e-16 0.000690068 6.50522e-05 0.00110957 0.000112401 0.21631 0.0632312
0 2.15385e-16 -0.00114564 -0.000334403 -7.38925e-05 2.91006e-05 0.216146 0.0639263
0 2.15385e-16 0.000145165 7.08481e-05 -0.00110147 -0.000151705 0.216274 0.0634692
0 2.15385e-16 -0.00191043 -0.000481051 -0.000233144 3.66624e-05 0.21687 0.0628104
0 2.15385e-16 0.00140092 9.6249e-05 -0.000394861 -5.08789e-06 0.217555 0.0637324
0 2.15385e-16 -0.000770184 -0.000103502 -0.0021157 -0.000503138 0.217269 0.0627602
0 2.15385e-16 0.000670191 0.000244388 1.2239e-05 4.51429e-05 0.215415 0.0635769
0 2.15385e-16 -9.78283e-05 -1.62331e-05 0.00201751 0.000371444 0.216142 0.0635947
0 2.15385e-16 -0.00160813 -0.000226563 0.00253886 0.000570894 0.216039 0.0629019
0 2.15385e-16 0.0012862 0.000205345 -0.00163909 -0.000168518 0.216688 0.0633779
0 2.15385e-16 -0.000140508 -0.000139465 0.000585768 0.000193968 0.215855 0.0637087
0 2.15385e-16 0.000144374 6.30766e-05 0.000774573 -1.80721e-05 0.216279 0.0628437
0 2.15385e-16 -0.00305875 -0.000631045 -0.000402284 -5.90773e-05 0.216868 0.0631771
0 2.15385e-16 -0.00272647 -0.000557501 -0.00139093 -0.000270219 0.218255 0.064069
0 2.15385e-16 -0.000901302 -8.43749e-05 0.00100858 0.000222047 0.216658 0.0634923
0 2.15385e-16 -0.000640777 -0.000162727 -0.00175344 -0.000260213 0.217187 0.0631967
0 2.15385e-16 -0.00178396 -0.000298269 -0.00394706 -0.000794737 0.218241 0.0628762
0 2.15385e-16 0.00230633 0.000336888 0.000485928 0.000119433 0.216679 0.0625845
0 2.15385e-16 -0.0008859 -1.76209e-05 0.00193818 0.000361705 0.217168 0.0635702
0 2.15385e-16 0.00191273 0.000338614 0.00299281 0.00055093 0.218242 0.0627391
0 2.15385e-16 -0.00369565 -0.000564543 0.00138696 0.000144486 0.217289 0.0643812
0 2.15385e-16 0.00150931 0.00028233 0.000257878 3.82969e-05 0.217588 0.0635712
0 2.15385e-16 0.00122164 0.000177594 -0.00415467 -0.000675055 0.217241 0.0638352
0 2.15385e-16 -0.00150831 -0.000289726 0.00137194 7.197e-05 0.217331 0.0638499
0 2.15385e-16 -0.000835769 -0.000155452 -0.000546592 1.16868e-05 0.217544 0.063228
0 2.15385e-16 -0.00228848 -0.000453164 -0.000652741 -0.000134869 0.216598 0.0633378
0 2.15385e-16 -0.000904268 -0.000119422 -0.00154734 -0.000289151 0.217144 0.0632214
0 2.15385e-16 -0.00245524 -0.000327752 0.00166456 0.000222669 0.217068 0.063988
0 2.15385e-16 0.000826846 9.09077e-05 -0.00233962 -0.000328036 0.216576 0.063555
0 2.15385e-16 6.23345e-05 -3.44095e-05 3.34038e-05 0.000176887 0.217258 0.063284
0 2.15385e-16 -0.00371574 -0.000549579 0.000110753 7.49214e-05 0.217577 0.0631725
0 2.15385e-16 0.000423435 0.000101151 -0.0022409 -0.00024094 0.218144 0.0625108
0 2.15385e-16 -0.00149092 -0.000336092 0.000253609 9.29545e-05 0.216397 0.0632372
0 2.15385e-16 -0.000478571 -6.32638e-05 0.000703741 0.000121489 0.215463 0.0632057
0 2.15385e-16 -6.41742e-05 -0.000119257 0.00255192 0.000294849 0.216578 0.0632444
0 2.15385e-16 -0.00160158 -0.000373371 0.00383365 0.000663513 0.216389 0.0634459
0 2.15385e-16 0.000638989 0.000145807 0.00485069 0.000836897 0.216291 0.0632883
0 2.15385e-16 -0.000629252 -0.000151705 -0.00127901 -0.000269462 0.215562 0.0634965
0 2.15385e-16 0.00252834 0.000291288 -0.00117206 -0.000140851 0.217643 0.0627636
0 2.15385e-16 -0.000872768 -0.000230733 0.00160142 0.000293832 0.217778 0.0629052
0 2.15385e-16 -0.00447957 -0.000883384 -0.000763057 -0.000259248 0.216928 0.0632222
0 2.15385e-16 -0.000956144 -6.25993e-05 -0.000505046 -0.000181883 0.216939 0.0627666
0 2.15385e-16 -0.00116175 -0.000246887 -7.78232e-05 1.13398e-05 0.21653 0.0629686
0 2.15385e-16 0.00324929 0.00059181 0.000725577 5.4018e-05 0.217639 0.062027
0 2.15385e-16 0.00281271 0.000464392 0.0018026 0.00030614 0.21638 0.0635345
0 2.15385e-16 0.00311899 0.000457369 -0.00057958 1.24187e-05 0.217392 0.0634045
0 2.15385e-16 0.00050884 0.000211062 -0.00143405 -0.000329671 0.216975 0.0626562
0 2.15385e-16 0.00044764 7.77288e-06 -0.00310233 -0.000676305 0.217128 0.0627626
0 2.15385e-16 -0.00198371 -0.000267214 0.0012133 0.000122927 0.217102 0.0638906
0 2.15385e-16 -0.00200917 -0.000416397 -0.00190708 -0.000336646 0.217479 0.0636006
0 2.15385e-16 -0.000194959 -5.79587e-07 -0.00388148 -0.000673329 0.218213 0.0627932
0 2.15385e-16 -0.00376453 -0.000661374 -0.000786448 -0.000313292 0.216429 0.0641039
0 2.15385e-16 0.00235219 0.000362409 0.000180303 3.71472e-05 0.216723 0.0636237
0 2.15385e-16 -0.00212353 -0.000399928 -0.00148556 -0.000218247 0.218283 0.0634832
0 2.15385e-16 -0.00137109 -0.000198907 -6.81475e-05 9.18331e-05 0.216867 0.0630607
0 2.15385e-16 -0.00146474 -0.000298506 -0.0018708 -0.000240403 0.217269 0.0634156
0 2.15385e-16 0.001749 0.000239027 0.000326924 9.0207e-05 0.21561 0.0632331
0 2.15385e-16 -0.00035044 -7.38126e-05 0.00148155 0.00011855 0.217598 0.0636891
0 2.15385e-16 0.00128118 0.000259548 0.000598848 8.38931e-06 0.215889 0.0637077
0 2.15385e-16 -0.000309188 -2.36523e-05 -0.000771556 -0.000200742 0.217607 0.0635762
0 2.15385e-16 0.00278455 0.000485232 -0.00487386 -0.000816366 0.218104 0.0640024
0 2.15385e-16 -0.0015324 -0.000318529 -0.000974171 -7.52159e-05 0.217491 0.0638128
0 2.15385e-16 -0.00189058 -0.000315422 -0.000634834 -0.000174888 0.216252 0.0638369
0 2.15385e-16 0.00286908 0.000505054 -0.00342748 -0.000617351 0.216993 0.0625084
0 2.15385e-16 -0.00119999 -0.000221722 -0.000598026 -9.62288e-05 0.216994 0.0638415
0 2.15385e-16 -0.000410079 3.24096e-05 1.94962e-05 -5.17612e-05 0.217289 0.0633481
0 2.15385e-16 -0.000461459 -5.24288e-05 0.000447748 1.33561e-05 0.216092 0.0631482
0 2.15385e-16 -0.000540416 -8.83819e-05 0.00190008 0.000300879 0.216575 0.0633947
0 2.15385e-16 -0.000744872 -0.000125247 -0.00198036 -0.000368044 0.217867 0.0635115
0 2.15385e-16 0.0010542 4.56965e-05 -9.1882e-05 -2.46281e-05 0.216748 0.0630116
0 2.15385e-16 0.000248131 2.14538e-05 0.00037319 -1.60911e-06 0.216851 0.0629541
0 2.15385e-16 0.00161403 0.000245557 0.000984534 7.44604e-05 0.217991 0.064057
0 2.15385e-16 0.000231585 4.02967e-05 -0.00324622 -0.000657786 0.217711 0.0629843
0 2.15385e-16 0.00300907 0.000592519 -0.00153517 -0.000300907 0.217312 0.0637267
0 2.15385e-16 0.000609363 0.000194351 0.00374359 0.00068134 0.216365 0.0628431
0 2.15385e-16 -0.000667882 7.68323e-06 -0.000172161 -2.00931e-05 0.216419 0.0633624
0 2.15385e-16 -0.00114811 -9.42461e-05 0.000646103 0.000103237 0.216322 0.0626842
0 2.15385e-16 -0.000408228 -0.000105653 -0.000934561 -0.000218772 0.215623 0.0629672
0 2.15385e-16 0.00275711 0.000539008 0.000882807 0.000102393 0.217705 0.0634088
0 2.15385e-16 -0.000218739 -0.000145355 -0.000737955 -8.53141e-05 0.21789 0.0623383
0 2.15385e-16 -0.00228018 -0.000332515 -0.00250971 -0.000336815 0.217811 0.0642912
0 2.15385e-16 0.00191051 0.000363154 0.00259422 0.000487557 0.216196 0.0631035
0 2.15385e-16 0.000295523 5.69483e-05 0.00276994 0.000442772 0.217096 0.0627215
0 2.15385e-16 -0.0017923 -0.000263682 -0.000340307 -1.45959e-05 0.21605 0.0638395
0 2.15385e-16 0.00134834 0.000212512 0.000452964 -0.000146473 0.217536 0.0632969
0 2.15385e-16 -0.00228199 -0.000443559 0.00160464 0.000359459 0.2171 0.0627553
0 2.15385e-16 0.000758984 0.000173627 0.000217342 4.92241e-05 0.216515 0.0626649
0 2.15385e-16 7.25763e-05 0.000111361 0.000354109 8.66863e-05 0.217182 0.0638209
0 2.15385e-16 -0.00262035 -0.000530178 -0.00156031 -0.000291788 0.217365 0.0630924
0 2.15385e-16 -0.00116941 -0.000229835 0.00102746 8.46236e-05 0.215958 0.0631975
0 2.15385e-16 -0.00254543 -0.000519886 -6.26007e-05 7.61633e-05 0.217678 0.0636547
0 2.15385e-16 0.00293858 0.000275333 0.000790639 -8.44384e-05 0.216591 0.0636792
0 2.15385e-16 -0.00083345 -3.00597e-05 0.000633242 0.000108954 0.216511 0.0635195
0 2.15385e-16 -0.00198893 -0.000421098 0.00072317 5.03603e-05 0.216152 0.0630915
0 2.15385e-16 0.00148625 0.000235598 -0.000938553 -6.76901e-06 0.21694 0.0634451
0 2.15385e-16 -0.00100353 -0.000151153 -0.00138362 -6.93909e-05 0.217798 0.0636536
0 2.15385e-16 -0.000859452 -0.000182975 0.000841033 0.000287533 0.217268 0.0633695
0 2.15385e-16 -0.00156521 -0.000328819 -0.00212994 -0.000312319 0.218294 0.0634943
0 2.15385e-16 -0.00119172 -0.000295872 0.0013521 0.000253622 0.217884 0.0629667
0 2.15385e-16 -0.00178315 -0.000239603 0.00274136 0.000395042 0.21665 0.0632453
0 2.15385e-16 -0.00217158 -0.000401392 0.000360891 -9.77039e-06 0.217982 0.0628453
0 2.15385e-16 0.000726394 0.000175387 -0.000288948 -6.10248e-05 0.216406 0.0636344
0 2.15385e-16 -0.00168391 -0.000199011 0.000176862 6.757e-06 0.21759 0.0627926
0 2.15385e-16 -0.00242857 -0.000452588 -0.000758374 -7.35839e-05 0.217447 0.0637204
0 2.15385e-16 -0.00176565 -0.000268599 0.00256383 0.000527495 0.218063 0.0633063
0 2.15385e-16 -0.00062437 -0.00011742 -0.000153769 -0.000148594 0.217166 0.0631813
0 2.15385e-16 -0.00166729 -0.000391466 0.00328511 0.000556654 0.215618 0.0631333
0 2.15385e-16 0.00167499 0.000276992 -0.00180529 -0.000271464 0.217483 0.0635347
0 2.15385e-16 -0.00123224 -0.000203656 0.00130482 0.000275048 0.21624 0.0625809
0 2.15385e-16 -0.000935844 -0.000176746 -0.00178939 -0.000251756 0.216727 0.0629834
0 2.15385e-16 0.00367899 0.000628379 -0.000854989 -3.75785e-05 0.217604 0.0640705
0 2.15385e-16 0.0011959 0.000173132 0.00116139 0.000155474 0.217639 0.0637538
0 2.15385e-16 0.00019274 9.54665e-05 -0.000836226 -8.9515e-05 0.216662 0.0634448
0 2.15385e-16 9.09206e-05 5.23783e-05 -0.00417105 -0.000851074 0.218311 0.0629248
0 2.15385e-16 0.00255717 0.00039896 -7.86975e-05 -7.97417e-05 0.21728 0.0634933
0 2.15385e-16 -0.000309405 -0.000147209 0.00159796 0.0001845 0.217628 0.0629489
0 2.15385e-16 -0.000703107 -0.000199474 -0.00207641 -0.000363534 0.217645 0.0635585
0 2.15385e-16 -0.000508457 -4.12149e-05 0.000246681 -1.25017e-06 0.216279 0.0638425
0 2.15385e-16 0.000146695 -2.77631e-05 0.000248276 -5.83936e-05 0.215592 0.0625368
0 2.15385e-16 -0.000594761 -9.09041e-05 -0.00104959 -3.91245e-05 0.217835 0.0628363
0 2.15385e-16 -0.000285031 3.13095e-05 0.00179031 0.00022771 0.216889 0.0636889
0 2.15385e-16 -0.000927318 -0.000191917 0.00141335 0.000266026 0.216122 0.0633307
0 2.15385e-16 -0.00166219 -0.000412642 0.00110135 0.000129014 0.216679 0.0630363
0 2.15385e-16 -0.00190228 -0.000308079 1.72939e-05 -6.10657e-05 0.217725 0.062669
0 2.15385e-16 -0.000756497 -0.000111461 0.00211711 0.000270275 0.216808 0.0636008
0 2.15385e-16 -0.000616209 -8.93949e-05 0.00221988 0.000389154 0.216466 0.0633156
0 2.15385e-16 -0.00569224 -0.000891852 0.00235964 0.000332048 0.217028 0.0637181
0 2.15385e-16 -0.00228939 -0.000416935 -0.00136075 -0.000378052 0.217276 0.0632652
0 2.15385e-16 0.000954143 0.000189794 -0.00022743 -1.19704e-05 0.216826 0.0632251
0 2.15385e-16 0.000289349 -8.02261e-05 0.00029779 0.000153169 0.216232 0.063222
0 2.15385e-16 0.00029235 4.36172e-05 -0.00274112 -0.00049054 0.217315 0.0636916
0 2.15385e-16 0.00151365 0.000200439 -0.000662166 -0.000236085 0.216281 0.0636761
0 2.15385e-16 -0.00249339 -0.000449979 -0.0033546 -0.000504628 0.218661 0.0642606
0 2.15385e-16 -0.00250803 -0.000567966 0.00190738 0.000317139 0.217086 0.0628289
0 2.15385e-16 -0.00032483 3.57016e-05 -0.00223468 -0.000309008 0.217976 0.0633337
0 2.15385e-16 -0.00101133 -0.000147923 0.00174641 0.000214644 0.215882 0.0637098
0 2.15385e-16 0.000899594 8.39969e-05 0.000295554 6.42207e-05 0.215187 0.0638869
0 2.15385e-16 0.0036054 0.000613706 -0.000658017 -0.000101188 0.217541 0.063782
0 2.15385e-16 0.000476997 -4.22091e-05 0.000186384 0.00012409 0.216417 0.0626445
0 2.15385e-16 0.000323398 0.000173291 0.000312466 2.48529e-05 0.216878 0.0635524
0 2.15385e-16 -0.00458755 -0.000824981 0.00140927 0.000202711 0.218417 0.0630768
0 2.15385e-16 0.00130062 6.40326e-05 -0.00104976 -0.000105786 0.215546 0.0629263
0 2.15385e-16 -0.002916 -0.000451324 -0.00112897 -0.000106098 0.217208 0.0634106
0 2.15385e-16 6.22906e-05 -8.64749e-05 0.00169534 0.000141459 0.216845 0.0630418
0 2.15385e-16 -0.000215531 2.39126e-05 0.000605665 5.45553e-05 0.216717 0.0633851
0 2.15385e-16 0.00101333 0.000162944 0.000786579 0.000130935 0.217766 0.0628338
0 2.15385e-16 0.000672254 9.40735e-05 0.000960548 0.000168505 0.216471 0.0628928
0 2.15385e-16 0.000180821 3.90685e-05 -9.29206e-05 7.81742e-05 0.216208 0.0625996
0 2.15385e-16 -0.00101197 -0.000206135 0.00282281 0.000476922 0.216584 0.0629005
0 2.15385e-16 0.00274285 0.000505147 0.00225106 0.000357133 0.217605 0.0628129
0 2.15385e-16 -0.000771963 -7.97826e-05 0.00217507 0.000364086 0.215566 0.0636062
0 2.15385e-16 0.00109407 0.000291458 0.00386053 0.000533488 0.217222 0.0631021
0 2.15385e-16 4.49562e-05 -2.09411e-05 0.00114564 0.000292945 0.216526 0.0638868
0 2.15385e-16 -0.00139357 -0.000242257 0.00280962 0.000488796 0.217796 0.0625757
0 2.15385e-16 -0.00179482 -0.000291771 -0.000391166 -2.26462e-05 0.217609 0.0631867
0 2.15385e-16 0.00212942 0.000290498 0.000508822 0.00011361 0.217936 0.0636023
0 2.15385e-16 0.00169207 0.000371988 0.00185127 0.000234783 0.217142 0.0631174
0 2.15385e-16 0.00239325 0.000501444 0.00161264 0.000206337 0.216469 0.0634292
0 2.15385e-16 0.00270792 0.000423901 -0.0012856 -0.000136146 0.217616 0.0631323
0 2.15385e-16 0.00137566 6.61599e-05 0.00386933 0.000595419 0.217112 0.0634556
0 2.15385e-16 0.001288 0.000309019 -0.00261879 -0.000398267 0.218059 0.0625465
0 2.15385e-16 0.00148534 0.00029242 0.00255167 0.000417295 0.216718 0.0630762
0 2.15385e-16 0.0031131 0.000536187 0.000418661 5.75652e-05 0.217308 0.0631842
0 2.15385e-16 0.00126355 0.000154549 0.000521344 0.000193422 0.216777 0.064009
0 2.15385e-16 -6.43957e-05 -0.000126378 -0.000536781 -2.34765e-05 0.217754 0.0634472
0 2.15385e-16 0.000919939 8.90764e-05 0.000294983 9.48222e-06 0.216833 0.064042
0 2.15385e-16 0.00276945 0.000496522 -0.00193415 -0.000164055 0.217229 0.0636622
0 2.15385e-16 0.00415262 0.000647141 0.000116461 1.2393e-05 0.217265 0.0638922
0 2.15385e-16 -0.00148354 -0.000341461 0.000659363 0.000140231 0.216976 0.0626818
0 2.15385e-16 9.40245e-05 3.32102e-05 0.00125199 0.000249807 0.217256 0.0631327
0 2.15385e-16 -0.00141319 -0.00019907 0.002935 0.000477404 0.216329 0.0638787
0 2.15385e-16 -0.00107051 -0.000333303 -0.000359284 -5.76236e-05 0.21659 0.0639092
0 2.15385e-16 -0.00309663 -0.000507315 -0.00220067 -0.000388756 0.218478 0.0634905
0 2.15385e-16 -0.00158547 -0.000352862 -0.00204773 -0.000375004 0.217497 0.0637297
0 2.15385e-16 0.00128304 0.000173732 0.00245858 0.000382596 0.217268 0.0634055
0 2.15385e-16 0.00266533 0.00044203 -0.00295033 -0.000450275 0.216888 0.0632704
0 2.15385e-16 0.00330205 0.00051408 -0.000258144 -0.00017181 0.216477 0.0635453
0 2.15385e-16 0.000237656 -6.17405e-05 -0.000160006 -8.00745e-05 0.21605 0.0632982
0 2.15385e-16 -0.000620713 -0.000113079 -0.000988051 -0.000153534 0.217265 0.0645037
0 2.15385e-16 -0.00190166 -0.000299059 0.000369462 2.59105e-06 0.216476 0.0632216
0 2.15385e-16 -0.00304343 -0.000494084 0.00119228 4.88616e-05 0.217018 0.0636113
0 2.15385e-16 0.00114466 0.000211619 0.00137342 0.000212435 0.217259 0.0627786
0 2.15385e-16 -0.000456568 -8.818e-05 0.00218944 0.000239389 0.217092 0.0632856
0 2.15385e-16 0.00059993 0.000161885 0.000980854 0.00014175 0.215721 0.0633663
